error_margins,judge_model_name,judge_reasoning,judgment_id,max_possible_score,normalized_score,provided_psychometric_rationale,response_id,scores,stimulus_id,target_model_name,task_id,total_score,task_type,curve_family,irt_model,style_profile_id,visual,render_engine,theme
"{'irt_model': {'expected': '1PL', 'observed': '1PL'}}",deterministic_reference_rubric_v1,"Parsed target JSON, compared fields to stored ground truth, and applied fixed rubric thresholds.",1pl_001_icc__matplotlib_light__model_identification__oracle__deterministic_judge,3,1.0,True,1pl_001_icc__matplotlib_light__model_identification__oracle,"{'field_scores': {'irt_model': 1}, 'reasoning_score': 2}",1pl_001_icc__matplotlib_light,local_oracle_baseline,1pl_001_icc__matplotlib_light__model_identification,3,model_identification,dichotomous_icc,1PL,matplotlib_light,"{'color_palette': 'tab10', 'gridlines': 'standard', 'height_px': 750, 'image_format': 'png', 'image_path': 'data/benchmark/images/1pl_001_icc__matplotlib_light.png', 'legend_position': 'best', 'line_width': 2.4, 'num_rendered_lines': 1, 'render_engine': 'matplotlib', 'style_context': 'default', 'style_profile_id': 'matplotlib_light', 'theme': 'light', 'tick_density': 'standard', 'width_px': 1125, 'x_axis': {'label': 'Ability (theta)', 'max': 4.0, 'min': -4.0}, 'y_axis': {'label': 'Probability of keyed response', 'max': 1.02, 'min': 0.0}}",matplotlib,light
"{'irt_model': {'expected': '1PL', 'observed': '1PL'}}",deterministic_reference_rubric_v1,"Parsed target JSON, compared fields to stored ground truth, and applied fixed rubric thresholds.",1pl_001_icc__matplotlib_light__model_identification__noisy__deterministic_judge,3,0.6667,True,1pl_001_icc__matplotlib_light__model_identification__noisy,"{'field_scores': {'irt_model': 1}, 'reasoning_score': 1}",1pl_001_icc__matplotlib_light,local_noisy_baseline,1pl_001_icc__matplotlib_light__model_identification,2,model_identification,dichotomous_icc,1PL,matplotlib_light,"{'color_palette': 'tab10', 'gridlines': 'standard', 'height_px': 750, 'image_format': 'png', 'image_path': 'data/benchmark/images/1pl_001_icc__matplotlib_light.png', 'legend_position': 'best', 'line_width': 2.4, 'num_rendered_lines': 1, 'render_engine': 'matplotlib', 'style_context': 'default', 'style_profile_id': 'matplotlib_light', 'theme': 'light', 'tick_density': 'standard', 'width_px': 1125, 'x_axis': {'label': 'Ability (theta)', 'max': 4.0, 'min': -4.0}, 'y_axis': {'label': 'Probability of keyed response', 'max': 1.02, 'min': 0.0}}",matplotlib,light
"{'irt_model': {'expected': '1PL', 'observed': '2PL'}}",deterministic_reference_rubric_v1,"Parsed target JSON, compared fields to stored ground truth, and applied fixed rubric thresholds.",1pl_001_icc__matplotlib_light__model_identification__blind__deterministic_judge,3,0.3333,True,1pl_001_icc__matplotlib_light__model_identification__blind,"{'field_scores': {'irt_model': 0}, 'reasoning_score': 1}",1pl_001_icc__matplotlib_light,local_blind_baseline,1pl_001_icc__matplotlib_light__model_identification,1,model_identification,dichotomous_icc,1PL,matplotlib_light,"{'color_palette': 'tab10', 'gridlines': 'standard', 'height_px': 750, 'image_format': 'png', 'image_path': 'data/benchmark/images/1pl_001_icc__matplotlib_light.png', 'legend_position': 'best', 'line_width': 2.4, 'num_rendered_lines': 1, 'render_engine': 'matplotlib', 'style_context': 'default', 'style_profile_id': 'matplotlib_light', 'theme': 'light', 'tick_density': 'standard', 'width_px': 1125, 'x_axis': {'label': 'Ability (theta)', 'max': 4.0, 'min': -4.0}, 'y_axis': {'label': 'Probability of keyed response', 'max': 1.02, 'min': 0.0}}",matplotlib,light
"{'a': 0.0, 'b': 0.0, 'c': 0.0, 'd': 0.0, 'irt_model': {'expected': '1PL', 'observed': '1PL'}}",deterministic_reference_rubric_v1,"Parsed target JSON, compared fields to stored ground truth, and applied fixed rubric thresholds.",1pl_001_icc__matplotlib_light__parameter_estimation__oracle__deterministic_judge,15,1.0,True,1pl_001_icc__matplotlib_light__parameter_estimation__oracle,"{'field_scores': {'a': 3, 'b': 3, 'c': 3, 'd': 3, 'irt_model': 1}, 'reasoning_score': 2}",1pl_001_icc__matplotlib_light,local_oracle_baseline,1pl_001_icc__matplotlib_light__parameter_estimation,15,parameter_estimation,dichotomous_icc,1PL,matplotlib_light,"{'color_palette': 'tab10', 'gridlines': 'standard', 'height_px': 750, 'image_format': 'png', 'image_path': 'data/benchmark/images/1pl_001_icc__matplotlib_light.png', 'legend_position': 'best', 'line_width': 2.4, 'num_rendered_lines': 1, 'render_engine': 'matplotlib', 'style_context': 'default', 'style_profile_id': 'matplotlib_light', 'theme': 'light', 'tick_density': 'standard', 'width_px': 1125, 'x_axis': {'label': 'Ability (theta)', 'max': 4.0, 'min': -4.0}, 'y_axis': {'label': 'Probability of keyed response', 'max': 1.02, 'min': 0.0}}",matplotlib,light
"{'a': 0.2066, 'b': 0.0544, 'c': 0.0663, 'd': 0.1154, 'irt_model': {'expected': '1PL', 'observed': '1PL'}}",deterministic_reference_rubric_v1,"Parsed target JSON, compared fields to stored ground truth, and applied fixed rubric thresholds.",1pl_001_icc__matplotlib_light__parameter_estimation__noisy__deterministic_judge,15,0.8667,True,1pl_001_icc__matplotlib_light__parameter_estimation__noisy,"{'field_scores': {'a': 2, 'b': 3, 'c': 3, 'd': 3, 'irt_model': 1}, 'reasoning_score': 1}",1pl_001_icc__matplotlib_light,local_noisy_baseline,1pl_001_icc__matplotlib_light__parameter_estimation,13,parameter_estimation,dichotomous_icc,1PL,matplotlib_light,"{'color_palette': 'tab10', 'gridlines': 'standard', 'height_px': 750, 'image_format': 'png', 'image_path': 'data/benchmark/images/1pl_001_icc__matplotlib_light.png', 'legend_position': 'best', 'line_width': 2.4, 'num_rendered_lines': 1, 'render_engine': 'matplotlib', 'style_context': 'default', 'style_profile_id': 'matplotlib_light', 'theme': 'light', 'tick_density': 'standard', 'width_px': 1125, 'x_axis': {'label': 'Ability (theta)', 'max': 4.0, 'min': -4.0}, 'y_axis': {'label': 'Probability of keyed response', 'max': 1.02, 'min': 0.0}}",matplotlib,light
"{'a': 0.8486, 'b': 1.7319, 'c': 0.0505, 'd': 0.2474, 'irt_model': {'expected': '1PL', 'observed': '2PL'}}",deterministic_reference_rubric_v1,"Parsed target JSON, compared fields to stored ground truth, and applied fixed rubric thresholds.",1pl_001_icc__matplotlib_light__parameter_estimation__blind__deterministic_judge,15,0.4,True,1pl_001_icc__matplotlib_light__parameter_estimation__blind,"{'field_scores': {'a': 0, 'b': 0, 'c': 3, 'd': 2, 'irt_model': 0}, 'reasoning_score': 1}",1pl_001_icc__matplotlib_light,local_blind_baseline,1pl_001_icc__matplotlib_light__parameter_estimation,6,parameter_estimation,dichotomous_icc,1PL,matplotlib_light,"{'color_palette': 'tab10', 'gridlines': 'standard', 'height_px': 750, 'image_format': 'png', 'image_path': 'data/benchmark/images/1pl_001_icc__matplotlib_light.png', 'legend_position': 'best', 'line_width': 2.4, 'num_rendered_lines': 1, 'render_engine': 'matplotlib', 'style_context': 'default', 'style_profile_id': 'matplotlib_light', 'theme': 'light', 'tick_density': 'standard', 'width_px': 1125, 'x_axis': {'label': 'Ability (theta)', 'max': 4.0, 'min': -4.0}, 'y_axis': {'label': 'Probability of keyed response', 'max': 1.02, 'min': 0.0}}",matplotlib,light
{'probability': 0.0},deterministic_reference_rubric_v1,"Parsed target JSON, compared fields to stored ground truth, and applied fixed rubric thresholds.",1pl_001_icc__matplotlib_light__probability_at_theta_0.0__oracle__deterministic_judge,5,1.0,True,1pl_001_icc__matplotlib_light__probability_at_theta_0.0__oracle,"{'field_scores': {'probability': 3}, 'reasoning_score': 2}",1pl_001_icc__matplotlib_light,local_oracle_baseline,1pl_001_icc__matplotlib_light__probability_at_theta_0.0,5,probability_at_theta_0.0,dichotomous_icc,1PL,matplotlib_light,"{'color_palette': 'tab10', 'gridlines': 'standard', 'height_px': 750, 'image_format': 'png', 'image_path': 'data/benchmark/images/1pl_001_icc__matplotlib_light.png', 'legend_position': 'best', 'line_width': 2.4, 'num_rendered_lines': 1, 'render_engine': 'matplotlib', 'style_context': 'default', 'style_profile_id': 'matplotlib_light', 'theme': 'light', 'tick_density': 'standard', 'width_px': 1125, 'x_axis': {'label': 'Ability (theta)', 'max': 4.0, 'min': -4.0}, 'y_axis': {'label': 'Probability of keyed response', 'max': 1.02, 'min': 0.0}}",matplotlib,light
{'probability': 0.0075},deterministic_reference_rubric_v1,"Parsed target JSON, compared fields to stored ground truth, and applied fixed rubric thresholds.",1pl_001_icc__matplotlib_light__probability_at_theta_0.0__noisy__deterministic_judge,5,0.8,True,1pl_001_icc__matplotlib_light__probability_at_theta_0.0__noisy,"{'field_scores': {'probability': 3}, 'reasoning_score': 1}",1pl_001_icc__matplotlib_light,local_noisy_baseline,1pl_001_icc__matplotlib_light__probability_at_theta_0.0,4,probability_at_theta_0.0,dichotomous_icc,1PL,matplotlib_light,"{'color_palette': 'tab10', 'gridlines': 'standard', 'height_px': 750, 'image_format': 'png', 'image_path': 'data/benchmark/images/1pl_001_icc__matplotlib_light.png', 'legend_position': 'best', 'line_width': 2.4, 'num_rendered_lines': 1, 'render_engine': 'matplotlib', 'style_context': 'default', 'style_profile_id': 'matplotlib_light', 'theme': 'light', 'tick_density': 'standard', 'width_px': 1125, 'x_axis': {'label': 'Ability (theta)', 'max': 4.0, 'min': -4.0}, 'y_axis': {'label': 'Probability of keyed response', 'max': 1.02, 'min': 0.0}}",matplotlib,light
{'probability': 0.4729},deterministic_reference_rubric_v1,"Parsed target JSON, compared fields to stored ground truth, and applied fixed rubric thresholds.",1pl_001_icc__matplotlib_light__probability_at_theta_0.0__blind__deterministic_judge,5,0.2,True,1pl_001_icc__matplotlib_light__probability_at_theta_0.0__blind,"{'field_scores': {'probability': 0}, 'reasoning_score': 1}",1pl_001_icc__matplotlib_light,local_blind_baseline,1pl_001_icc__matplotlib_light__probability_at_theta_0.0,1,probability_at_theta_0.0,dichotomous_icc,1PL,matplotlib_light,"{'color_palette': 'tab10', 'gridlines': 'standard', 'height_px': 750, 'image_format': 'png', 'image_path': 'data/benchmark/images/1pl_001_icc__matplotlib_light.png', 'legend_position': 'best', 'line_width': 2.4, 'num_rendered_lines': 1, 'render_engine': 'matplotlib', 'style_context': 'default', 'style_profile_id': 'matplotlib_light', 'theme': 'light', 'tick_density': 'standard', 'width_px': 1125, 'x_axis': {'label': 'Ability (theta)', 'max': 4.0, 'min': -4.0}, 'y_axis': {'label': 'Probability of keyed response', 'max': 1.02, 'min': 0.0}}",matplotlib,light
"{'irt_model': {'expected': '1PL', 'observed': '1PL'}}",deterministic_reference_rubric_v1,"Parsed target JSON, compared fields to stored ground truth, and applied fixed rubric thresholds.",1pl_001_icc__seaborn_whitegrid__model_identification__oracle__deterministic_judge,3,1.0,True,1pl_001_icc__seaborn_whitegrid__model_identification__oracle,"{'field_scores': {'irt_model': 1}, 'reasoning_score': 2}",1pl_001_icc__seaborn_whitegrid,local_oracle_baseline,1pl_001_icc__seaborn_whitegrid__model_identification,3,model_identification,dichotomous_icc,1PL,seaborn_whitegrid,"{'color_palette': 'deep', 'gridlines': 'standard', 'height_px': 750, 'image_format': 'png', 'image_path': 'data/benchmark/images/1pl_001_icc__seaborn_whitegrid.png', 'legend_position': 'right', 'line_width': 2.4, 'num_rendered_lines': 1, 'render_engine': 'seaborn', 'style_context': 'whitegrid', 'style_profile_id': 'seaborn_whitegrid', 'theme': 'light', 'tick_density': 'standard', 'width_px': 1125, 'x_axis': {'label': 'Ability (theta)', 'max': 4.0, 'min': -4.0}, 'y_axis': {'label': 'Probability of keyed response', 'max': 1.02, 'min': 0.0}}",seaborn,light
"{'irt_model': {'expected': '1PL', 'observed': '1PL'}}",deterministic_reference_rubric_v1,"Parsed target JSON, compared fields to stored ground truth, and applied fixed rubric thresholds.",1pl_001_icc__seaborn_whitegrid__model_identification__noisy__deterministic_judge,3,0.6667,True,1pl_001_icc__seaborn_whitegrid__model_identification__noisy,"{'field_scores': {'irt_model': 1}, 'reasoning_score': 1}",1pl_001_icc__seaborn_whitegrid,local_noisy_baseline,1pl_001_icc__seaborn_whitegrid__model_identification,2,model_identification,dichotomous_icc,1PL,seaborn_whitegrid,"{'color_palette': 'deep', 'gridlines': 'standard', 'height_px': 750, 'image_format': 'png', 'image_path': 'data/benchmark/images/1pl_001_icc__seaborn_whitegrid.png', 'legend_position': 'right', 'line_width': 2.4, 'num_rendered_lines': 1, 'render_engine': 'seaborn', 'style_context': 'whitegrid', 'style_profile_id': 'seaborn_whitegrid', 'theme': 'light', 'tick_density': 'standard', 'width_px': 1125, 'x_axis': {'label': 'Ability (theta)', 'max': 4.0, 'min': -4.0}, 'y_axis': {'label': 'Probability of keyed response', 'max': 1.02, 'min': 0.0}}",seaborn,light
"{'irt_model': {'expected': '1PL', 'observed': '2PL'}}",deterministic_reference_rubric_v1,"Parsed target JSON, compared fields to stored ground truth, and applied fixed rubric thresholds.",1pl_001_icc__seaborn_whitegrid__model_identification__blind__deterministic_judge,3,0.3333,True,1pl_001_icc__seaborn_whitegrid__model_identification__blind,"{'field_scores': {'irt_model': 0}, 'reasoning_score': 1}",1pl_001_icc__seaborn_whitegrid,local_blind_baseline,1pl_001_icc__seaborn_whitegrid__model_identification,1,model_identification,dichotomous_icc,1PL,seaborn_whitegrid,"{'color_palette': 'deep', 'gridlines': 'standard', 'height_px': 750, 'image_format': 'png', 'image_path': 'data/benchmark/images/1pl_001_icc__seaborn_whitegrid.png', 'legend_position': 'right', 'line_width': 2.4, 'num_rendered_lines': 1, 'render_engine': 'seaborn', 'style_context': 'whitegrid', 'style_profile_id': 'seaborn_whitegrid', 'theme': 'light', 'tick_density': 'standard', 'width_px': 1125, 'x_axis': {'label': 'Ability (theta)', 'max': 4.0, 'min': -4.0}, 'y_axis': {'label': 'Probability of keyed response', 'max': 1.02, 'min': 0.0}}",seaborn,light
"{'a': 0.0, 'b': 0.0, 'c': 0.0, 'd': 0.0, 'irt_model': {'expected': '1PL', 'observed': '1PL'}}",deterministic_reference_rubric_v1,"Parsed target JSON, compared fields to stored ground truth, and applied fixed rubric thresholds.",1pl_001_icc__seaborn_whitegrid__parameter_estimation__oracle__deterministic_judge,15,1.0,True,1pl_001_icc__seaborn_whitegrid__parameter_estimation__oracle,"{'field_scores': {'a': 3, 'b': 3, 'c': 3, 'd': 3, 'irt_model': 1}, 'reasoning_score': 2}",1pl_001_icc__seaborn_whitegrid,local_oracle_baseline,1pl_001_icc__seaborn_whitegrid__parameter_estimation,15,parameter_estimation,dichotomous_icc,1PL,seaborn_whitegrid,"{'color_palette': 'deep', 'gridlines': 'standard', 'height_px': 750, 'image_format': 'png', 'image_path': 'data/benchmark/images/1pl_001_icc__seaborn_whitegrid.png', 'legend_position': 'right', 'line_width': 2.4, 'num_rendered_lines': 1, 'render_engine': 'seaborn', 'style_context': 'whitegrid', 'style_profile_id': 'seaborn_whitegrid', 'theme': 'light', 'tick_density': 'standard', 'width_px': 1125, 'x_axis': {'label': 'Ability (theta)', 'max': 4.0, 'min': -4.0}, 'y_axis': {'label': 'Probability of keyed response', 'max': 1.02, 'min': 0.0}}",seaborn,light
"{'a': 0.0529, 'b': 0.1837, 'c': 0.1829, 'd': 0.0982, 'irt_model': {'expected': '1PL', 'observed': '1PL'}}",deterministic_reference_rubric_v1,"Parsed target JSON, compared fields to stored ground truth, and applied fixed rubric thresholds.",1pl_001_icc__seaborn_whitegrid__parameter_estimation__noisy__deterministic_judge,15,0.8,True,1pl_001_icc__seaborn_whitegrid__parameter_estimation__noisy,"{'field_scores': {'a': 3, 'b': 2, 'c': 2, 'd': 3, 'irt_model': 1}, 'reasoning_score': 1}",1pl_001_icc__seaborn_whitegrid,local_noisy_baseline,1pl_001_icc__seaborn_whitegrid__parameter_estimation,12,parameter_estimation,dichotomous_icc,1PL,seaborn_whitegrid,"{'color_palette': 'deep', 'gridlines': 'standard', 'height_px': 750, 'image_format': 'png', 'image_path': 'data/benchmark/images/1pl_001_icc__seaborn_whitegrid.png', 'legend_position': 'right', 'line_width': 2.4, 'num_rendered_lines': 1, 'render_engine': 'seaborn', 'style_context': 'whitegrid', 'style_profile_id': 'seaborn_whitegrid', 'theme': 'light', 'tick_density': 'standard', 'width_px': 1125, 'x_axis': {'label': 'Ability (theta)', 'max': 4.0, 'min': -4.0}, 'y_axis': {'label': 'Probability of keyed response', 'max': 1.02, 'min': 0.0}}",seaborn,light
"{'a': 1.0643, 'b': 0.0285, 'c': 0.511, 'd': 0.4436, 'irt_model': {'expected': '1PL', 'observed': '2PL'}}",deterministic_reference_rubric_v1,"Parsed target JSON, compared fields to stored ground truth, and applied fixed rubric thresholds.",1pl_001_icc__seaborn_whitegrid__parameter_estimation__blind__deterministic_judge,15,0.3333,True,1pl_001_icc__seaborn_whitegrid__parameter_estimation__blind,"{'field_scores': {'a': 0, 'b': 3, 'c': 0, 'd': 1, 'irt_model': 0}, 'reasoning_score': 1}",1pl_001_icc__seaborn_whitegrid,local_blind_baseline,1pl_001_icc__seaborn_whitegrid__parameter_estimation,5,parameter_estimation,dichotomous_icc,1PL,seaborn_whitegrid,"{'color_palette': 'deep', 'gridlines': 'standard', 'height_px': 750, 'image_format': 'png', 'image_path': 'data/benchmark/images/1pl_001_icc__seaborn_whitegrid.png', 'legend_position': 'right', 'line_width': 2.4, 'num_rendered_lines': 1, 'render_engine': 'seaborn', 'style_context': 'whitegrid', 'style_profile_id': 'seaborn_whitegrid', 'theme': 'light', 'tick_density': 'standard', 'width_px': 1125, 'x_axis': {'label': 'Ability (theta)', 'max': 4.0, 'min': -4.0}, 'y_axis': {'label': 'Probability of keyed response', 'max': 1.02, 'min': 0.0}}",seaborn,light
{'probability': 0.0},deterministic_reference_rubric_v1,"Parsed target JSON, compared fields to stored ground truth, and applied fixed rubric thresholds.",1pl_001_icc__seaborn_whitegrid__probability_at_theta_0.0__oracle__deterministic_judge,5,1.0,True,1pl_001_icc__seaborn_whitegrid__probability_at_theta_0.0__oracle,"{'field_scores': {'probability': 3}, 'reasoning_score': 2}",1pl_001_icc__seaborn_whitegrid,local_oracle_baseline,1pl_001_icc__seaborn_whitegrid__probability_at_theta_0.0,5,probability_at_theta_0.0,dichotomous_icc,1PL,seaborn_whitegrid,"{'color_palette': 'deep', 'gridlines': 'standard', 'height_px': 750, 'image_format': 'png', 'image_path': 'data/benchmark/images/1pl_001_icc__seaborn_whitegrid.png', 'legend_position': 'right', 'line_width': 2.4, 'num_rendered_lines': 1, 'render_engine': 'seaborn', 'style_context': 'whitegrid', 'style_profile_id': 'seaborn_whitegrid', 'theme': 'light', 'tick_density': 'standard', 'width_px': 1125, 'x_axis': {'label': 'Ability (theta)', 'max': 4.0, 'min': -4.0}, 'y_axis': {'label': 'Probability of keyed response', 'max': 1.02, 'min': 0.0}}",seaborn,light
{'probability': 0.0655},deterministic_reference_rubric_v1,"Parsed target JSON, compared fields to stored ground truth, and applied fixed rubric thresholds.",1pl_001_icc__seaborn_whitegrid__probability_at_theta_0.0__noisy__deterministic_judge,5,0.6,True,1pl_001_icc__seaborn_whitegrid__probability_at_theta_0.0__noisy,"{'field_scores': {'probability': 2}, 'reasoning_score': 1}",1pl_001_icc__seaborn_whitegrid,local_noisy_baseline,1pl_001_icc__seaborn_whitegrid__probability_at_theta_0.0,3,probability_at_theta_0.0,dichotomous_icc,1PL,seaborn_whitegrid,"{'color_palette': 'deep', 'gridlines': 'standard', 'height_px': 750, 'image_format': 'png', 'image_path': 'data/benchmark/images/1pl_001_icc__seaborn_whitegrid.png', 'legend_position': 'right', 'line_width': 2.4, 'num_rendered_lines': 1, 'render_engine': 'seaborn', 'style_context': 'whitegrid', 'style_profile_id': 'seaborn_whitegrid', 'theme': 'light', 'tick_density': 'standard', 'width_px': 1125, 'x_axis': {'label': 'Ability (theta)', 'max': 4.0, 'min': -4.0}, 'y_axis': {'label': 'Probability of keyed response', 'max': 1.02, 'min': 0.0}}",seaborn,light
{'probability': 0.1356},deterministic_reference_rubric_v1,"Parsed target JSON, compared fields to stored ground truth, and applied fixed rubric thresholds.",1pl_001_icc__seaborn_whitegrid__probability_at_theta_0.0__blind__deterministic_judge,5,0.4,True,1pl_001_icc__seaborn_whitegrid__probability_at_theta_0.0__blind,"{'field_scores': {'probability': 1}, 'reasoning_score': 1}",1pl_001_icc__seaborn_whitegrid,local_blind_baseline,1pl_001_icc__seaborn_whitegrid__probability_at_theta_0.0,2,probability_at_theta_0.0,dichotomous_icc,1PL,seaborn_whitegrid,"{'color_palette': 'deep', 'gridlines': 'standard', 'height_px': 750, 'image_format': 'png', 'image_path': 'data/benchmark/images/1pl_001_icc__seaborn_whitegrid.png', 'legend_position': 'right', 'line_width': 2.4, 'num_rendered_lines': 1, 'render_engine': 'seaborn', 'style_context': 'whitegrid', 'style_profile_id': 'seaborn_whitegrid', 'theme': 'light', 'tick_density': 'standard', 'width_px': 1125, 'x_axis': {'label': 'Ability (theta)', 'max': 4.0, 'min': -4.0}, 'y_axis': {'label': 'Probability of keyed response', 'max': 1.02, 'min': 0.0}}",seaborn,light
"{'irt_model': {'expected': '1PL', 'observed': '1PL'}}",deterministic_reference_rubric_v1,"Parsed target JSON, compared fields to stored ground truth, and applied fixed rubric thresholds.",1pl_001_icc__ggplot_gray__model_identification__oracle__deterministic_judge,3,1.0,True,1pl_001_icc__ggplot_gray__model_identification__oracle,"{'field_scores': {'irt_model': 1}, 'reasoning_score': 2}",1pl_001_icc__ggplot_gray,local_oracle_baseline,1pl_001_icc__ggplot_gray__model_identification,3,model_identification,dichotomous_icc,1PL,ggplot_gray,"{'color_palette': 'muted', 'gridlines': 'heavy', 'height_px': 750, 'image_format': 'png', 'image_path': 'data/benchmark/images/1pl_001_icc__ggplot_gray.png', 'legend_position': 'best', 'line_width': 2.2, 'num_rendered_lines': 1, 'render_engine': 'matplotlib_ggplot_style', 'style_context': 'ggplot', 'style_profile_id': 'ggplot_gray', 'theme': 'light', 'tick_density': 'dense', 'width_px': 1125, 'x_axis': {'label': 'Ability (theta)', 'max': 4.0, 'min': -4.0}, 'y_axis': {'label': 'Probability of keyed response', 'max': 1.02, 'min': 0.0}}",matplotlib_ggplot_style,light
"{'irt_model': {'expected': '1PL', 'observed': '1PL'}}",deterministic_reference_rubric_v1,"Parsed target JSON, compared fields to stored ground truth, and applied fixed rubric thresholds.",1pl_001_icc__ggplot_gray__model_identification__noisy__deterministic_judge,3,0.6667,True,1pl_001_icc__ggplot_gray__model_identification__noisy,"{'field_scores': {'irt_model': 1}, 'reasoning_score': 1}",1pl_001_icc__ggplot_gray,local_noisy_baseline,1pl_001_icc__ggplot_gray__model_identification,2,model_identification,dichotomous_icc,1PL,ggplot_gray,"{'color_palette': 'muted', 'gridlines': 'heavy', 'height_px': 750, 'image_format': 'png', 'image_path': 'data/benchmark/images/1pl_001_icc__ggplot_gray.png', 'legend_position': 'best', 'line_width': 2.2, 'num_rendered_lines': 1, 'render_engine': 'matplotlib_ggplot_style', 'style_context': 'ggplot', 'style_profile_id': 'ggplot_gray', 'theme': 'light', 'tick_density': 'dense', 'width_px': 1125, 'x_axis': {'label': 'Ability (theta)', 'max': 4.0, 'min': -4.0}, 'y_axis': {'label': 'Probability of keyed response', 'max': 1.02, 'min': 0.0}}",matplotlib_ggplot_style,light
"{'irt_model': {'expected': '1PL', 'observed': '2PL'}}",deterministic_reference_rubric_v1,"Parsed target JSON, compared fields to stored ground truth, and applied fixed rubric thresholds.",1pl_001_icc__ggplot_gray__model_identification__blind__deterministic_judge,3,0.3333,True,1pl_001_icc__ggplot_gray__model_identification__blind,"{'field_scores': {'irt_model': 0}, 'reasoning_score': 1}",1pl_001_icc__ggplot_gray,local_blind_baseline,1pl_001_icc__ggplot_gray__model_identification,1,model_identification,dichotomous_icc,1PL,ggplot_gray,"{'color_palette': 'muted', 'gridlines': 'heavy', 'height_px': 750, 'image_format': 'png', 'image_path': 'data/benchmark/images/1pl_001_icc__ggplot_gray.png', 'legend_position': 'best', 'line_width': 2.2, 'num_rendered_lines': 1, 'render_engine': 'matplotlib_ggplot_style', 'style_context': 'ggplot', 'style_profile_id': 'ggplot_gray', 'theme': 'light', 'tick_density': 'dense', 'width_px': 1125, 'x_axis': {'label': 'Ability (theta)', 'max': 4.0, 'min': -4.0}, 'y_axis': {'label': 'Probability of keyed response', 'max': 1.02, 'min': 0.0}}",matplotlib_ggplot_style,light
"{'a': 0.0, 'b': 0.0, 'c': 0.0, 'd': 0.0, 'irt_model': {'expected': '1PL', 'observed': '1PL'}}",deterministic_reference_rubric_v1,"Parsed target JSON, compared fields to stored ground truth, and applied fixed rubric thresholds.",1pl_001_icc__ggplot_gray__parameter_estimation__oracle__deterministic_judge,15,1.0,True,1pl_001_icc__ggplot_gray__parameter_estimation__oracle,"{'field_scores': {'a': 3, 'b': 3, 'c': 3, 'd': 3, 'irt_model': 1}, 'reasoning_score': 2}",1pl_001_icc__ggplot_gray,local_oracle_baseline,1pl_001_icc__ggplot_gray__parameter_estimation,15,parameter_estimation,dichotomous_icc,1PL,ggplot_gray,"{'color_palette': 'muted', 'gridlines': 'heavy', 'height_px': 750, 'image_format': 'png', 'image_path': 'data/benchmark/images/1pl_001_icc__ggplot_gray.png', 'legend_position': 'best', 'line_width': 2.2, 'num_rendered_lines': 1, 'render_engine': 'matplotlib_ggplot_style', 'style_context': 'ggplot', 'style_profile_id': 'ggplot_gray', 'theme': 'light', 'tick_density': 'dense', 'width_px': 1125, 'x_axis': {'label': 'Ability (theta)', 'max': 4.0, 'min': -4.0}, 'y_axis': {'label': 'Probability of keyed response', 'max': 1.02, 'min': 0.0}}",matplotlib_ggplot_style,light
"{'a': 0.0555, 'b': 0.1875, 'c': 0.2153, 'd': 0.0784, 'irt_model': {'expected': '1PL', 'observed': '1PL'}}",deterministic_reference_rubric_v1,"Parsed target JSON, compared fields to stored ground truth, and applied fixed rubric thresholds.",1pl_001_icc__ggplot_gray__parameter_estimation__noisy__deterministic_judge,15,0.8,True,1pl_001_icc__ggplot_gray__parameter_estimation__noisy,"{'field_scores': {'a': 3, 'b': 2, 'c': 2, 'd': 3, 'irt_model': 1}, 'reasoning_score': 1}",1pl_001_icc__ggplot_gray,local_noisy_baseline,1pl_001_icc__ggplot_gray__parameter_estimation,12,parameter_estimation,dichotomous_icc,1PL,ggplot_gray,"{'color_palette': 'muted', 'gridlines': 'heavy', 'height_px': 750, 'image_format': 'png', 'image_path': 'data/benchmark/images/1pl_001_icc__ggplot_gray.png', 'legend_position': 'best', 'line_width': 2.2, 'num_rendered_lines': 1, 'render_engine': 'matplotlib_ggplot_style', 'style_context': 'ggplot', 'style_profile_id': 'ggplot_gray', 'theme': 'light', 'tick_density': 'dense', 'width_px': 1125, 'x_axis': {'label': 'Ability (theta)', 'max': 4.0, 'min': -4.0}, 'y_axis': {'label': 'Probability of keyed response', 'max': 1.02, 'min': 0.0}}",matplotlib_ggplot_style,light
"{'a': 0.4137, 'b': 1.1199, 'c': 1.1825, 'd': 0.114, 'irt_model': {'expected': '1PL', 'observed': '2PL'}}",deterministic_reference_rubric_v1,"Parsed target JSON, compared fields to stored ground truth, and applied fixed rubric thresholds.",1pl_001_icc__ggplot_gray__parameter_estimation__blind__deterministic_judge,15,0.3333,True,1pl_001_icc__ggplot_gray__parameter_estimation__blind,"{'field_scores': {'a': 1, 'b': 0, 'c': 0, 'd': 3, 'irt_model': 0}, 'reasoning_score': 1}",1pl_001_icc__ggplot_gray,local_blind_baseline,1pl_001_icc__ggplot_gray__parameter_estimation,5,parameter_estimation,dichotomous_icc,1PL,ggplot_gray,"{'color_palette': 'muted', 'gridlines': 'heavy', 'height_px': 750, 'image_format': 'png', 'image_path': 'data/benchmark/images/1pl_001_icc__ggplot_gray.png', 'legend_position': 'best', 'line_width': 2.2, 'num_rendered_lines': 1, 'render_engine': 'matplotlib_ggplot_style', 'style_context': 'ggplot', 'style_profile_id': 'ggplot_gray', 'theme': 'light', 'tick_density': 'dense', 'width_px': 1125, 'x_axis': {'label': 'Ability (theta)', 'max': 4.0, 'min': -4.0}, 'y_axis': {'label': 'Probability of keyed response', 'max': 1.02, 'min': 0.0}}",matplotlib_ggplot_style,light
{'probability': 0.0},deterministic_reference_rubric_v1,"Parsed target JSON, compared fields to stored ground truth, and applied fixed rubric thresholds.",1pl_001_icc__ggplot_gray__probability_at_theta_0.0__oracle__deterministic_judge,5,1.0,True,1pl_001_icc__ggplot_gray__probability_at_theta_0.0__oracle,"{'field_scores': {'probability': 3}, 'reasoning_score': 2}",1pl_001_icc__ggplot_gray,local_oracle_baseline,1pl_001_icc__ggplot_gray__probability_at_theta_0.0,5,probability_at_theta_0.0,dichotomous_icc,1PL,ggplot_gray,"{'color_palette': 'muted', 'gridlines': 'heavy', 'height_px': 750, 'image_format': 'png', 'image_path': 'data/benchmark/images/1pl_001_icc__ggplot_gray.png', 'legend_position': 'best', 'line_width': 2.2, 'num_rendered_lines': 1, 'render_engine': 'matplotlib_ggplot_style', 'style_context': 'ggplot', 'style_profile_id': 'ggplot_gray', 'theme': 'light', 'tick_density': 'dense', 'width_px': 1125, 'x_axis': {'label': 'Ability (theta)', 'max': 4.0, 'min': -4.0}, 'y_axis': {'label': 'Probability of keyed response', 'max': 1.02, 'min': 0.0}}",matplotlib_ggplot_style,light
{'probability': 0.0383},deterministic_reference_rubric_v1,"Parsed target JSON, compared fields to stored ground truth, and applied fixed rubric thresholds.",1pl_001_icc__ggplot_gray__probability_at_theta_0.0__noisy__deterministic_judge,5,0.8,True,1pl_001_icc__ggplot_gray__probability_at_theta_0.0__noisy,"{'field_scores': {'probability': 3}, 'reasoning_score': 1}",1pl_001_icc__ggplot_gray,local_noisy_baseline,1pl_001_icc__ggplot_gray__probability_at_theta_0.0,4,probability_at_theta_0.0,dichotomous_icc,1PL,ggplot_gray,"{'color_palette': 'muted', 'gridlines': 'heavy', 'height_px': 750, 'image_format': 'png', 'image_path': 'data/benchmark/images/1pl_001_icc__ggplot_gray.png', 'legend_position': 'best', 'line_width': 2.2, 'num_rendered_lines': 1, 'render_engine': 'matplotlib_ggplot_style', 'style_context': 'ggplot', 'style_profile_id': 'ggplot_gray', 'theme': 'light', 'tick_density': 'dense', 'width_px': 1125, 'x_axis': {'label': 'Ability (theta)', 'max': 4.0, 'min': -4.0}, 'y_axis': {'label': 'Probability of keyed response', 'max': 1.02, 'min': 0.0}}",matplotlib_ggplot_style,light
{'probability': 1.7831},deterministic_reference_rubric_v1,"Parsed target JSON, compared fields to stored ground truth, and applied fixed rubric thresholds.",1pl_001_icc__ggplot_gray__probability_at_theta_0.0__blind__deterministic_judge,5,0.2,True,1pl_001_icc__ggplot_gray__probability_at_theta_0.0__blind,"{'field_scores': {'probability': 0}, 'reasoning_score': 1}",1pl_001_icc__ggplot_gray,local_blind_baseline,1pl_001_icc__ggplot_gray__probability_at_theta_0.0,1,probability_at_theta_0.0,dichotomous_icc,1PL,ggplot_gray,"{'color_palette': 'muted', 'gridlines': 'heavy', 'height_px': 750, 'image_format': 'png', 'image_path': 'data/benchmark/images/1pl_001_icc__ggplot_gray.png', 'legend_position': 'best', 'line_width': 2.2, 'num_rendered_lines': 1, 'render_engine': 'matplotlib_ggplot_style', 'style_context': 'ggplot', 'style_profile_id': 'ggplot_gray', 'theme': 'light', 'tick_density': 'dense', 'width_px': 1125, 'x_axis': {'label': 'Ability (theta)', 'max': 4.0, 'min': -4.0}, 'y_axis': {'label': 'Probability of keyed response', 'max': 1.02, 'min': 0.0}}",matplotlib_ggplot_style,light
"{'irt_model': {'expected': '1PL', 'observed': '1PL'}}",deterministic_reference_rubric_v1,"Parsed target JSON, compared fields to stored ground truth, and applied fixed rubric thresholds.",1pl_001_icc__grayscale_no_grid__model_identification__oracle__deterministic_judge,3,1.0,True,1pl_001_icc__grayscale_no_grid__model_identification__oracle,"{'field_scores': {'irt_model': 1}, 'reasoning_score': 2}",1pl_001_icc__grayscale_no_grid,local_oracle_baseline,1pl_001_icc__grayscale_no_grid__model_identification,3,model_identification,dichotomous_icc,1PL,grayscale_no_grid,"{'color_palette': 'grayscale', 'gridlines': 'none', 'height_px': 750, 'image_format': 'png', 'image_path': 'data/benchmark/images/1pl_001_icc__grayscale_no_grid.png', 'legend_position': 'bottom', 'line_width': 2.6, 'num_rendered_lines': 1, 'render_engine': 'matplotlib', 'style_context': 'default', 'style_profile_id': 'grayscale_no_grid', 'theme': 'light', 'tick_density': 'sparse', 'width_px': 1125, 'x_axis': {'label': 'Ability (theta)', 'max': 4.0, 'min': -4.0}, 'y_axis': {'label': 'Probability of keyed response', 'max': 1.02, 'min': 0.0}}",matplotlib,light
"{'irt_model': {'expected': '1PL', 'observed': '1PL'}}",deterministic_reference_rubric_v1,"Parsed target JSON, compared fields to stored ground truth, and applied fixed rubric thresholds.",1pl_001_icc__grayscale_no_grid__model_identification__noisy__deterministic_judge,3,0.6667,True,1pl_001_icc__grayscale_no_grid__model_identification__noisy,"{'field_scores': {'irt_model': 1}, 'reasoning_score': 1}",1pl_001_icc__grayscale_no_grid,local_noisy_baseline,1pl_001_icc__grayscale_no_grid__model_identification,2,model_identification,dichotomous_icc,1PL,grayscale_no_grid,"{'color_palette': 'grayscale', 'gridlines': 'none', 'height_px': 750, 'image_format': 'png', 'image_path': 'data/benchmark/images/1pl_001_icc__grayscale_no_grid.png', 'legend_position': 'bottom', 'line_width': 2.6, 'num_rendered_lines': 1, 'render_engine': 'matplotlib', 'style_context': 'default', 'style_profile_id': 'grayscale_no_grid', 'theme': 'light', 'tick_density': 'sparse', 'width_px': 1125, 'x_axis': {'label': 'Ability (theta)', 'max': 4.0, 'min': -4.0}, 'y_axis': {'label': 'Probability of keyed response', 'max': 1.02, 'min': 0.0}}",matplotlib,light
"{'irt_model': {'expected': '1PL', 'observed': '2PL'}}",deterministic_reference_rubric_v1,"Parsed target JSON, compared fields to stored ground truth, and applied fixed rubric thresholds.",1pl_001_icc__grayscale_no_grid__model_identification__blind__deterministic_judge,3,0.3333,True,1pl_001_icc__grayscale_no_grid__model_identification__blind,"{'field_scores': {'irt_model': 0}, 'reasoning_score': 1}",1pl_001_icc__grayscale_no_grid,local_blind_baseline,1pl_001_icc__grayscale_no_grid__model_identification,1,model_identification,dichotomous_icc,1PL,grayscale_no_grid,"{'color_palette': 'grayscale', 'gridlines': 'none', 'height_px': 750, 'image_format': 'png', 'image_path': 'data/benchmark/images/1pl_001_icc__grayscale_no_grid.png', 'legend_position': 'bottom', 'line_width': 2.6, 'num_rendered_lines': 1, 'render_engine': 'matplotlib', 'style_context': 'default', 'style_profile_id': 'grayscale_no_grid', 'theme': 'light', 'tick_density': 'sparse', 'width_px': 1125, 'x_axis': {'label': 'Ability (theta)', 'max': 4.0, 'min': -4.0}, 'y_axis': {'label': 'Probability of keyed response', 'max': 1.02, 'min': 0.0}}",matplotlib,light
"{'a': 0.0, 'b': 0.0, 'c': 0.0, 'd': 0.0, 'irt_model': {'expected': '1PL', 'observed': '1PL'}}",deterministic_reference_rubric_v1,"Parsed target JSON, compared fields to stored ground truth, and applied fixed rubric thresholds.",1pl_001_icc__grayscale_no_grid__parameter_estimation__oracle__deterministic_judge,15,1.0,True,1pl_001_icc__grayscale_no_grid__parameter_estimation__oracle,"{'field_scores': {'a': 3, 'b': 3, 'c': 3, 'd': 3, 'irt_model': 1}, 'reasoning_score': 2}",1pl_001_icc__grayscale_no_grid,local_oracle_baseline,1pl_001_icc__grayscale_no_grid__parameter_estimation,15,parameter_estimation,dichotomous_icc,1PL,grayscale_no_grid,"{'color_palette': 'grayscale', 'gridlines': 'none', 'height_px': 750, 'image_format': 'png', 'image_path': 'data/benchmark/images/1pl_001_icc__grayscale_no_grid.png', 'legend_position': 'bottom', 'line_width': 2.6, 'num_rendered_lines': 1, 'render_engine': 'matplotlib', 'style_context': 'default', 'style_profile_id': 'grayscale_no_grid', 'theme': 'light', 'tick_density': 'sparse', 'width_px': 1125, 'x_axis': {'label': 'Ability (theta)', 'max': 4.0, 'min': -4.0}, 'y_axis': {'label': 'Probability of keyed response', 'max': 1.02, 'min': 0.0}}",matplotlib,light
"{'a': 0.0969, 'b': 0.0592, 'c': 0.1065, 'd': 0.2714, 'irt_model': {'expected': '1PL', 'observed': '1PL'}}",deterministic_reference_rubric_v1,"Parsed target JSON, compared fields to stored ground truth, and applied fixed rubric thresholds.",1pl_001_icc__grayscale_no_grid__parameter_estimation__noisy__deterministic_judge,15,0.8667,True,1pl_001_icc__grayscale_no_grid__parameter_estimation__noisy,"{'field_scores': {'a': 3, 'b': 3, 'c': 3, 'd': 2, 'irt_model': 1}, 'reasoning_score': 1}",1pl_001_icc__grayscale_no_grid,local_noisy_baseline,1pl_001_icc__grayscale_no_grid__parameter_estimation,13,parameter_estimation,dichotomous_icc,1PL,grayscale_no_grid,"{'color_palette': 'grayscale', 'gridlines': 'none', 'height_px': 750, 'image_format': 'png', 'image_path': 'data/benchmark/images/1pl_001_icc__grayscale_no_grid.png', 'legend_position': 'bottom', 'line_width': 2.6, 'num_rendered_lines': 1, 'render_engine': 'matplotlib', 'style_context': 'default', 'style_profile_id': 'grayscale_no_grid', 'theme': 'light', 'tick_density': 'sparse', 'width_px': 1125, 'x_axis': {'label': 'Ability (theta)', 'max': 4.0, 'min': -4.0}, 'y_axis': {'label': 'Probability of keyed response', 'max': 1.02, 'min': 0.0}}",matplotlib,light
"{'a': 0.6814, 'b': 0.3548, 'c': 0.4373, 'd': 0.2248, 'irt_model': {'expected': '1PL', 'observed': '2PL'}}",deterministic_reference_rubric_v1,"Parsed target JSON, compared fields to stored ground truth, and applied fixed rubric thresholds.",1pl_001_icc__grayscale_no_grid__parameter_estimation__blind__deterministic_judge,15,0.3333,True,1pl_001_icc__grayscale_no_grid__parameter_estimation__blind,"{'field_scores': {'a': 0, 'b': 1, 'c': 1, 'd': 2, 'irt_model': 0}, 'reasoning_score': 1}",1pl_001_icc__grayscale_no_grid,local_blind_baseline,1pl_001_icc__grayscale_no_grid__parameter_estimation,5,parameter_estimation,dichotomous_icc,1PL,grayscale_no_grid,"{'color_palette': 'grayscale', 'gridlines': 'none', 'height_px': 750, 'image_format': 'png', 'image_path': 'data/benchmark/images/1pl_001_icc__grayscale_no_grid.png', 'legend_position': 'bottom', 'line_width': 2.6, 'num_rendered_lines': 1, 'render_engine': 'matplotlib', 'style_context': 'default', 'style_profile_id': 'grayscale_no_grid', 'theme': 'light', 'tick_density': 'sparse', 'width_px': 1125, 'x_axis': {'label': 'Ability (theta)', 'max': 4.0, 'min': -4.0}, 'y_axis': {'label': 'Probability of keyed response', 'max': 1.02, 'min': 0.0}}",matplotlib,light
{'probability': 0.0},deterministic_reference_rubric_v1,"Parsed target JSON, compared fields to stored ground truth, and applied fixed rubric thresholds.",1pl_001_icc__grayscale_no_grid__probability_at_theta_0.0__oracle__deterministic_judge,5,1.0,True,1pl_001_icc__grayscale_no_grid__probability_at_theta_0.0__oracle,"{'field_scores': {'probability': 3}, 'reasoning_score': 2}",1pl_001_icc__grayscale_no_grid,local_oracle_baseline,1pl_001_icc__grayscale_no_grid__probability_at_theta_0.0,5,probability_at_theta_0.0,dichotomous_icc,1PL,grayscale_no_grid,"{'color_palette': 'grayscale', 'gridlines': 'none', 'height_px': 750, 'image_format': 'png', 'image_path': 'data/benchmark/images/1pl_001_icc__grayscale_no_grid.png', 'legend_position': 'bottom', 'line_width': 2.6, 'num_rendered_lines': 1, 'render_engine': 'matplotlib', 'style_context': 'default', 'style_profile_id': 'grayscale_no_grid', 'theme': 'light', 'tick_density': 'sparse', 'width_px': 1125, 'x_axis': {'label': 'Ability (theta)', 'max': 4.0, 'min': -4.0}, 'y_axis': {'label': 'Probability of keyed response', 'max': 1.02, 'min': 0.0}}",matplotlib,light
{'probability': 0.0145},deterministic_reference_rubric_v1,"Parsed target JSON, compared fields to stored ground truth, and applied fixed rubric thresholds.",1pl_001_icc__grayscale_no_grid__probability_at_theta_0.0__noisy__deterministic_judge,5,0.8,True,1pl_001_icc__grayscale_no_grid__probability_at_theta_0.0__noisy,"{'field_scores': {'probability': 3}, 'reasoning_score': 1}",1pl_001_icc__grayscale_no_grid,local_noisy_baseline,1pl_001_icc__grayscale_no_grid__probability_at_theta_0.0,4,probability_at_theta_0.0,dichotomous_icc,1PL,grayscale_no_grid,"{'color_palette': 'grayscale', 'gridlines': 'none', 'height_px': 750, 'image_format': 'png', 'image_path': 'data/benchmark/images/1pl_001_icc__grayscale_no_grid.png', 'legend_position': 'bottom', 'line_width': 2.6, 'num_rendered_lines': 1, 'render_engine': 'matplotlib', 'style_context': 'default', 'style_profile_id': 'grayscale_no_grid', 'theme': 'light', 'tick_density': 'sparse', 'width_px': 1125, 'x_axis': {'label': 'Ability (theta)', 'max': 4.0, 'min': -4.0}, 'y_axis': {'label': 'Probability of keyed response', 'max': 1.02, 'min': 0.0}}",matplotlib,light
{'probability': 0.1487},deterministic_reference_rubric_v1,"Parsed target JSON, compared fields to stored ground truth, and applied fixed rubric thresholds.",1pl_001_icc__grayscale_no_grid__probability_at_theta_0.0__blind__deterministic_judge,5,0.4,True,1pl_001_icc__grayscale_no_grid__probability_at_theta_0.0__blind,"{'field_scores': {'probability': 1}, 'reasoning_score': 1}",1pl_001_icc__grayscale_no_grid,local_blind_baseline,1pl_001_icc__grayscale_no_grid__probability_at_theta_0.0,2,probability_at_theta_0.0,dichotomous_icc,1PL,grayscale_no_grid,"{'color_palette': 'grayscale', 'gridlines': 'none', 'height_px': 750, 'image_format': 'png', 'image_path': 'data/benchmark/images/1pl_001_icc__grayscale_no_grid.png', 'legend_position': 'bottom', 'line_width': 2.6, 'num_rendered_lines': 1, 'render_engine': 'matplotlib', 'style_context': 'default', 'style_profile_id': 'grayscale_no_grid', 'theme': 'light', 'tick_density': 'sparse', 'width_px': 1125, 'x_axis': {'label': 'Ability (theta)', 'max': 4.0, 'min': -4.0}, 'y_axis': {'label': 'Probability of keyed response', 'max': 1.02, 'min': 0.0}}",matplotlib,light
"{'irt_model': {'expected': '1PL', 'observed': '1PL'}}",deterministic_reference_rubric_v1,"Parsed target JSON, compared fields to stored ground truth, and applied fixed rubric thresholds.",1pl_001_icc__dark_high_contrast__model_identification__oracle__deterministic_judge,3,1.0,True,1pl_001_icc__dark_high_contrast__model_identification__oracle,"{'field_scores': {'irt_model': 1}, 'reasoning_score': 2}",1pl_001_icc__dark_high_contrast,local_oracle_baseline,1pl_001_icc__dark_high_contrast__model_identification,3,model_identification,dichotomous_icc,1PL,dark_high_contrast,"{'color_palette': 'bright', 'gridlines': 'faint', 'height_px': 750, 'image_format': 'png', 'image_path': 'data/benchmark/images/1pl_001_icc__dark_high_contrast.png', 'legend_position': 'best', 'line_width': 2.6, 'num_rendered_lines': 1, 'render_engine': 'matplotlib', 'style_context': 'dark_background', 'style_profile_id': 'dark_high_contrast', 'theme': 'dark', 'tick_density': 'standard', 'width_px': 1125, 'x_axis': {'label': 'Ability (theta)', 'max': 4.0, 'min': -4.0}, 'y_axis': {'label': 'Probability of keyed response', 'max': 1.02, 'min': 0.0}}",matplotlib,dark
"{'irt_model': {'expected': '1PL', 'observed': '1PL'}}",deterministic_reference_rubric_v1,"Parsed target JSON, compared fields to stored ground truth, and applied fixed rubric thresholds.",1pl_001_icc__dark_high_contrast__model_identification__noisy__deterministic_judge,3,0.6667,True,1pl_001_icc__dark_high_contrast__model_identification__noisy,"{'field_scores': {'irt_model': 1}, 'reasoning_score': 1}",1pl_001_icc__dark_high_contrast,local_noisy_baseline,1pl_001_icc__dark_high_contrast__model_identification,2,model_identification,dichotomous_icc,1PL,dark_high_contrast,"{'color_palette': 'bright', 'gridlines': 'faint', 'height_px': 750, 'image_format': 'png', 'image_path': 'data/benchmark/images/1pl_001_icc__dark_high_contrast.png', 'legend_position': 'best', 'line_width': 2.6, 'num_rendered_lines': 1, 'render_engine': 'matplotlib', 'style_context': 'dark_background', 'style_profile_id': 'dark_high_contrast', 'theme': 'dark', 'tick_density': 'standard', 'width_px': 1125, 'x_axis': {'label': 'Ability (theta)', 'max': 4.0, 'min': -4.0}, 'y_axis': {'label': 'Probability of keyed response', 'max': 1.02, 'min': 0.0}}",matplotlib,dark
"{'irt_model': {'expected': '1PL', 'observed': '2PL'}}",deterministic_reference_rubric_v1,"Parsed target JSON, compared fields to stored ground truth, and applied fixed rubric thresholds.",1pl_001_icc__dark_high_contrast__model_identification__blind__deterministic_judge,3,0.3333,True,1pl_001_icc__dark_high_contrast__model_identification__blind,"{'field_scores': {'irt_model': 0}, 'reasoning_score': 1}",1pl_001_icc__dark_high_contrast,local_blind_baseline,1pl_001_icc__dark_high_contrast__model_identification,1,model_identification,dichotomous_icc,1PL,dark_high_contrast,"{'color_palette': 'bright', 'gridlines': 'faint', 'height_px': 750, 'image_format': 'png', 'image_path': 'data/benchmark/images/1pl_001_icc__dark_high_contrast.png', 'legend_position': 'best', 'line_width': 2.6, 'num_rendered_lines': 1, 'render_engine': 'matplotlib', 'style_context': 'dark_background', 'style_profile_id': 'dark_high_contrast', 'theme': 'dark', 'tick_density': 'standard', 'width_px': 1125, 'x_axis': {'label': 'Ability (theta)', 'max': 4.0, 'min': -4.0}, 'y_axis': {'label': 'Probability of keyed response', 'max': 1.02, 'min': 0.0}}",matplotlib,dark
"{'a': 0.0, 'b': 0.0, 'c': 0.0, 'd': 0.0, 'irt_model': {'expected': '1PL', 'observed': '1PL'}}",deterministic_reference_rubric_v1,"Parsed target JSON, compared fields to stored ground truth, and applied fixed rubric thresholds.",1pl_001_icc__dark_high_contrast__parameter_estimation__oracle__deterministic_judge,15,1.0,True,1pl_001_icc__dark_high_contrast__parameter_estimation__oracle,"{'field_scores': {'a': 3, 'b': 3, 'c': 3, 'd': 3, 'irt_model': 1}, 'reasoning_score': 2}",1pl_001_icc__dark_high_contrast,local_oracle_baseline,1pl_001_icc__dark_high_contrast__parameter_estimation,15,parameter_estimation,dichotomous_icc,1PL,dark_high_contrast,"{'color_palette': 'bright', 'gridlines': 'faint', 'height_px': 750, 'image_format': 'png', 'image_path': 'data/benchmark/images/1pl_001_icc__dark_high_contrast.png', 'legend_position': 'best', 'line_width': 2.6, 'num_rendered_lines': 1, 'render_engine': 'matplotlib', 'style_context': 'dark_background', 'style_profile_id': 'dark_high_contrast', 'theme': 'dark', 'tick_density': 'standard', 'width_px': 1125, 'x_axis': {'label': 'Ability (theta)', 'max': 4.0, 'min': -4.0}, 'y_axis': {'label': 'Probability of keyed response', 'max': 1.02, 'min': 0.0}}",matplotlib,dark
"{'a': 0.0089, 'b': 0.1575, 'c': 0.1477, 'd': 0.1325, 'irt_model': {'expected': '1PL', 'observed': '1PL'}}",deterministic_reference_rubric_v1,"Parsed target JSON, compared fields to stored ground truth, and applied fixed rubric thresholds.",1pl_001_icc__dark_high_contrast__parameter_estimation__noisy__deterministic_judge,15,0.8667,True,1pl_001_icc__dark_high_contrast__parameter_estimation__noisy,"{'field_scores': {'a': 3, 'b': 2, 'c': 3, 'd': 3, 'irt_model': 1}, 'reasoning_score': 1}",1pl_001_icc__dark_high_contrast,local_noisy_baseline,1pl_001_icc__dark_high_contrast__parameter_estimation,13,parameter_estimation,dichotomous_icc,1PL,dark_high_contrast,"{'color_palette': 'bright', 'gridlines': 'faint', 'height_px': 750, 'image_format': 'png', 'image_path': 'data/benchmark/images/1pl_001_icc__dark_high_contrast.png', 'legend_position': 'best', 'line_width': 2.6, 'num_rendered_lines': 1, 'render_engine': 'matplotlib', 'style_context': 'dark_background', 'style_profile_id': 'dark_high_contrast', 'theme': 'dark', 'tick_density': 'standard', 'width_px': 1125, 'x_axis': {'label': 'Ability (theta)', 'max': 4.0, 'min': -4.0}, 'y_axis': {'label': 'Probability of keyed response', 'max': 1.02, 'min': 0.0}}",matplotlib,dark
"{'a': 0.1769, 'b': 0.3228, 'c': 0.3725, 'd': 0.1874, 'irt_model': {'expected': '1PL', 'observed': '2PL'}}",deterministic_reference_rubric_v1,"Parsed target JSON, compared fields to stored ground truth, and applied fixed rubric thresholds.",1pl_001_icc__dark_high_contrast__parameter_estimation__blind__deterministic_judge,15,0.4667,True,1pl_001_icc__dark_high_contrast__parameter_estimation__blind,"{'field_scores': {'a': 2, 'b': 1, 'c': 1, 'd': 2, 'irt_model': 0}, 'reasoning_score': 1}",1pl_001_icc__dark_high_contrast,local_blind_baseline,1pl_001_icc__dark_high_contrast__parameter_estimation,7,parameter_estimation,dichotomous_icc,1PL,dark_high_contrast,"{'color_palette': 'bright', 'gridlines': 'faint', 'height_px': 750, 'image_format': 'png', 'image_path': 'data/benchmark/images/1pl_001_icc__dark_high_contrast.png', 'legend_position': 'best', 'line_width': 2.6, 'num_rendered_lines': 1, 'render_engine': 'matplotlib', 'style_context': 'dark_background', 'style_profile_id': 'dark_high_contrast', 'theme': 'dark', 'tick_density': 'standard', 'width_px': 1125, 'x_axis': {'label': 'Ability (theta)', 'max': 4.0, 'min': -4.0}, 'y_axis': {'label': 'Probability of keyed response', 'max': 1.02, 'min': 0.0}}",matplotlib,dark
{'probability': 0.0},deterministic_reference_rubric_v1,"Parsed target JSON, compared fields to stored ground truth, and applied fixed rubric thresholds.",1pl_001_icc__dark_high_contrast__probability_at_theta_0.0__oracle__deterministic_judge,5,1.0,True,1pl_001_icc__dark_high_contrast__probability_at_theta_0.0__oracle,"{'field_scores': {'probability': 3}, 'reasoning_score': 2}",1pl_001_icc__dark_high_contrast,local_oracle_baseline,1pl_001_icc__dark_high_contrast__probability_at_theta_0.0,5,probability_at_theta_0.0,dichotomous_icc,1PL,dark_high_contrast,"{'color_palette': 'bright', 'gridlines': 'faint', 'height_px': 750, 'image_format': 'png', 'image_path': 'data/benchmark/images/1pl_001_icc__dark_high_contrast.png', 'legend_position': 'best', 'line_width': 2.6, 'num_rendered_lines': 1, 'render_engine': 'matplotlib', 'style_context': 'dark_background', 'style_profile_id': 'dark_high_contrast', 'theme': 'dark', 'tick_density': 'standard', 'width_px': 1125, 'x_axis': {'label': 'Ability (theta)', 'max': 4.0, 'min': -4.0}, 'y_axis': {'label': 'Probability of keyed response', 'max': 1.02, 'min': 0.0}}",matplotlib,dark
{'probability': 0.013},deterministic_reference_rubric_v1,"Parsed target JSON, compared fields to stored ground truth, and applied fixed rubric thresholds.",1pl_001_icc__dark_high_contrast__probability_at_theta_0.0__noisy__deterministic_judge,5,0.8,True,1pl_001_icc__dark_high_contrast__probability_at_theta_0.0__noisy,"{'field_scores': {'probability': 3}, 'reasoning_score': 1}",1pl_001_icc__dark_high_contrast,local_noisy_baseline,1pl_001_icc__dark_high_contrast__probability_at_theta_0.0,4,probability_at_theta_0.0,dichotomous_icc,1PL,dark_high_contrast,"{'color_palette': 'bright', 'gridlines': 'faint', 'height_px': 750, 'image_format': 'png', 'image_path': 'data/benchmark/images/1pl_001_icc__dark_high_contrast.png', 'legend_position': 'best', 'line_width': 2.6, 'num_rendered_lines': 1, 'render_engine': 'matplotlib', 'style_context': 'dark_background', 'style_profile_id': 'dark_high_contrast', 'theme': 'dark', 'tick_density': 'standard', 'width_px': 1125, 'x_axis': {'label': 'Ability (theta)', 'max': 4.0, 'min': -4.0}, 'y_axis': {'label': 'Probability of keyed response', 'max': 1.02, 'min': 0.0}}",matplotlib,dark
{'probability': 0.9674},deterministic_reference_rubric_v1,"Parsed target JSON, compared fields to stored ground truth, and applied fixed rubric thresholds.",1pl_001_icc__dark_high_contrast__probability_at_theta_0.0__blind__deterministic_judge,5,0.2,True,1pl_001_icc__dark_high_contrast__probability_at_theta_0.0__blind,"{'field_scores': {'probability': 0}, 'reasoning_score': 1}",1pl_001_icc__dark_high_contrast,local_blind_baseline,1pl_001_icc__dark_high_contrast__probability_at_theta_0.0,1,probability_at_theta_0.0,dichotomous_icc,1PL,dark_high_contrast,"{'color_palette': 'bright', 'gridlines': 'faint', 'height_px': 750, 'image_format': 'png', 'image_path': 'data/benchmark/images/1pl_001_icc__dark_high_contrast.png', 'legend_position': 'best', 'line_width': 2.6, 'num_rendered_lines': 1, 'render_engine': 'matplotlib', 'style_context': 'dark_background', 'style_profile_id': 'dark_high_contrast', 'theme': 'dark', 'tick_density': 'standard', 'width_px': 1125, 'x_axis': {'label': 'Ability (theta)', 'max': 4.0, 'min': -4.0}, 'y_axis': {'label': 'Probability of keyed response', 'max': 1.02, 'min': 0.0}}",matplotlib,dark
"{'irt_model': {'expected': '1PL', 'observed': '1PL'}}",deterministic_reference_rubric_v1,"Parsed target JSON, compared fields to stored ground truth, and applied fixed rubric thresholds.",1pl_001_icc__lattice_emulation__model_identification__oracle__deterministic_judge,3,1.0,True,1pl_001_icc__lattice_emulation__model_identification__oracle,"{'field_scores': {'irt_model': 1}, 'reasoning_score': 2}",1pl_001_icc__lattice_emulation,local_oracle_baseline,1pl_001_icc__lattice_emulation__model_identification,3,model_identification,dichotomous_icc,1PL,lattice_emulation,"{'color_palette': 'colorblind', 'gridlines': 'faint', 'height_px': 750, 'image_format': 'png', 'image_path': 'data/benchmark/images/1pl_001_icc__lattice_emulation.png', 'legend_position': 'outside', 'line_width': 2.0, 'num_rendered_lines': 1, 'render_engine': 'matplotlib_lattice_emulation', 'style_context': 'classic', 'style_profile_id': 'lattice_emulation', 'theme': 'light', 'tick_density': 'standard', 'width_px': 1125, 'x_axis': {'label': 'Ability (theta)', 'max': 4.0, 'min': -4.0}, 'y_axis': {'label': 'Probability of keyed response', 'max': 1.02, 'min': 0.0}}",matplotlib_lattice_emulation,light
"{'irt_model': {'expected': '1PL', 'observed': '1PL'}}",deterministic_reference_rubric_v1,"Parsed target JSON, compared fields to stored ground truth, and applied fixed rubric thresholds.",1pl_001_icc__lattice_emulation__model_identification__noisy__deterministic_judge,3,0.6667,True,1pl_001_icc__lattice_emulation__model_identification__noisy,"{'field_scores': {'irt_model': 1}, 'reasoning_score': 1}",1pl_001_icc__lattice_emulation,local_noisy_baseline,1pl_001_icc__lattice_emulation__model_identification,2,model_identification,dichotomous_icc,1PL,lattice_emulation,"{'color_palette': 'colorblind', 'gridlines': 'faint', 'height_px': 750, 'image_format': 'png', 'image_path': 'data/benchmark/images/1pl_001_icc__lattice_emulation.png', 'legend_position': 'outside', 'line_width': 2.0, 'num_rendered_lines': 1, 'render_engine': 'matplotlib_lattice_emulation', 'style_context': 'classic', 'style_profile_id': 'lattice_emulation', 'theme': 'light', 'tick_density': 'standard', 'width_px': 1125, 'x_axis': {'label': 'Ability (theta)', 'max': 4.0, 'min': -4.0}, 'y_axis': {'label': 'Probability of keyed response', 'max': 1.02, 'min': 0.0}}",matplotlib_lattice_emulation,light
"{'irt_model': {'expected': '1PL', 'observed': '2PL'}}",deterministic_reference_rubric_v1,"Parsed target JSON, compared fields to stored ground truth, and applied fixed rubric thresholds.",1pl_001_icc__lattice_emulation__model_identification__blind__deterministic_judge,3,0.3333,True,1pl_001_icc__lattice_emulation__model_identification__blind,"{'field_scores': {'irt_model': 0}, 'reasoning_score': 1}",1pl_001_icc__lattice_emulation,local_blind_baseline,1pl_001_icc__lattice_emulation__model_identification,1,model_identification,dichotomous_icc,1PL,lattice_emulation,"{'color_palette': 'colorblind', 'gridlines': 'faint', 'height_px': 750, 'image_format': 'png', 'image_path': 'data/benchmark/images/1pl_001_icc__lattice_emulation.png', 'legend_position': 'outside', 'line_width': 2.0, 'num_rendered_lines': 1, 'render_engine': 'matplotlib_lattice_emulation', 'style_context': 'classic', 'style_profile_id': 'lattice_emulation', 'theme': 'light', 'tick_density': 'standard', 'width_px': 1125, 'x_axis': {'label': 'Ability (theta)', 'max': 4.0, 'min': -4.0}, 'y_axis': {'label': 'Probability of keyed response', 'max': 1.02, 'min': 0.0}}",matplotlib_lattice_emulation,light
"{'a': 0.0, 'b': 0.0, 'c': 0.0, 'd': 0.0, 'irt_model': {'expected': '1PL', 'observed': '1PL'}}",deterministic_reference_rubric_v1,"Parsed target JSON, compared fields to stored ground truth, and applied fixed rubric thresholds.",1pl_001_icc__lattice_emulation__parameter_estimation__oracle__deterministic_judge,15,1.0,True,1pl_001_icc__lattice_emulation__parameter_estimation__oracle,"{'field_scores': {'a': 3, 'b': 3, 'c': 3, 'd': 3, 'irt_model': 1}, 'reasoning_score': 2}",1pl_001_icc__lattice_emulation,local_oracle_baseline,1pl_001_icc__lattice_emulation__parameter_estimation,15,parameter_estimation,dichotomous_icc,1PL,lattice_emulation,"{'color_palette': 'colorblind', 'gridlines': 'faint', 'height_px': 750, 'image_format': 'png', 'image_path': 'data/benchmark/images/1pl_001_icc__lattice_emulation.png', 'legend_position': 'outside', 'line_width': 2.0, 'num_rendered_lines': 1, 'render_engine': 'matplotlib_lattice_emulation', 'style_context': 'classic', 'style_profile_id': 'lattice_emulation', 'theme': 'light', 'tick_density': 'standard', 'width_px': 1125, 'x_axis': {'label': 'Ability (theta)', 'max': 4.0, 'min': -4.0}, 'y_axis': {'label': 'Probability of keyed response', 'max': 1.02, 'min': 0.0}}",matplotlib_lattice_emulation,light
"{'a': 0.0035, 'b': 0.2823, 'c': 0.0458, 'd': 0.0696, 'irt_model': {'expected': '1PL', 'observed': '1PL'}}",deterministic_reference_rubric_v1,"Parsed target JSON, compared fields to stored ground truth, and applied fixed rubric thresholds.",1pl_001_icc__lattice_emulation__parameter_estimation__noisy__deterministic_judge,15,0.8667,True,1pl_001_icc__lattice_emulation__parameter_estimation__noisy,"{'field_scores': {'a': 3, 'b': 2, 'c': 3, 'd': 3, 'irt_model': 1}, 'reasoning_score': 1}",1pl_001_icc__lattice_emulation,local_noisy_baseline,1pl_001_icc__lattice_emulation__parameter_estimation,13,parameter_estimation,dichotomous_icc,1PL,lattice_emulation,"{'color_palette': 'colorblind', 'gridlines': 'faint', 'height_px': 750, 'image_format': 'png', 'image_path': 'data/benchmark/images/1pl_001_icc__lattice_emulation.png', 'legend_position': 'outside', 'line_width': 2.0, 'num_rendered_lines': 1, 'render_engine': 'matplotlib_lattice_emulation', 'style_context': 'classic', 'style_profile_id': 'lattice_emulation', 'theme': 'light', 'tick_density': 'standard', 'width_px': 1125, 'x_axis': {'label': 'Ability (theta)', 'max': 4.0, 'min': -4.0}, 'y_axis': {'label': 'Probability of keyed response', 'max': 1.02, 'min': 0.0}}",matplotlib_lattice_emulation,light
"{'a': 0.3455, 'b': 2.5595, 'c': 0.9661, 'd': 0.7713, 'irt_model': {'expected': '1PL', 'observed': '2PL'}}",deterministic_reference_rubric_v1,"Parsed target JSON, compared fields to stored ground truth, and applied fixed rubric thresholds.",1pl_001_icc__lattice_emulation__parameter_estimation__blind__deterministic_judge,15,0.1333,True,1pl_001_icc__lattice_emulation__parameter_estimation__blind,"{'field_scores': {'a': 1, 'b': 0, 'c': 0, 'd': 0, 'irt_model': 0}, 'reasoning_score': 1}",1pl_001_icc__lattice_emulation,local_blind_baseline,1pl_001_icc__lattice_emulation__parameter_estimation,2,parameter_estimation,dichotomous_icc,1PL,lattice_emulation,"{'color_palette': 'colorblind', 'gridlines': 'faint', 'height_px': 750, 'image_format': 'png', 'image_path': 'data/benchmark/images/1pl_001_icc__lattice_emulation.png', 'legend_position': 'outside', 'line_width': 2.0, 'num_rendered_lines': 1, 'render_engine': 'matplotlib_lattice_emulation', 'style_context': 'classic', 'style_profile_id': 'lattice_emulation', 'theme': 'light', 'tick_density': 'standard', 'width_px': 1125, 'x_axis': {'label': 'Ability (theta)', 'max': 4.0, 'min': -4.0}, 'y_axis': {'label': 'Probability of keyed response', 'max': 1.02, 'min': 0.0}}",matplotlib_lattice_emulation,light
{'probability': 0.0},deterministic_reference_rubric_v1,"Parsed target JSON, compared fields to stored ground truth, and applied fixed rubric thresholds.",1pl_001_icc__lattice_emulation__probability_at_theta_0.0__oracle__deterministic_judge,5,1.0,True,1pl_001_icc__lattice_emulation__probability_at_theta_0.0__oracle,"{'field_scores': {'probability': 3}, 'reasoning_score': 2}",1pl_001_icc__lattice_emulation,local_oracle_baseline,1pl_001_icc__lattice_emulation__probability_at_theta_0.0,5,probability_at_theta_0.0,dichotomous_icc,1PL,lattice_emulation,"{'color_palette': 'colorblind', 'gridlines': 'faint', 'height_px': 750, 'image_format': 'png', 'image_path': 'data/benchmark/images/1pl_001_icc__lattice_emulation.png', 'legend_position': 'outside', 'line_width': 2.0, 'num_rendered_lines': 1, 'render_engine': 'matplotlib_lattice_emulation', 'style_context': 'classic', 'style_profile_id': 'lattice_emulation', 'theme': 'light', 'tick_density': 'standard', 'width_px': 1125, 'x_axis': {'label': 'Ability (theta)', 'max': 4.0, 'min': -4.0}, 'y_axis': {'label': 'Probability of keyed response', 'max': 1.02, 'min': 0.0}}",matplotlib_lattice_emulation,light
{'probability': 0.0921},deterministic_reference_rubric_v1,"Parsed target JSON, compared fields to stored ground truth, and applied fixed rubric thresholds.",1pl_001_icc__lattice_emulation__probability_at_theta_0.0__noisy__deterministic_judge,5,0.6,True,1pl_001_icc__lattice_emulation__probability_at_theta_0.0__noisy,"{'field_scores': {'probability': 2}, 'reasoning_score': 1}",1pl_001_icc__lattice_emulation,local_noisy_baseline,1pl_001_icc__lattice_emulation__probability_at_theta_0.0,3,probability_at_theta_0.0,dichotomous_icc,1PL,lattice_emulation,"{'color_palette': 'colorblind', 'gridlines': 'faint', 'height_px': 750, 'image_format': 'png', 'image_path': 'data/benchmark/images/1pl_001_icc__lattice_emulation.png', 'legend_position': 'outside', 'line_width': 2.0, 'num_rendered_lines': 1, 'render_engine': 'matplotlib_lattice_emulation', 'style_context': 'classic', 'style_profile_id': 'lattice_emulation', 'theme': 'light', 'tick_density': 'standard', 'width_px': 1125, 'x_axis': {'label': 'Ability (theta)', 'max': 4.0, 'min': -4.0}, 'y_axis': {'label': 'Probability of keyed response', 'max': 1.02, 'min': 0.0}}",matplotlib_lattice_emulation,light
{'probability': 0.3895},deterministic_reference_rubric_v1,"Parsed target JSON, compared fields to stored ground truth, and applied fixed rubric thresholds.",1pl_001_icc__lattice_emulation__probability_at_theta_0.0__blind__deterministic_judge,5,0.2,True,1pl_001_icc__lattice_emulation__probability_at_theta_0.0__blind,"{'field_scores': {'probability': 0}, 'reasoning_score': 1}",1pl_001_icc__lattice_emulation,local_blind_baseline,1pl_001_icc__lattice_emulation__probability_at_theta_0.0,1,probability_at_theta_0.0,dichotomous_icc,1PL,lattice_emulation,"{'color_palette': 'colorblind', 'gridlines': 'faint', 'height_px': 750, 'image_format': 'png', 'image_path': 'data/benchmark/images/1pl_001_icc__lattice_emulation.png', 'legend_position': 'outside', 'line_width': 2.0, 'num_rendered_lines': 1, 'render_engine': 'matplotlib_lattice_emulation', 'style_context': 'classic', 'style_profile_id': 'lattice_emulation', 'theme': 'light', 'tick_density': 'standard', 'width_px': 1125, 'x_axis': {'label': 'Ability (theta)', 'max': 4.0, 'min': -4.0}, 'y_axis': {'label': 'Probability of keyed response', 'max': 1.02, 'min': 0.0}}",matplotlib_lattice_emulation,light
"{'irt_model': {'expected': '1PL', 'observed': '1PL'}}",deterministic_reference_rubric_v1,"Parsed target JSON, compared fields to stored ground truth, and applied fixed rubric thresholds.",1pl_001_iif__matplotlib_light__model_identification__oracle__deterministic_judge,3,1.0,True,1pl_001_iif__matplotlib_light__model_identification__oracle,"{'field_scores': {'irt_model': 1}, 'reasoning_score': 2}",1pl_001_iif__matplotlib_light,local_oracle_baseline,1pl_001_iif__matplotlib_light__model_identification,3,model_identification,item_information,1PL,matplotlib_light,"{'color_palette': 'tab10', 'gridlines': 'standard', 'height_px': 750, 'image_format': 'png', 'image_path': 'data/benchmark/images/1pl_001_iif__matplotlib_light.png', 'legend_position': 'best', 'line_width': 2.4, 'num_rendered_lines': 1, 'render_engine': 'matplotlib', 'style_context': 'default', 'style_profile_id': 'matplotlib_light', 'theme': 'light', 'tick_density': 'standard', 'width_px': 1125, 'x_axis': {'label': 'Ability (theta)', 'max': 4.0, 'min': -4.0}, 'y_axis': {'label': 'Information', 'max': 0.7801760000000001, 'min': 0.0}}",matplotlib,light
"{'irt_model': {'expected': '1PL', 'observed': '1PL'}}",deterministic_reference_rubric_v1,"Parsed target JSON, compared fields to stored ground truth, and applied fixed rubric thresholds.",1pl_001_iif__matplotlib_light__model_identification__noisy__deterministic_judge,3,0.6667,True,1pl_001_iif__matplotlib_light__model_identification__noisy,"{'field_scores': {'irt_model': 1}, 'reasoning_score': 1}",1pl_001_iif__matplotlib_light,local_noisy_baseline,1pl_001_iif__matplotlib_light__model_identification,2,model_identification,item_information,1PL,matplotlib_light,"{'color_palette': 'tab10', 'gridlines': 'standard', 'height_px': 750, 'image_format': 'png', 'image_path': 'data/benchmark/images/1pl_001_iif__matplotlib_light.png', 'legend_position': 'best', 'line_width': 2.4, 'num_rendered_lines': 1, 'render_engine': 'matplotlib', 'style_context': 'default', 'style_profile_id': 'matplotlib_light', 'theme': 'light', 'tick_density': 'standard', 'width_px': 1125, 'x_axis': {'label': 'Ability (theta)', 'max': 4.0, 'min': -4.0}, 'y_axis': {'label': 'Information', 'max': 0.7801760000000001, 'min': 0.0}}",matplotlib,light
"{'irt_model': {'expected': '1PL', 'observed': '2PL'}}",deterministic_reference_rubric_v1,"Parsed target JSON, compared fields to stored ground truth, and applied fixed rubric thresholds.",1pl_001_iif__matplotlib_light__model_identification__blind__deterministic_judge,3,0.3333,True,1pl_001_iif__matplotlib_light__model_identification__blind,"{'field_scores': {'irt_model': 0}, 'reasoning_score': 1}",1pl_001_iif__matplotlib_light,local_blind_baseline,1pl_001_iif__matplotlib_light__model_identification,1,model_identification,item_information,1PL,matplotlib_light,"{'color_palette': 'tab10', 'gridlines': 'standard', 'height_px': 750, 'image_format': 'png', 'image_path': 'data/benchmark/images/1pl_001_iif__matplotlib_light.png', 'legend_position': 'best', 'line_width': 2.4, 'num_rendered_lines': 1, 'render_engine': 'matplotlib', 'style_context': 'default', 'style_profile_id': 'matplotlib_light', 'theme': 'light', 'tick_density': 'standard', 'width_px': 1125, 'x_axis': {'label': 'Ability (theta)', 'max': 4.0, 'min': -4.0}, 'y_axis': {'label': 'Information', 'max': 0.7801760000000001, 'min': 0.0}}",matplotlib,light
"{'peak_information': 0.0, 'peak_theta': 0.0}",deterministic_reference_rubric_v1,"Parsed target JSON, compared fields to stored ground truth, and applied fixed rubric thresholds.",1pl_001_iif__matplotlib_light__information_peak__oracle__deterministic_judge,8,1.0,True,1pl_001_iif__matplotlib_light__information_peak__oracle,"{'field_scores': {'peak_information': 3, 'peak_theta': 3}, 'reasoning_score': 2}",1pl_001_iif__matplotlib_light,local_oracle_baseline,1pl_001_iif__matplotlib_light__information_peak,8,information_peak,item_information,1PL,matplotlib_light,"{'color_palette': 'tab10', 'gridlines': 'standard', 'height_px': 750, 'image_format': 'png', 'image_path': 'data/benchmark/images/1pl_001_iif__matplotlib_light.png', 'legend_position': 'best', 'line_width': 2.4, 'num_rendered_lines': 1, 'render_engine': 'matplotlib', 'style_context': 'default', 'style_profile_id': 'matplotlib_light', 'theme': 'light', 'tick_density': 'standard', 'width_px': 1125, 'x_axis': {'label': 'Ability (theta)', 'max': 4.0, 'min': -4.0}, 'y_axis': {'label': 'Information', 'max': 0.7801760000000001, 'min': 0.0}}",matplotlib,light
"{'peak_information': 0.1598, 'peak_theta': 0.1923}",deterministic_reference_rubric_v1,"Parsed target JSON, compared fields to stored ground truth, and applied fixed rubric thresholds.",1pl_001_iif__matplotlib_light__information_peak__noisy__deterministic_judge,8,0.75,True,1pl_001_iif__matplotlib_light__information_peak__noisy,"{'field_scores': {'peak_information': 2, 'peak_theta': 3}, 'reasoning_score': 1}",1pl_001_iif__matplotlib_light,local_noisy_baseline,1pl_001_iif__matplotlib_light__information_peak,6,information_peak,item_information,1PL,matplotlib_light,"{'color_palette': 'tab10', 'gridlines': 'standard', 'height_px': 750, 'image_format': 'png', 'image_path': 'data/benchmark/images/1pl_001_iif__matplotlib_light.png', 'legend_position': 'best', 'line_width': 2.4, 'num_rendered_lines': 1, 'render_engine': 'matplotlib', 'style_context': 'default', 'style_profile_id': 'matplotlib_light', 'theme': 'light', 'tick_density': 'standard', 'width_px': 1125, 'x_axis': {'label': 'Ability (theta)', 'max': 4.0, 'min': -4.0}, 'y_axis': {'label': 'Information', 'max': 0.7801760000000001, 'min': 0.0}}",matplotlib,light
"{'peak_information': 0.7451, 'peak_theta': 0.9727}",deterministic_reference_rubric_v1,"Parsed target JSON, compared fields to stored ground truth, and applied fixed rubric thresholds.",1pl_001_iif__matplotlib_light__information_peak__blind__deterministic_judge,8,0.25,True,1pl_001_iif__matplotlib_light__information_peak__blind,"{'field_scores': {'peak_information': 1, 'peak_theta': 0}, 'reasoning_score': 1}",1pl_001_iif__matplotlib_light,local_blind_baseline,1pl_001_iif__matplotlib_light__information_peak,2,information_peak,item_information,1PL,matplotlib_light,"{'color_palette': 'tab10', 'gridlines': 'standard', 'height_px': 750, 'image_format': 'png', 'image_path': 'data/benchmark/images/1pl_001_iif__matplotlib_light.png', 'legend_position': 'best', 'line_width': 2.4, 'num_rendered_lines': 1, 'render_engine': 'matplotlib', 'style_context': 'default', 'style_profile_id': 'matplotlib_light', 'theme': 'light', 'tick_density': 'standard', 'width_px': 1125, 'x_axis': {'label': 'Ability (theta)', 'max': 4.0, 'min': -4.0}, 'y_axis': {'label': 'Information', 'max': 0.7801760000000001, 'min': 0.0}}",matplotlib,light
"{'irt_model': {'expected': '1PL', 'observed': '1PL'}}",deterministic_reference_rubric_v1,"Parsed target JSON, compared fields to stored ground truth, and applied fixed rubric thresholds.",1pl_001_iif__seaborn_whitegrid__model_identification__oracle__deterministic_judge,3,1.0,True,1pl_001_iif__seaborn_whitegrid__model_identification__oracle,"{'field_scores': {'irt_model': 1}, 'reasoning_score': 2}",1pl_001_iif__seaborn_whitegrid,local_oracle_baseline,1pl_001_iif__seaborn_whitegrid__model_identification,3,model_identification,item_information,1PL,seaborn_whitegrid,"{'color_palette': 'deep', 'gridlines': 'standard', 'height_px': 750, 'image_format': 'png', 'image_path': 'data/benchmark/images/1pl_001_iif__seaborn_whitegrid.png', 'legend_position': 'right', 'line_width': 2.4, 'num_rendered_lines': 1, 'render_engine': 'seaborn', 'style_context': 'whitegrid', 'style_profile_id': 'seaborn_whitegrid', 'theme': 'light', 'tick_density': 'standard', 'width_px': 1125, 'x_axis': {'label': 'Ability (theta)', 'max': 4.0, 'min': -4.0}, 'y_axis': {'label': 'Information', 'max': 0.7801760000000001, 'min': 0.0}}",seaborn,light
"{'irt_model': {'expected': '1PL', 'observed': '1PL'}}",deterministic_reference_rubric_v1,"Parsed target JSON, compared fields to stored ground truth, and applied fixed rubric thresholds.",1pl_001_iif__seaborn_whitegrid__model_identification__noisy__deterministic_judge,3,0.6667,True,1pl_001_iif__seaborn_whitegrid__model_identification__noisy,"{'field_scores': {'irt_model': 1}, 'reasoning_score': 1}",1pl_001_iif__seaborn_whitegrid,local_noisy_baseline,1pl_001_iif__seaborn_whitegrid__model_identification,2,model_identification,item_information,1PL,seaborn_whitegrid,"{'color_palette': 'deep', 'gridlines': 'standard', 'height_px': 750, 'image_format': 'png', 'image_path': 'data/benchmark/images/1pl_001_iif__seaborn_whitegrid.png', 'legend_position': 'right', 'line_width': 2.4, 'num_rendered_lines': 1, 'render_engine': 'seaborn', 'style_context': 'whitegrid', 'style_profile_id': 'seaborn_whitegrid', 'theme': 'light', 'tick_density': 'standard', 'width_px': 1125, 'x_axis': {'label': 'Ability (theta)', 'max': 4.0, 'min': -4.0}, 'y_axis': {'label': 'Information', 'max': 0.7801760000000001, 'min': 0.0}}",seaborn,light
"{'irt_model': {'expected': '1PL', 'observed': '2PL'}}",deterministic_reference_rubric_v1,"Parsed target JSON, compared fields to stored ground truth, and applied fixed rubric thresholds.",1pl_001_iif__seaborn_whitegrid__model_identification__blind__deterministic_judge,3,0.3333,True,1pl_001_iif__seaborn_whitegrid__model_identification__blind,"{'field_scores': {'irt_model': 0}, 'reasoning_score': 1}",1pl_001_iif__seaborn_whitegrid,local_blind_baseline,1pl_001_iif__seaborn_whitegrid__model_identification,1,model_identification,item_information,1PL,seaborn_whitegrid,"{'color_palette': 'deep', 'gridlines': 'standard', 'height_px': 750, 'image_format': 'png', 'image_path': 'data/benchmark/images/1pl_001_iif__seaborn_whitegrid.png', 'legend_position': 'right', 'line_width': 2.4, 'num_rendered_lines': 1, 'render_engine': 'seaborn', 'style_context': 'whitegrid', 'style_profile_id': 'seaborn_whitegrid', 'theme': 'light', 'tick_density': 'standard', 'width_px': 1125, 'x_axis': {'label': 'Ability (theta)', 'max': 4.0, 'min': -4.0}, 'y_axis': {'label': 'Information', 'max': 0.7801760000000001, 'min': 0.0}}",seaborn,light
"{'peak_information': 0.0, 'peak_theta': 0.0}",deterministic_reference_rubric_v1,"Parsed target JSON, compared fields to stored ground truth, and applied fixed rubric thresholds.",1pl_001_iif__seaborn_whitegrid__information_peak__oracle__deterministic_judge,8,1.0,True,1pl_001_iif__seaborn_whitegrid__information_peak__oracle,"{'field_scores': {'peak_information': 3, 'peak_theta': 3}, 'reasoning_score': 2}",1pl_001_iif__seaborn_whitegrid,local_oracle_baseline,1pl_001_iif__seaborn_whitegrid__information_peak,8,information_peak,item_information,1PL,seaborn_whitegrid,"{'color_palette': 'deep', 'gridlines': 'standard', 'height_px': 750, 'image_format': 'png', 'image_path': 'data/benchmark/images/1pl_001_iif__seaborn_whitegrid.png', 'legend_position': 'right', 'line_width': 2.4, 'num_rendered_lines': 1, 'render_engine': 'seaborn', 'style_context': 'whitegrid', 'style_profile_id': 'seaborn_whitegrid', 'theme': 'light', 'tick_density': 'standard', 'width_px': 1125, 'x_axis': {'label': 'Ability (theta)', 'max': 4.0, 'min': -4.0}, 'y_axis': {'label': 'Information', 'max': 0.7801760000000001, 'min': 0.0}}",seaborn,light
"{'peak_information': 0.0625, 'peak_theta': 0.0973}",deterministic_reference_rubric_v1,"Parsed target JSON, compared fields to stored ground truth, and applied fixed rubric thresholds.",1pl_001_iif__seaborn_whitegrid__information_peak__noisy__deterministic_judge,8,0.875,True,1pl_001_iif__seaborn_whitegrid__information_peak__noisy,"{'field_scores': {'peak_information': 3, 'peak_theta': 3}, 'reasoning_score': 1}",1pl_001_iif__seaborn_whitegrid,local_noisy_baseline,1pl_001_iif__seaborn_whitegrid__information_peak,7,information_peak,item_information,1PL,seaborn_whitegrid,"{'color_palette': 'deep', 'gridlines': 'standard', 'height_px': 750, 'image_format': 'png', 'image_path': 'data/benchmark/images/1pl_001_iif__seaborn_whitegrid.png', 'legend_position': 'right', 'line_width': 2.4, 'num_rendered_lines': 1, 'render_engine': 'seaborn', 'style_context': 'whitegrid', 'style_profile_id': 'seaborn_whitegrid', 'theme': 'light', 'tick_density': 'standard', 'width_px': 1125, 'x_axis': {'label': 'Ability (theta)', 'max': 4.0, 'min': -4.0}, 'y_axis': {'label': 'Information', 'max': 0.7801760000000001, 'min': 0.0}}",seaborn,light
"{'peak_information': 0.0799, 'peak_theta': 0.569}",deterministic_reference_rubric_v1,"Parsed target JSON, compared fields to stored ground truth, and applied fixed rubric thresholds.",1pl_001_iif__seaborn_whitegrid__information_peak__blind__deterministic_judge,8,0.625,True,1pl_001_iif__seaborn_whitegrid__information_peak__blind,"{'field_scores': {'peak_information': 3, 'peak_theta': 1}, 'reasoning_score': 1}",1pl_001_iif__seaborn_whitegrid,local_blind_baseline,1pl_001_iif__seaborn_whitegrid__information_peak,5,information_peak,item_information,1PL,seaborn_whitegrid,"{'color_palette': 'deep', 'gridlines': 'standard', 'height_px': 750, 'image_format': 'png', 'image_path': 'data/benchmark/images/1pl_001_iif__seaborn_whitegrid.png', 'legend_position': 'right', 'line_width': 2.4, 'num_rendered_lines': 1, 'render_engine': 'seaborn', 'style_context': 'whitegrid', 'style_profile_id': 'seaborn_whitegrid', 'theme': 'light', 'tick_density': 'standard', 'width_px': 1125, 'x_axis': {'label': 'Ability (theta)', 'max': 4.0, 'min': -4.0}, 'y_axis': {'label': 'Information', 'max': 0.7801760000000001, 'min': 0.0}}",seaborn,light
"{'irt_model': {'expected': '1PL', 'observed': '1PL'}}",deterministic_reference_rubric_v1,"Parsed target JSON, compared fields to stored ground truth, and applied fixed rubric thresholds.",1pl_001_iif__ggplot_gray__model_identification__oracle__deterministic_judge,3,1.0,True,1pl_001_iif__ggplot_gray__model_identification__oracle,"{'field_scores': {'irt_model': 1}, 'reasoning_score': 2}",1pl_001_iif__ggplot_gray,local_oracle_baseline,1pl_001_iif__ggplot_gray__model_identification,3,model_identification,item_information,1PL,ggplot_gray,"{'color_palette': 'muted', 'gridlines': 'heavy', 'height_px': 750, 'image_format': 'png', 'image_path': 'data/benchmark/images/1pl_001_iif__ggplot_gray.png', 'legend_position': 'best', 'line_width': 2.2, 'num_rendered_lines': 1, 'render_engine': 'matplotlib_ggplot_style', 'style_context': 'ggplot', 'style_profile_id': 'ggplot_gray', 'theme': 'light', 'tick_density': 'dense', 'width_px': 1125, 'x_axis': {'label': 'Ability (theta)', 'max': 4.0, 'min': -4.0}, 'y_axis': {'label': 'Information', 'max': 0.7801760000000001, 'min': 0.0}}",matplotlib_ggplot_style,light
"{'irt_model': {'expected': '1PL', 'observed': '1PL'}}",deterministic_reference_rubric_v1,"Parsed target JSON, compared fields to stored ground truth, and applied fixed rubric thresholds.",1pl_001_iif__ggplot_gray__model_identification__noisy__deterministic_judge,3,0.6667,True,1pl_001_iif__ggplot_gray__model_identification__noisy,"{'field_scores': {'irt_model': 1}, 'reasoning_score': 1}",1pl_001_iif__ggplot_gray,local_noisy_baseline,1pl_001_iif__ggplot_gray__model_identification,2,model_identification,item_information,1PL,ggplot_gray,"{'color_palette': 'muted', 'gridlines': 'heavy', 'height_px': 750, 'image_format': 'png', 'image_path': 'data/benchmark/images/1pl_001_iif__ggplot_gray.png', 'legend_position': 'best', 'line_width': 2.2, 'num_rendered_lines': 1, 'render_engine': 'matplotlib_ggplot_style', 'style_context': 'ggplot', 'style_profile_id': 'ggplot_gray', 'theme': 'light', 'tick_density': 'dense', 'width_px': 1125, 'x_axis': {'label': 'Ability (theta)', 'max': 4.0, 'min': -4.0}, 'y_axis': {'label': 'Information', 'max': 0.7801760000000001, 'min': 0.0}}",matplotlib_ggplot_style,light
"{'irt_model': {'expected': '1PL', 'observed': '2PL'}}",deterministic_reference_rubric_v1,"Parsed target JSON, compared fields to stored ground truth, and applied fixed rubric thresholds.",1pl_001_iif__ggplot_gray__model_identification__blind__deterministic_judge,3,0.3333,True,1pl_001_iif__ggplot_gray__model_identification__blind,"{'field_scores': {'irt_model': 0}, 'reasoning_score': 1}",1pl_001_iif__ggplot_gray,local_blind_baseline,1pl_001_iif__ggplot_gray__model_identification,1,model_identification,item_information,1PL,ggplot_gray,"{'color_palette': 'muted', 'gridlines': 'heavy', 'height_px': 750, 'image_format': 'png', 'image_path': 'data/benchmark/images/1pl_001_iif__ggplot_gray.png', 'legend_position': 'best', 'line_width': 2.2, 'num_rendered_lines': 1, 'render_engine': 'matplotlib_ggplot_style', 'style_context': 'ggplot', 'style_profile_id': 'ggplot_gray', 'theme': 'light', 'tick_density': 'dense', 'width_px': 1125, 'x_axis': {'label': 'Ability (theta)', 'max': 4.0, 'min': -4.0}, 'y_axis': {'label': 'Information', 'max': 0.7801760000000001, 'min': 0.0}}",matplotlib_ggplot_style,light
"{'peak_information': 0.0, 'peak_theta': 0.0}",deterministic_reference_rubric_v1,"Parsed target JSON, compared fields to stored ground truth, and applied fixed rubric thresholds.",1pl_001_iif__ggplot_gray__information_peak__oracle__deterministic_judge,8,1.0,True,1pl_001_iif__ggplot_gray__information_peak__oracle,"{'field_scores': {'peak_information': 3, 'peak_theta': 3}, 'reasoning_score': 2}",1pl_001_iif__ggplot_gray,local_oracle_baseline,1pl_001_iif__ggplot_gray__information_peak,8,information_peak,item_information,1PL,ggplot_gray,"{'color_palette': 'muted', 'gridlines': 'heavy', 'height_px': 750, 'image_format': 'png', 'image_path': 'data/benchmark/images/1pl_001_iif__ggplot_gray.png', 'legend_position': 'best', 'line_width': 2.2, 'num_rendered_lines': 1, 'render_engine': 'matplotlib_ggplot_style', 'style_context': 'ggplot', 'style_profile_id': 'ggplot_gray', 'theme': 'light', 'tick_density': 'dense', 'width_px': 1125, 'x_axis': {'label': 'Ability (theta)', 'max': 4.0, 'min': -4.0}, 'y_axis': {'label': 'Information', 'max': 0.7801760000000001, 'min': 0.0}}",matplotlib_ggplot_style,light
"{'peak_information': 0.2568, 'peak_theta': 0.1292}",deterministic_reference_rubric_v1,"Parsed target JSON, compared fields to stored ground truth, and applied fixed rubric thresholds.",1pl_001_iif__ggplot_gray__information_peak__noisy__deterministic_judge,8,0.75,True,1pl_001_iif__ggplot_gray__information_peak__noisy,"{'field_scores': {'peak_information': 2, 'peak_theta': 3}, 'reasoning_score': 1}",1pl_001_iif__ggplot_gray,local_noisy_baseline,1pl_001_iif__ggplot_gray__information_peak,6,information_peak,item_information,1PL,ggplot_gray,"{'color_palette': 'muted', 'gridlines': 'heavy', 'height_px': 750, 'image_format': 'png', 'image_path': 'data/benchmark/images/1pl_001_iif__ggplot_gray.png', 'legend_position': 'best', 'line_width': 2.2, 'num_rendered_lines': 1, 'render_engine': 'matplotlib_ggplot_style', 'style_context': 'ggplot', 'style_profile_id': 'ggplot_gray', 'theme': 'light', 'tick_density': 'dense', 'width_px': 1125, 'x_axis': {'label': 'Ability (theta)', 'max': 4.0, 'min': -4.0}, 'y_axis': {'label': 'Information', 'max': 0.7801760000000001, 'min': 0.0}}",matplotlib_ggplot_style,light
"{'peak_information': 0.8397, 'peak_theta': 0.2588}",deterministic_reference_rubric_v1,"Parsed target JSON, compared fields to stored ground truth, and applied fixed rubric thresholds.",1pl_001_iif__ggplot_gray__information_peak__blind__deterministic_judge,8,0.375,True,1pl_001_iif__ggplot_gray__information_peak__blind,"{'field_scores': {'peak_information': 0, 'peak_theta': 2}, 'reasoning_score': 1}",1pl_001_iif__ggplot_gray,local_blind_baseline,1pl_001_iif__ggplot_gray__information_peak,3,information_peak,item_information,1PL,ggplot_gray,"{'color_palette': 'muted', 'gridlines': 'heavy', 'height_px': 750, 'image_format': 'png', 'image_path': 'data/benchmark/images/1pl_001_iif__ggplot_gray.png', 'legend_position': 'best', 'line_width': 2.2, 'num_rendered_lines': 1, 'render_engine': 'matplotlib_ggplot_style', 'style_context': 'ggplot', 'style_profile_id': 'ggplot_gray', 'theme': 'light', 'tick_density': 'dense', 'width_px': 1125, 'x_axis': {'label': 'Ability (theta)', 'max': 4.0, 'min': -4.0}, 'y_axis': {'label': 'Information', 'max': 0.7801760000000001, 'min': 0.0}}",matplotlib_ggplot_style,light
"{'irt_model': {'expected': '1PL', 'observed': '1PL'}}",deterministic_reference_rubric_v1,"Parsed target JSON, compared fields to stored ground truth, and applied fixed rubric thresholds.",1pl_001_iif__grayscale_no_grid__model_identification__oracle__deterministic_judge,3,1.0,True,1pl_001_iif__grayscale_no_grid__model_identification__oracle,"{'field_scores': {'irt_model': 1}, 'reasoning_score': 2}",1pl_001_iif__grayscale_no_grid,local_oracle_baseline,1pl_001_iif__grayscale_no_grid__model_identification,3,model_identification,item_information,1PL,grayscale_no_grid,"{'color_palette': 'grayscale', 'gridlines': 'none', 'height_px': 750, 'image_format': 'png', 'image_path': 'data/benchmark/images/1pl_001_iif__grayscale_no_grid.png', 'legend_position': 'bottom', 'line_width': 2.6, 'num_rendered_lines': 1, 'render_engine': 'matplotlib', 'style_context': 'default', 'style_profile_id': 'grayscale_no_grid', 'theme': 'light', 'tick_density': 'sparse', 'width_px': 1125, 'x_axis': {'label': 'Ability (theta)', 'max': 4.0, 'min': -4.0}, 'y_axis': {'label': 'Information', 'max': 0.7801760000000001, 'min': 0.0}}",matplotlib,light
"{'irt_model': {'expected': '1PL', 'observed': '1PL'}}",deterministic_reference_rubric_v1,"Parsed target JSON, compared fields to stored ground truth, and applied fixed rubric thresholds.",1pl_001_iif__grayscale_no_grid__model_identification__noisy__deterministic_judge,3,0.6667,True,1pl_001_iif__grayscale_no_grid__model_identification__noisy,"{'field_scores': {'irt_model': 1}, 'reasoning_score': 1}",1pl_001_iif__grayscale_no_grid,local_noisy_baseline,1pl_001_iif__grayscale_no_grid__model_identification,2,model_identification,item_information,1PL,grayscale_no_grid,"{'color_palette': 'grayscale', 'gridlines': 'none', 'height_px': 750, 'image_format': 'png', 'image_path': 'data/benchmark/images/1pl_001_iif__grayscale_no_grid.png', 'legend_position': 'bottom', 'line_width': 2.6, 'num_rendered_lines': 1, 'render_engine': 'matplotlib', 'style_context': 'default', 'style_profile_id': 'grayscale_no_grid', 'theme': 'light', 'tick_density': 'sparse', 'width_px': 1125, 'x_axis': {'label': 'Ability (theta)', 'max': 4.0, 'min': -4.0}, 'y_axis': {'label': 'Information', 'max': 0.7801760000000001, 'min': 0.0}}",matplotlib,light
"{'irt_model': {'expected': '1PL', 'observed': '2PL'}}",deterministic_reference_rubric_v1,"Parsed target JSON, compared fields to stored ground truth, and applied fixed rubric thresholds.",1pl_001_iif__grayscale_no_grid__model_identification__blind__deterministic_judge,3,0.3333,True,1pl_001_iif__grayscale_no_grid__model_identification__blind,"{'field_scores': {'irt_model': 0}, 'reasoning_score': 1}",1pl_001_iif__grayscale_no_grid,local_blind_baseline,1pl_001_iif__grayscale_no_grid__model_identification,1,model_identification,item_information,1PL,grayscale_no_grid,"{'color_palette': 'grayscale', 'gridlines': 'none', 'height_px': 750, 'image_format': 'png', 'image_path': 'data/benchmark/images/1pl_001_iif__grayscale_no_grid.png', 'legend_position': 'bottom', 'line_width': 2.6, 'num_rendered_lines': 1, 'render_engine': 'matplotlib', 'style_context': 'default', 'style_profile_id': 'grayscale_no_grid', 'theme': 'light', 'tick_density': 'sparse', 'width_px': 1125, 'x_axis': {'label': 'Ability (theta)', 'max': 4.0, 'min': -4.0}, 'y_axis': {'label': 'Information', 'max': 0.7801760000000001, 'min': 0.0}}",matplotlib,light
"{'peak_information': 0.0, 'peak_theta': 0.0}",deterministic_reference_rubric_v1,"Parsed target JSON, compared fields to stored ground truth, and applied fixed rubric thresholds.",1pl_001_iif__grayscale_no_grid__information_peak__oracle__deterministic_judge,8,1.0,True,1pl_001_iif__grayscale_no_grid__information_peak__oracle,"{'field_scores': {'peak_information': 3, 'peak_theta': 3}, 'reasoning_score': 2}",1pl_001_iif__grayscale_no_grid,local_oracle_baseline,1pl_001_iif__grayscale_no_grid__information_peak,8,information_peak,item_information,1PL,grayscale_no_grid,"{'color_palette': 'grayscale', 'gridlines': 'none', 'height_px': 750, 'image_format': 'png', 'image_path': 'data/benchmark/images/1pl_001_iif__grayscale_no_grid.png', 'legend_position': 'bottom', 'line_width': 2.6, 'num_rendered_lines': 1, 'render_engine': 'matplotlib', 'style_context': 'default', 'style_profile_id': 'grayscale_no_grid', 'theme': 'light', 'tick_density': 'sparse', 'width_px': 1125, 'x_axis': {'label': 'Ability (theta)', 'max': 4.0, 'min': -4.0}, 'y_axis': {'label': 'Information', 'max': 0.7801760000000001, 'min': 0.0}}",matplotlib,light
"{'peak_information': 0.1791, 'peak_theta': 0.1537}",deterministic_reference_rubric_v1,"Parsed target JSON, compared fields to stored ground truth, and applied fixed rubric thresholds.",1pl_001_iif__grayscale_no_grid__information_peak__noisy__deterministic_judge,8,0.75,True,1pl_001_iif__grayscale_no_grid__information_peak__noisy,"{'field_scores': {'peak_information': 2, 'peak_theta': 3}, 'reasoning_score': 1}",1pl_001_iif__grayscale_no_grid,local_noisy_baseline,1pl_001_iif__grayscale_no_grid__information_peak,6,information_peak,item_information,1PL,grayscale_no_grid,"{'color_palette': 'grayscale', 'gridlines': 'none', 'height_px': 750, 'image_format': 'png', 'image_path': 'data/benchmark/images/1pl_001_iif__grayscale_no_grid.png', 'legend_position': 'bottom', 'line_width': 2.6, 'num_rendered_lines': 1, 'render_engine': 'matplotlib', 'style_context': 'default', 'style_profile_id': 'grayscale_no_grid', 'theme': 'light', 'tick_density': 'sparse', 'width_px': 1125, 'x_axis': {'label': 'Ability (theta)', 'max': 4.0, 'min': -4.0}, 'y_axis': {'label': 'Information', 'max': 0.7801760000000001, 'min': 0.0}}",matplotlib,light
"{'peak_information': 0.3787, 'peak_theta': 1.0846}",deterministic_reference_rubric_v1,"Parsed target JSON, compared fields to stored ground truth, and applied fixed rubric thresholds.",1pl_001_iif__grayscale_no_grid__information_peak__blind__deterministic_judge,8,0.25,True,1pl_001_iif__grayscale_no_grid__information_peak__blind,"{'field_scores': {'peak_information': 1, 'peak_theta': 0}, 'reasoning_score': 1}",1pl_001_iif__grayscale_no_grid,local_blind_baseline,1pl_001_iif__grayscale_no_grid__information_peak,2,information_peak,item_information,1PL,grayscale_no_grid,"{'color_palette': 'grayscale', 'gridlines': 'none', 'height_px': 750, 'image_format': 'png', 'image_path': 'data/benchmark/images/1pl_001_iif__grayscale_no_grid.png', 'legend_position': 'bottom', 'line_width': 2.6, 'num_rendered_lines': 1, 'render_engine': 'matplotlib', 'style_context': 'default', 'style_profile_id': 'grayscale_no_grid', 'theme': 'light', 'tick_density': 'sparse', 'width_px': 1125, 'x_axis': {'label': 'Ability (theta)', 'max': 4.0, 'min': -4.0}, 'y_axis': {'label': 'Information', 'max': 0.7801760000000001, 'min': 0.0}}",matplotlib,light
"{'irt_model': {'expected': '1PL', 'observed': '1PL'}}",deterministic_reference_rubric_v1,"Parsed target JSON, compared fields to stored ground truth, and applied fixed rubric thresholds.",1pl_001_iif__dark_high_contrast__model_identification__oracle__deterministic_judge,3,1.0,True,1pl_001_iif__dark_high_contrast__model_identification__oracle,"{'field_scores': {'irt_model': 1}, 'reasoning_score': 2}",1pl_001_iif__dark_high_contrast,local_oracle_baseline,1pl_001_iif__dark_high_contrast__model_identification,3,model_identification,item_information,1PL,dark_high_contrast,"{'color_palette': 'bright', 'gridlines': 'faint', 'height_px': 750, 'image_format': 'png', 'image_path': 'data/benchmark/images/1pl_001_iif__dark_high_contrast.png', 'legend_position': 'best', 'line_width': 2.6, 'num_rendered_lines': 1, 'render_engine': 'matplotlib', 'style_context': 'dark_background', 'style_profile_id': 'dark_high_contrast', 'theme': 'dark', 'tick_density': 'standard', 'width_px': 1125, 'x_axis': {'label': 'Ability (theta)', 'max': 4.0, 'min': -4.0}, 'y_axis': {'label': 'Information', 'max': 0.7801760000000001, 'min': 0.0}}",matplotlib,dark
"{'irt_model': {'expected': '1PL', 'observed': '1PL'}}",deterministic_reference_rubric_v1,"Parsed target JSON, compared fields to stored ground truth, and applied fixed rubric thresholds.",1pl_001_iif__dark_high_contrast__model_identification__noisy__deterministic_judge,3,0.6667,True,1pl_001_iif__dark_high_contrast__model_identification__noisy,"{'field_scores': {'irt_model': 1}, 'reasoning_score': 1}",1pl_001_iif__dark_high_contrast,local_noisy_baseline,1pl_001_iif__dark_high_contrast__model_identification,2,model_identification,item_information,1PL,dark_high_contrast,"{'color_palette': 'bright', 'gridlines': 'faint', 'height_px': 750, 'image_format': 'png', 'image_path': 'data/benchmark/images/1pl_001_iif__dark_high_contrast.png', 'legend_position': 'best', 'line_width': 2.6, 'num_rendered_lines': 1, 'render_engine': 'matplotlib', 'style_context': 'dark_background', 'style_profile_id': 'dark_high_contrast', 'theme': 'dark', 'tick_density': 'standard', 'width_px': 1125, 'x_axis': {'label': 'Ability (theta)', 'max': 4.0, 'min': -4.0}, 'y_axis': {'label': 'Information', 'max': 0.7801760000000001, 'min': 0.0}}",matplotlib,dark
"{'irt_model': {'expected': '1PL', 'observed': '2PL'}}",deterministic_reference_rubric_v1,"Parsed target JSON, compared fields to stored ground truth, and applied fixed rubric thresholds.",1pl_001_iif__dark_high_contrast__model_identification__blind__deterministic_judge,3,0.3333,True,1pl_001_iif__dark_high_contrast__model_identification__blind,"{'field_scores': {'irt_model': 0}, 'reasoning_score': 1}",1pl_001_iif__dark_high_contrast,local_blind_baseline,1pl_001_iif__dark_high_contrast__model_identification,1,model_identification,item_information,1PL,dark_high_contrast,"{'color_palette': 'bright', 'gridlines': 'faint', 'height_px': 750, 'image_format': 'png', 'image_path': 'data/benchmark/images/1pl_001_iif__dark_high_contrast.png', 'legend_position': 'best', 'line_width': 2.6, 'num_rendered_lines': 1, 'render_engine': 'matplotlib', 'style_context': 'dark_background', 'style_profile_id': 'dark_high_contrast', 'theme': 'dark', 'tick_density': 'standard', 'width_px': 1125, 'x_axis': {'label': 'Ability (theta)', 'max': 4.0, 'min': -4.0}, 'y_axis': {'label': 'Information', 'max': 0.7801760000000001, 'min': 0.0}}",matplotlib,dark
"{'peak_information': 0.0, 'peak_theta': 0.0}",deterministic_reference_rubric_v1,"Parsed target JSON, compared fields to stored ground truth, and applied fixed rubric thresholds.",1pl_001_iif__dark_high_contrast__information_peak__oracle__deterministic_judge,8,1.0,True,1pl_001_iif__dark_high_contrast__information_peak__oracle,"{'field_scores': {'peak_information': 3, 'peak_theta': 3}, 'reasoning_score': 2}",1pl_001_iif__dark_high_contrast,local_oracle_baseline,1pl_001_iif__dark_high_contrast__information_peak,8,information_peak,item_information,1PL,dark_high_contrast,"{'color_palette': 'bright', 'gridlines': 'faint', 'height_px': 750, 'image_format': 'png', 'image_path': 'data/benchmark/images/1pl_001_iif__dark_high_contrast.png', 'legend_position': 'best', 'line_width': 2.6, 'num_rendered_lines': 1, 'render_engine': 'matplotlib', 'style_context': 'dark_background', 'style_profile_id': 'dark_high_contrast', 'theme': 'dark', 'tick_density': 'standard', 'width_px': 1125, 'x_axis': {'label': 'Ability (theta)', 'max': 4.0, 'min': -4.0}, 'y_axis': {'label': 'Information', 'max': 0.7801760000000001, 'min': 0.0}}",matplotlib,dark
"{'peak_information': 0.1306, 'peak_theta': 0.4317}",deterministic_reference_rubric_v1,"Parsed target JSON, compared fields to stored ground truth, and applied fixed rubric thresholds.",1pl_001_iif__dark_high_contrast__information_peak__noisy__deterministic_judge,8,0.625,True,1pl_001_iif__dark_high_contrast__information_peak__noisy,"{'field_scores': {'peak_information': 3, 'peak_theta': 1}, 'reasoning_score': 1}",1pl_001_iif__dark_high_contrast,local_noisy_baseline,1pl_001_iif__dark_high_contrast__information_peak,5,information_peak,item_information,1PL,dark_high_contrast,"{'color_palette': 'bright', 'gridlines': 'faint', 'height_px': 750, 'image_format': 'png', 'image_path': 'data/benchmark/images/1pl_001_iif__dark_high_contrast.png', 'legend_position': 'best', 'line_width': 2.6, 'num_rendered_lines': 1, 'render_engine': 'matplotlib', 'style_context': 'dark_background', 'style_profile_id': 'dark_high_contrast', 'theme': 'dark', 'tick_density': 'standard', 'width_px': 1125, 'x_axis': {'label': 'Ability (theta)', 'max': 4.0, 'min': -4.0}, 'y_axis': {'label': 'Information', 'max': 0.7801760000000001, 'min': 0.0}}",matplotlib,dark
"{'peak_information': 0.4048, 'peak_theta': 0.8662}",deterministic_reference_rubric_v1,"Parsed target JSON, compared fields to stored ground truth, and applied fixed rubric thresholds.",1pl_001_iif__dark_high_contrast__information_peak__blind__deterministic_judge,8,0.25,True,1pl_001_iif__dark_high_contrast__information_peak__blind,"{'field_scores': {'peak_information': 1, 'peak_theta': 0}, 'reasoning_score': 1}",1pl_001_iif__dark_high_contrast,local_blind_baseline,1pl_001_iif__dark_high_contrast__information_peak,2,information_peak,item_information,1PL,dark_high_contrast,"{'color_palette': 'bright', 'gridlines': 'faint', 'height_px': 750, 'image_format': 'png', 'image_path': 'data/benchmark/images/1pl_001_iif__dark_high_contrast.png', 'legend_position': 'best', 'line_width': 2.6, 'num_rendered_lines': 1, 'render_engine': 'matplotlib', 'style_context': 'dark_background', 'style_profile_id': 'dark_high_contrast', 'theme': 'dark', 'tick_density': 'standard', 'width_px': 1125, 'x_axis': {'label': 'Ability (theta)', 'max': 4.0, 'min': -4.0}, 'y_axis': {'label': 'Information', 'max': 0.7801760000000001, 'min': 0.0}}",matplotlib,dark
"{'irt_model': {'expected': '1PL', 'observed': '1PL'}}",deterministic_reference_rubric_v1,"Parsed target JSON, compared fields to stored ground truth, and applied fixed rubric thresholds.",1pl_001_iif__lattice_emulation__model_identification__oracle__deterministic_judge,3,1.0,True,1pl_001_iif__lattice_emulation__model_identification__oracle,"{'field_scores': {'irt_model': 1}, 'reasoning_score': 2}",1pl_001_iif__lattice_emulation,local_oracle_baseline,1pl_001_iif__lattice_emulation__model_identification,3,model_identification,item_information,1PL,lattice_emulation,"{'color_palette': 'colorblind', 'gridlines': 'faint', 'height_px': 750, 'image_format': 'png', 'image_path': 'data/benchmark/images/1pl_001_iif__lattice_emulation.png', 'legend_position': 'outside', 'line_width': 2.0, 'num_rendered_lines': 1, 'render_engine': 'matplotlib_lattice_emulation', 'style_context': 'classic', 'style_profile_id': 'lattice_emulation', 'theme': 'light', 'tick_density': 'standard', 'width_px': 1125, 'x_axis': {'label': 'Ability (theta)', 'max': 4.0, 'min': -4.0}, 'y_axis': {'label': 'Information', 'max': 0.7801760000000001, 'min': 0.0}}",matplotlib_lattice_emulation,light
"{'irt_model': {'expected': '1PL', 'observed': '1PL'}}",deterministic_reference_rubric_v1,"Parsed target JSON, compared fields to stored ground truth, and applied fixed rubric thresholds.",1pl_001_iif__lattice_emulation__model_identification__noisy__deterministic_judge,3,0.6667,True,1pl_001_iif__lattice_emulation__model_identification__noisy,"{'field_scores': {'irt_model': 1}, 'reasoning_score': 1}",1pl_001_iif__lattice_emulation,local_noisy_baseline,1pl_001_iif__lattice_emulation__model_identification,2,model_identification,item_information,1PL,lattice_emulation,"{'color_palette': 'colorblind', 'gridlines': 'faint', 'height_px': 750, 'image_format': 'png', 'image_path': 'data/benchmark/images/1pl_001_iif__lattice_emulation.png', 'legend_position': 'outside', 'line_width': 2.0, 'num_rendered_lines': 1, 'render_engine': 'matplotlib_lattice_emulation', 'style_context': 'classic', 'style_profile_id': 'lattice_emulation', 'theme': 'light', 'tick_density': 'standard', 'width_px': 1125, 'x_axis': {'label': 'Ability (theta)', 'max': 4.0, 'min': -4.0}, 'y_axis': {'label': 'Information', 'max': 0.7801760000000001, 'min': 0.0}}",matplotlib_lattice_emulation,light
"{'irt_model': {'expected': '1PL', 'observed': '2PL'}}",deterministic_reference_rubric_v1,"Parsed target JSON, compared fields to stored ground truth, and applied fixed rubric thresholds.",1pl_001_iif__lattice_emulation__model_identification__blind__deterministic_judge,3,0.3333,True,1pl_001_iif__lattice_emulation__model_identification__blind,"{'field_scores': {'irt_model': 0}, 'reasoning_score': 1}",1pl_001_iif__lattice_emulation,local_blind_baseline,1pl_001_iif__lattice_emulation__model_identification,1,model_identification,item_information,1PL,lattice_emulation,"{'color_palette': 'colorblind', 'gridlines': 'faint', 'height_px': 750, 'image_format': 'png', 'image_path': 'data/benchmark/images/1pl_001_iif__lattice_emulation.png', 'legend_position': 'outside', 'line_width': 2.0, 'num_rendered_lines': 1, 'render_engine': 'matplotlib_lattice_emulation', 'style_context': 'classic', 'style_profile_id': 'lattice_emulation', 'theme': 'light', 'tick_density': 'standard', 'width_px': 1125, 'x_axis': {'label': 'Ability (theta)', 'max': 4.0, 'min': -4.0}, 'y_axis': {'label': 'Information', 'max': 0.7801760000000001, 'min': 0.0}}",matplotlib_lattice_emulation,light
"{'peak_information': 0.0, 'peak_theta': 0.0}",deterministic_reference_rubric_v1,"Parsed target JSON, compared fields to stored ground truth, and applied fixed rubric thresholds.",1pl_001_iif__lattice_emulation__information_peak__oracle__deterministic_judge,8,1.0,True,1pl_001_iif__lattice_emulation__information_peak__oracle,"{'field_scores': {'peak_information': 3, 'peak_theta': 3}, 'reasoning_score': 2}",1pl_001_iif__lattice_emulation,local_oracle_baseline,1pl_001_iif__lattice_emulation__information_peak,8,information_peak,item_information,1PL,lattice_emulation,"{'color_palette': 'colorblind', 'gridlines': 'faint', 'height_px': 750, 'image_format': 'png', 'image_path': 'data/benchmark/images/1pl_001_iif__lattice_emulation.png', 'legend_position': 'outside', 'line_width': 2.0, 'num_rendered_lines': 1, 'render_engine': 'matplotlib_lattice_emulation', 'style_context': 'classic', 'style_profile_id': 'lattice_emulation', 'theme': 'light', 'tick_density': 'standard', 'width_px': 1125, 'x_axis': {'label': 'Ability (theta)', 'max': 4.0, 'min': -4.0}, 'y_axis': {'label': 'Information', 'max': 0.7801760000000001, 'min': 0.0}}",matplotlib_lattice_emulation,light
"{'peak_information': 0.4268, 'peak_theta': 0.1298}",deterministic_reference_rubric_v1,"Parsed target JSON, compared fields to stored ground truth, and applied fixed rubric thresholds.",1pl_001_iif__lattice_emulation__information_peak__noisy__deterministic_judge,8,0.625,True,1pl_001_iif__lattice_emulation__information_peak__noisy,"{'field_scores': {'peak_information': 1, 'peak_theta': 3}, 'reasoning_score': 1}",1pl_001_iif__lattice_emulation,local_noisy_baseline,1pl_001_iif__lattice_emulation__information_peak,5,information_peak,item_information,1PL,lattice_emulation,"{'color_palette': 'colorblind', 'gridlines': 'faint', 'height_px': 750, 'image_format': 'png', 'image_path': 'data/benchmark/images/1pl_001_iif__lattice_emulation.png', 'legend_position': 'outside', 'line_width': 2.0, 'num_rendered_lines': 1, 'render_engine': 'matplotlib_lattice_emulation', 'style_context': 'classic', 'style_profile_id': 'lattice_emulation', 'theme': 'light', 'tick_density': 'standard', 'width_px': 1125, 'x_axis': {'label': 'Ability (theta)', 'max': 4.0, 'min': -4.0}, 'y_axis': {'label': 'Information', 'max': 0.7801760000000001, 'min': 0.0}}",matplotlib_lattice_emulation,light
"{'peak_information': 0.1535, 'peak_theta': 0.7981}",deterministic_reference_rubric_v1,"Parsed target JSON, compared fields to stored ground truth, and applied fixed rubric thresholds.",1pl_001_iif__lattice_emulation__information_peak__blind__deterministic_judge,8,0.375,True,1pl_001_iif__lattice_emulation__information_peak__blind,"{'field_scores': {'peak_information': 2, 'peak_theta': 0}, 'reasoning_score': 1}",1pl_001_iif__lattice_emulation,local_blind_baseline,1pl_001_iif__lattice_emulation__information_peak,3,information_peak,item_information,1PL,lattice_emulation,"{'color_palette': 'colorblind', 'gridlines': 'faint', 'height_px': 750, 'image_format': 'png', 'image_path': 'data/benchmark/images/1pl_001_iif__lattice_emulation.png', 'legend_position': 'outside', 'line_width': 2.0, 'num_rendered_lines': 1, 'render_engine': 'matplotlib_lattice_emulation', 'style_context': 'classic', 'style_profile_id': 'lattice_emulation', 'theme': 'light', 'tick_density': 'standard', 'width_px': 1125, 'x_axis': {'label': 'Ability (theta)', 'max': 4.0, 'min': -4.0}, 'y_axis': {'label': 'Information', 'max': 0.7801760000000001, 'min': 0.0}}",matplotlib_lattice_emulation,light
"{'irt_model': {'expected': '2PL', 'observed': '2PL'}}",deterministic_reference_rubric_v1,"Parsed target JSON, compared fields to stored ground truth, and applied fixed rubric thresholds.",2pl_001_icc__matplotlib_light__model_identification__oracle__deterministic_judge,3,1.0,True,2pl_001_icc__matplotlib_light__model_identification__oracle,"{'field_scores': {'irt_model': 1}, 'reasoning_score': 2}",2pl_001_icc__matplotlib_light,local_oracle_baseline,2pl_001_icc__matplotlib_light__model_identification,3,model_identification,dichotomous_icc,2PL,matplotlib_light,"{'color_palette': 'tab10', 'gridlines': 'standard', 'height_px': 750, 'image_format': 'png', 'image_path': 'data/benchmark/images/2pl_001_icc__matplotlib_light.png', 'legend_position': 'best', 'line_width': 2.4, 'num_rendered_lines': 1, 'render_engine': 'matplotlib', 'style_context': 'default', 'style_profile_id': 'matplotlib_light', 'theme': 'light', 'tick_density': 'standard', 'width_px': 1125, 'x_axis': {'label': 'Ability (theta)', 'max': 4.0, 'min': -4.0}, 'y_axis': {'label': 'Probability of keyed response', 'max': 1.02, 'min': 0.0}}",matplotlib,light
"{'irt_model': {'expected': '2PL', 'observed': '2PL'}}",deterministic_reference_rubric_v1,"Parsed target JSON, compared fields to stored ground truth, and applied fixed rubric thresholds.",2pl_001_icc__matplotlib_light__model_identification__noisy__deterministic_judge,3,0.6667,True,2pl_001_icc__matplotlib_light__model_identification__noisy,"{'field_scores': {'irt_model': 1}, 'reasoning_score': 1}",2pl_001_icc__matplotlib_light,local_noisy_baseline,2pl_001_icc__matplotlib_light__model_identification,2,model_identification,dichotomous_icc,2PL,matplotlib_light,"{'color_palette': 'tab10', 'gridlines': 'standard', 'height_px': 750, 'image_format': 'png', 'image_path': 'data/benchmark/images/2pl_001_icc__matplotlib_light.png', 'legend_position': 'best', 'line_width': 2.4, 'num_rendered_lines': 1, 'render_engine': 'matplotlib', 'style_context': 'default', 'style_profile_id': 'matplotlib_light', 'theme': 'light', 'tick_density': 'standard', 'width_px': 1125, 'x_axis': {'label': 'Ability (theta)', 'max': 4.0, 'min': -4.0}, 'y_axis': {'label': 'Probability of keyed response', 'max': 1.02, 'min': 0.0}}",matplotlib,light
"{'irt_model': {'expected': '2PL', 'observed': '3PL'}}",deterministic_reference_rubric_v1,"Parsed target JSON, compared fields to stored ground truth, and applied fixed rubric thresholds.",2pl_001_icc__matplotlib_light__model_identification__blind__deterministic_judge,3,0.3333,True,2pl_001_icc__matplotlib_light__model_identification__blind,"{'field_scores': {'irt_model': 0}, 'reasoning_score': 1}",2pl_001_icc__matplotlib_light,local_blind_baseline,2pl_001_icc__matplotlib_light__model_identification,1,model_identification,dichotomous_icc,2PL,matplotlib_light,"{'color_palette': 'tab10', 'gridlines': 'standard', 'height_px': 750, 'image_format': 'png', 'image_path': 'data/benchmark/images/2pl_001_icc__matplotlib_light.png', 'legend_position': 'best', 'line_width': 2.4, 'num_rendered_lines': 1, 'render_engine': 'matplotlib', 'style_context': 'default', 'style_profile_id': 'matplotlib_light', 'theme': 'light', 'tick_density': 'standard', 'width_px': 1125, 'x_axis': {'label': 'Ability (theta)', 'max': 4.0, 'min': -4.0}, 'y_axis': {'label': 'Probability of keyed response', 'max': 1.02, 'min': 0.0}}",matplotlib,light
"{'a': 0.0, 'b': 0.0, 'c': 0.0, 'd': 0.0, 'irt_model': {'expected': '2PL', 'observed': '2PL'}}",deterministic_reference_rubric_v1,"Parsed target JSON, compared fields to stored ground truth, and applied fixed rubric thresholds.",2pl_001_icc__matplotlib_light__parameter_estimation__oracle__deterministic_judge,15,1.0,True,2pl_001_icc__matplotlib_light__parameter_estimation__oracle,"{'field_scores': {'a': 3, 'b': 3, 'c': 3, 'd': 3, 'irt_model': 1}, 'reasoning_score': 2}",2pl_001_icc__matplotlib_light,local_oracle_baseline,2pl_001_icc__matplotlib_light__parameter_estimation,15,parameter_estimation,dichotomous_icc,2PL,matplotlib_light,"{'color_palette': 'tab10', 'gridlines': 'standard', 'height_px': 750, 'image_format': 'png', 'image_path': 'data/benchmark/images/2pl_001_icc__matplotlib_light.png', 'legend_position': 'best', 'line_width': 2.4, 'num_rendered_lines': 1, 'render_engine': 'matplotlib', 'style_context': 'default', 'style_profile_id': 'matplotlib_light', 'theme': 'light', 'tick_density': 'standard', 'width_px': 1125, 'x_axis': {'label': 'Ability (theta)', 'max': 4.0, 'min': -4.0}, 'y_axis': {'label': 'Probability of keyed response', 'max': 1.02, 'min': 0.0}}",matplotlib,light
"{'a': 0.0626, 'b': 0.015, 'c': 0.0901, 'd': 0.1871, 'irt_model': {'expected': '2PL', 'observed': '2PL'}}",deterministic_reference_rubric_v1,"Parsed target JSON, compared fields to stored ground truth, and applied fixed rubric thresholds.",2pl_001_icc__matplotlib_light__parameter_estimation__noisy__deterministic_judge,15,0.8667,True,2pl_001_icc__matplotlib_light__parameter_estimation__noisy,"{'field_scores': {'a': 3, 'b': 3, 'c': 3, 'd': 2, 'irt_model': 1}, 'reasoning_score': 1}",2pl_001_icc__matplotlib_light,local_noisy_baseline,2pl_001_icc__matplotlib_light__parameter_estimation,13,parameter_estimation,dichotomous_icc,2PL,matplotlib_light,"{'color_palette': 'tab10', 'gridlines': 'standard', 'height_px': 750, 'image_format': 'png', 'image_path': 'data/benchmark/images/2pl_001_icc__matplotlib_light.png', 'legend_position': 'best', 'line_width': 2.4, 'num_rendered_lines': 1, 'render_engine': 'matplotlib', 'style_context': 'default', 'style_profile_id': 'matplotlib_light', 'theme': 'light', 'tick_density': 'standard', 'width_px': 1125, 'x_axis': {'label': 'Ability (theta)', 'max': 4.0, 'min': -4.0}, 'y_axis': {'label': 'Probability of keyed response', 'max': 1.02, 'min': 0.0}}",matplotlib,light
"{'a': 0.1075, 'b': 0.1908, 'c': 0.2572, 'd': 0.1864, 'irt_model': {'expected': '2PL', 'observed': '3PL'}}",deterministic_reference_rubric_v1,"Parsed target JSON, compared fields to stored ground truth, and applied fixed rubric thresholds.",2pl_001_icc__matplotlib_light__parameter_estimation__blind__deterministic_judge,15,0.6667,True,2pl_001_icc__matplotlib_light__parameter_estimation__blind,"{'field_scores': {'a': 3, 'b': 2, 'c': 2, 'd': 2, 'irt_model': 0}, 'reasoning_score': 1}",2pl_001_icc__matplotlib_light,local_blind_baseline,2pl_001_icc__matplotlib_light__parameter_estimation,10,parameter_estimation,dichotomous_icc,2PL,matplotlib_light,"{'color_palette': 'tab10', 'gridlines': 'standard', 'height_px': 750, 'image_format': 'png', 'image_path': 'data/benchmark/images/2pl_001_icc__matplotlib_light.png', 'legend_position': 'best', 'line_width': 2.4, 'num_rendered_lines': 1, 'render_engine': 'matplotlib', 'style_context': 'default', 'style_profile_id': 'matplotlib_light', 'theme': 'light', 'tick_density': 'standard', 'width_px': 1125, 'x_axis': {'label': 'Ability (theta)', 'max': 4.0, 'min': -4.0}, 'y_axis': {'label': 'Probability of keyed response', 'max': 1.02, 'min': 0.0}}",matplotlib,light
{'probability': 0.0},deterministic_reference_rubric_v1,"Parsed target JSON, compared fields to stored ground truth, and applied fixed rubric thresholds.",2pl_001_icc__matplotlib_light__probability_at_theta_0.0__oracle__deterministic_judge,5,1.0,True,2pl_001_icc__matplotlib_light__probability_at_theta_0.0__oracle,"{'field_scores': {'probability': 3}, 'reasoning_score': 2}",2pl_001_icc__matplotlib_light,local_oracle_baseline,2pl_001_icc__matplotlib_light__probability_at_theta_0.0,5,probability_at_theta_0.0,dichotomous_icc,2PL,matplotlib_light,"{'color_palette': 'tab10', 'gridlines': 'standard', 'height_px': 750, 'image_format': 'png', 'image_path': 'data/benchmark/images/2pl_001_icc__matplotlib_light.png', 'legend_position': 'best', 'line_width': 2.4, 'num_rendered_lines': 1, 'render_engine': 'matplotlib', 'style_context': 'default', 'style_profile_id': 'matplotlib_light', 'theme': 'light', 'tick_density': 'standard', 'width_px': 1125, 'x_axis': {'label': 'Ability (theta)', 'max': 4.0, 'min': -4.0}, 'y_axis': {'label': 'Probability of keyed response', 'max': 1.02, 'min': 0.0}}",matplotlib,light
{'probability': 0.0597},deterministic_reference_rubric_v1,"Parsed target JSON, compared fields to stored ground truth, and applied fixed rubric thresholds.",2pl_001_icc__matplotlib_light__probability_at_theta_0.0__noisy__deterministic_judge,5,0.6,True,2pl_001_icc__matplotlib_light__probability_at_theta_0.0__noisy,"{'field_scores': {'probability': 2}, 'reasoning_score': 1}",2pl_001_icc__matplotlib_light,local_noisy_baseline,2pl_001_icc__matplotlib_light__probability_at_theta_0.0,3,probability_at_theta_0.0,dichotomous_icc,2PL,matplotlib_light,"{'color_palette': 'tab10', 'gridlines': 'standard', 'height_px': 750, 'image_format': 'png', 'image_path': 'data/benchmark/images/2pl_001_icc__matplotlib_light.png', 'legend_position': 'best', 'line_width': 2.4, 'num_rendered_lines': 1, 'render_engine': 'matplotlib', 'style_context': 'default', 'style_profile_id': 'matplotlib_light', 'theme': 'light', 'tick_density': 'standard', 'width_px': 1125, 'x_axis': {'label': 'Ability (theta)', 'max': 4.0, 'min': -4.0}, 'y_axis': {'label': 'Probability of keyed response', 'max': 1.02, 'min': 0.0}}",matplotlib,light
{'probability': 0.7533},deterministic_reference_rubric_v1,"Parsed target JSON, compared fields to stored ground truth, and applied fixed rubric thresholds.",2pl_001_icc__matplotlib_light__probability_at_theta_0.0__blind__deterministic_judge,5,0.2,True,2pl_001_icc__matplotlib_light__probability_at_theta_0.0__blind,"{'field_scores': {'probability': 0}, 'reasoning_score': 1}",2pl_001_icc__matplotlib_light,local_blind_baseline,2pl_001_icc__matplotlib_light__probability_at_theta_0.0,1,probability_at_theta_0.0,dichotomous_icc,2PL,matplotlib_light,"{'color_palette': 'tab10', 'gridlines': 'standard', 'height_px': 750, 'image_format': 'png', 'image_path': 'data/benchmark/images/2pl_001_icc__matplotlib_light.png', 'legend_position': 'best', 'line_width': 2.4, 'num_rendered_lines': 1, 'render_engine': 'matplotlib', 'style_context': 'default', 'style_profile_id': 'matplotlib_light', 'theme': 'light', 'tick_density': 'standard', 'width_px': 1125, 'x_axis': {'label': 'Ability (theta)', 'max': 4.0, 'min': -4.0}, 'y_axis': {'label': 'Probability of keyed response', 'max': 1.02, 'min': 0.0}}",matplotlib,light
"{'irt_model': {'expected': '2PL', 'observed': '2PL'}}",deterministic_reference_rubric_v1,"Parsed target JSON, compared fields to stored ground truth, and applied fixed rubric thresholds.",2pl_001_icc__seaborn_whitegrid__model_identification__oracle__deterministic_judge,3,1.0,True,2pl_001_icc__seaborn_whitegrid__model_identification__oracle,"{'field_scores': {'irt_model': 1}, 'reasoning_score': 2}",2pl_001_icc__seaborn_whitegrid,local_oracle_baseline,2pl_001_icc__seaborn_whitegrid__model_identification,3,model_identification,dichotomous_icc,2PL,seaborn_whitegrid,"{'color_palette': 'deep', 'gridlines': 'standard', 'height_px': 750, 'image_format': 'png', 'image_path': 'data/benchmark/images/2pl_001_icc__seaborn_whitegrid.png', 'legend_position': 'right', 'line_width': 2.4, 'num_rendered_lines': 1, 'render_engine': 'seaborn', 'style_context': 'whitegrid', 'style_profile_id': 'seaborn_whitegrid', 'theme': 'light', 'tick_density': 'standard', 'width_px': 1125, 'x_axis': {'label': 'Ability (theta)', 'max': 4.0, 'min': -4.0}, 'y_axis': {'label': 'Probability of keyed response', 'max': 1.02, 'min': 0.0}}",seaborn,light
"{'irt_model': {'expected': '2PL', 'observed': '2PL'}}",deterministic_reference_rubric_v1,"Parsed target JSON, compared fields to stored ground truth, and applied fixed rubric thresholds.",2pl_001_icc__seaborn_whitegrid__model_identification__noisy__deterministic_judge,3,0.6667,True,2pl_001_icc__seaborn_whitegrid__model_identification__noisy,"{'field_scores': {'irt_model': 1}, 'reasoning_score': 1}",2pl_001_icc__seaborn_whitegrid,local_noisy_baseline,2pl_001_icc__seaborn_whitegrid__model_identification,2,model_identification,dichotomous_icc,2PL,seaborn_whitegrid,"{'color_palette': 'deep', 'gridlines': 'standard', 'height_px': 750, 'image_format': 'png', 'image_path': 'data/benchmark/images/2pl_001_icc__seaborn_whitegrid.png', 'legend_position': 'right', 'line_width': 2.4, 'num_rendered_lines': 1, 'render_engine': 'seaborn', 'style_context': 'whitegrid', 'style_profile_id': 'seaborn_whitegrid', 'theme': 'light', 'tick_density': 'standard', 'width_px': 1125, 'x_axis': {'label': 'Ability (theta)', 'max': 4.0, 'min': -4.0}, 'y_axis': {'label': 'Probability of keyed response', 'max': 1.02, 'min': 0.0}}",seaborn,light
"{'irt_model': {'expected': '2PL', 'observed': '3PL'}}",deterministic_reference_rubric_v1,"Parsed target JSON, compared fields to stored ground truth, and applied fixed rubric thresholds.",2pl_001_icc__seaborn_whitegrid__model_identification__blind__deterministic_judge,3,0.3333,True,2pl_001_icc__seaborn_whitegrid__model_identification__blind,"{'field_scores': {'irt_model': 0}, 'reasoning_score': 1}",2pl_001_icc__seaborn_whitegrid,local_blind_baseline,2pl_001_icc__seaborn_whitegrid__model_identification,1,model_identification,dichotomous_icc,2PL,seaborn_whitegrid,"{'color_palette': 'deep', 'gridlines': 'standard', 'height_px': 750, 'image_format': 'png', 'image_path': 'data/benchmark/images/2pl_001_icc__seaborn_whitegrid.png', 'legend_position': 'right', 'line_width': 2.4, 'num_rendered_lines': 1, 'render_engine': 'seaborn', 'style_context': 'whitegrid', 'style_profile_id': 'seaborn_whitegrid', 'theme': 'light', 'tick_density': 'standard', 'width_px': 1125, 'x_axis': {'label': 'Ability (theta)', 'max': 4.0, 'min': -4.0}, 'y_axis': {'label': 'Probability of keyed response', 'max': 1.02, 'min': 0.0}}",seaborn,light
"{'a': 0.0, 'b': 0.0, 'c': 0.0, 'd': 0.0, 'irt_model': {'expected': '2PL', 'observed': '2PL'}}",deterministic_reference_rubric_v1,"Parsed target JSON, compared fields to stored ground truth, and applied fixed rubric thresholds.",2pl_001_icc__seaborn_whitegrid__parameter_estimation__oracle__deterministic_judge,15,1.0,True,2pl_001_icc__seaborn_whitegrid__parameter_estimation__oracle,"{'field_scores': {'a': 3, 'b': 3, 'c': 3, 'd': 3, 'irt_model': 1}, 'reasoning_score': 2}",2pl_001_icc__seaborn_whitegrid,local_oracle_baseline,2pl_001_icc__seaborn_whitegrid__parameter_estimation,15,parameter_estimation,dichotomous_icc,2PL,seaborn_whitegrid,"{'color_palette': 'deep', 'gridlines': 'standard', 'height_px': 750, 'image_format': 'png', 'image_path': 'data/benchmark/images/2pl_001_icc__seaborn_whitegrid.png', 'legend_position': 'right', 'line_width': 2.4, 'num_rendered_lines': 1, 'render_engine': 'seaborn', 'style_context': 'whitegrid', 'style_profile_id': 'seaborn_whitegrid', 'theme': 'light', 'tick_density': 'standard', 'width_px': 1125, 'x_axis': {'label': 'Ability (theta)', 'max': 4.0, 'min': -4.0}, 'y_axis': {'label': 'Probability of keyed response', 'max': 1.02, 'min': 0.0}}",seaborn,light
"{'a': 0.0508, 'b': 0.096, 'c': 0.0714, 'd': 0.2701, 'irt_model': {'expected': '2PL', 'observed': '2PL'}}",deterministic_reference_rubric_v1,"Parsed target JSON, compared fields to stored ground truth, and applied fixed rubric thresholds.",2pl_001_icc__seaborn_whitegrid__parameter_estimation__noisy__deterministic_judge,15,0.8667,True,2pl_001_icc__seaborn_whitegrid__parameter_estimation__noisy,"{'field_scores': {'a': 3, 'b': 3, 'c': 3, 'd': 2, 'irt_model': 1}, 'reasoning_score': 1}",2pl_001_icc__seaborn_whitegrid,local_noisy_baseline,2pl_001_icc__seaborn_whitegrid__parameter_estimation,13,parameter_estimation,dichotomous_icc,2PL,seaborn_whitegrid,"{'color_palette': 'deep', 'gridlines': 'standard', 'height_px': 750, 'image_format': 'png', 'image_path': 'data/benchmark/images/2pl_001_icc__seaborn_whitegrid.png', 'legend_position': 'right', 'line_width': 2.4, 'num_rendered_lines': 1, 'render_engine': 'seaborn', 'style_context': 'whitegrid', 'style_profile_id': 'seaborn_whitegrid', 'theme': 'light', 'tick_density': 'standard', 'width_px': 1125, 'x_axis': {'label': 'Ability (theta)', 'max': 4.0, 'min': -4.0}, 'y_axis': {'label': 'Probability of keyed response', 'max': 1.02, 'min': 0.0}}",seaborn,light
"{'a': 0.6395, 'b': 0.3571, 'c': 0.0952, 'd': 0.0173, 'irt_model': {'expected': '2PL', 'observed': '3PL'}}",deterministic_reference_rubric_v1,"Parsed target JSON, compared fields to stored ground truth, and applied fixed rubric thresholds.",2pl_001_icc__seaborn_whitegrid__parameter_estimation__blind__deterministic_judge,15,0.5333,True,2pl_001_icc__seaborn_whitegrid__parameter_estimation__blind,"{'field_scores': {'a': 0, 'b': 1, 'c': 3, 'd': 3, 'irt_model': 0}, 'reasoning_score': 1}",2pl_001_icc__seaborn_whitegrid,local_blind_baseline,2pl_001_icc__seaborn_whitegrid__parameter_estimation,8,parameter_estimation,dichotomous_icc,2PL,seaborn_whitegrid,"{'color_palette': 'deep', 'gridlines': 'standard', 'height_px': 750, 'image_format': 'png', 'image_path': 'data/benchmark/images/2pl_001_icc__seaborn_whitegrid.png', 'legend_position': 'right', 'line_width': 2.4, 'num_rendered_lines': 1, 'render_engine': 'seaborn', 'style_context': 'whitegrid', 'style_profile_id': 'seaborn_whitegrid', 'theme': 'light', 'tick_density': 'standard', 'width_px': 1125, 'x_axis': {'label': 'Ability (theta)', 'max': 4.0, 'min': -4.0}, 'y_axis': {'label': 'Probability of keyed response', 'max': 1.02, 'min': 0.0}}",seaborn,light
{'probability': 0.0},deterministic_reference_rubric_v1,"Parsed target JSON, compared fields to stored ground truth, and applied fixed rubric thresholds.",2pl_001_icc__seaborn_whitegrid__probability_at_theta_0.0__oracle__deterministic_judge,5,1.0,True,2pl_001_icc__seaborn_whitegrid__probability_at_theta_0.0__oracle,"{'field_scores': {'probability': 3}, 'reasoning_score': 2}",2pl_001_icc__seaborn_whitegrid,local_oracle_baseline,2pl_001_icc__seaborn_whitegrid__probability_at_theta_0.0,5,probability_at_theta_0.0,dichotomous_icc,2PL,seaborn_whitegrid,"{'color_palette': 'deep', 'gridlines': 'standard', 'height_px': 750, 'image_format': 'png', 'image_path': 'data/benchmark/images/2pl_001_icc__seaborn_whitegrid.png', 'legend_position': 'right', 'line_width': 2.4, 'num_rendered_lines': 1, 'render_engine': 'seaborn', 'style_context': 'whitegrid', 'style_profile_id': 'seaborn_whitegrid', 'theme': 'light', 'tick_density': 'standard', 'width_px': 1125, 'x_axis': {'label': 'Ability (theta)', 'max': 4.0, 'min': -4.0}, 'y_axis': {'label': 'Probability of keyed response', 'max': 1.02, 'min': 0.0}}",seaborn,light
{'probability': 0.1018},deterministic_reference_rubric_v1,"Parsed target JSON, compared fields to stored ground truth, and applied fixed rubric thresholds.",2pl_001_icc__seaborn_whitegrid__probability_at_theta_0.0__noisy__deterministic_judge,5,0.4,True,2pl_001_icc__seaborn_whitegrid__probability_at_theta_0.0__noisy,"{'field_scores': {'probability': 1}, 'reasoning_score': 1}",2pl_001_icc__seaborn_whitegrid,local_noisy_baseline,2pl_001_icc__seaborn_whitegrid__probability_at_theta_0.0,2,probability_at_theta_0.0,dichotomous_icc,2PL,seaborn_whitegrid,"{'color_palette': 'deep', 'gridlines': 'standard', 'height_px': 750, 'image_format': 'png', 'image_path': 'data/benchmark/images/2pl_001_icc__seaborn_whitegrid.png', 'legend_position': 'right', 'line_width': 2.4, 'num_rendered_lines': 1, 'render_engine': 'seaborn', 'style_context': 'whitegrid', 'style_profile_id': 'seaborn_whitegrid', 'theme': 'light', 'tick_density': 'standard', 'width_px': 1125, 'x_axis': {'label': 'Ability (theta)', 'max': 4.0, 'min': -4.0}, 'y_axis': {'label': 'Probability of keyed response', 'max': 1.02, 'min': 0.0}}",seaborn,light
{'probability': 1.3343},deterministic_reference_rubric_v1,"Parsed target JSON, compared fields to stored ground truth, and applied fixed rubric thresholds.",2pl_001_icc__seaborn_whitegrid__probability_at_theta_0.0__blind__deterministic_judge,5,0.2,True,2pl_001_icc__seaborn_whitegrid__probability_at_theta_0.0__blind,"{'field_scores': {'probability': 0}, 'reasoning_score': 1}",2pl_001_icc__seaborn_whitegrid,local_blind_baseline,2pl_001_icc__seaborn_whitegrid__probability_at_theta_0.0,1,probability_at_theta_0.0,dichotomous_icc,2PL,seaborn_whitegrid,"{'color_palette': 'deep', 'gridlines': 'standard', 'height_px': 750, 'image_format': 'png', 'image_path': 'data/benchmark/images/2pl_001_icc__seaborn_whitegrid.png', 'legend_position': 'right', 'line_width': 2.4, 'num_rendered_lines': 1, 'render_engine': 'seaborn', 'style_context': 'whitegrid', 'style_profile_id': 'seaborn_whitegrid', 'theme': 'light', 'tick_density': 'standard', 'width_px': 1125, 'x_axis': {'label': 'Ability (theta)', 'max': 4.0, 'min': -4.0}, 'y_axis': {'label': 'Probability of keyed response', 'max': 1.02, 'min': 0.0}}",seaborn,light
"{'irt_model': {'expected': '2PL', 'observed': '2PL'}}",deterministic_reference_rubric_v1,"Parsed target JSON, compared fields to stored ground truth, and applied fixed rubric thresholds.",2pl_001_icc__ggplot_gray__model_identification__oracle__deterministic_judge,3,1.0,True,2pl_001_icc__ggplot_gray__model_identification__oracle,"{'field_scores': {'irt_model': 1}, 'reasoning_score': 2}",2pl_001_icc__ggplot_gray,local_oracle_baseline,2pl_001_icc__ggplot_gray__model_identification,3,model_identification,dichotomous_icc,2PL,ggplot_gray,"{'color_palette': 'muted', 'gridlines': 'heavy', 'height_px': 750, 'image_format': 'png', 'image_path': 'data/benchmark/images/2pl_001_icc__ggplot_gray.png', 'legend_position': 'best', 'line_width': 2.2, 'num_rendered_lines': 1, 'render_engine': 'matplotlib_ggplot_style', 'style_context': 'ggplot', 'style_profile_id': 'ggplot_gray', 'theme': 'light', 'tick_density': 'dense', 'width_px': 1125, 'x_axis': {'label': 'Ability (theta)', 'max': 4.0, 'min': -4.0}, 'y_axis': {'label': 'Probability of keyed response', 'max': 1.02, 'min': 0.0}}",matplotlib_ggplot_style,light
"{'irt_model': {'expected': '2PL', 'observed': '2PL'}}",deterministic_reference_rubric_v1,"Parsed target JSON, compared fields to stored ground truth, and applied fixed rubric thresholds.",2pl_001_icc__ggplot_gray__model_identification__noisy__deterministic_judge,3,0.6667,True,2pl_001_icc__ggplot_gray__model_identification__noisy,"{'field_scores': {'irt_model': 1}, 'reasoning_score': 1}",2pl_001_icc__ggplot_gray,local_noisy_baseline,2pl_001_icc__ggplot_gray__model_identification,2,model_identification,dichotomous_icc,2PL,ggplot_gray,"{'color_palette': 'muted', 'gridlines': 'heavy', 'height_px': 750, 'image_format': 'png', 'image_path': 'data/benchmark/images/2pl_001_icc__ggplot_gray.png', 'legend_position': 'best', 'line_width': 2.2, 'num_rendered_lines': 1, 'render_engine': 'matplotlib_ggplot_style', 'style_context': 'ggplot', 'style_profile_id': 'ggplot_gray', 'theme': 'light', 'tick_density': 'dense', 'width_px': 1125, 'x_axis': {'label': 'Ability (theta)', 'max': 4.0, 'min': -4.0}, 'y_axis': {'label': 'Probability of keyed response', 'max': 1.02, 'min': 0.0}}",matplotlib_ggplot_style,light
"{'irt_model': {'expected': '2PL', 'observed': '3PL'}}",deterministic_reference_rubric_v1,"Parsed target JSON, compared fields to stored ground truth, and applied fixed rubric thresholds.",2pl_001_icc__ggplot_gray__model_identification__blind__deterministic_judge,3,0.3333,True,2pl_001_icc__ggplot_gray__model_identification__blind,"{'field_scores': {'irt_model': 0}, 'reasoning_score': 1}",2pl_001_icc__ggplot_gray,local_blind_baseline,2pl_001_icc__ggplot_gray__model_identification,1,model_identification,dichotomous_icc,2PL,ggplot_gray,"{'color_palette': 'muted', 'gridlines': 'heavy', 'height_px': 750, 'image_format': 'png', 'image_path': 'data/benchmark/images/2pl_001_icc__ggplot_gray.png', 'legend_position': 'best', 'line_width': 2.2, 'num_rendered_lines': 1, 'render_engine': 'matplotlib_ggplot_style', 'style_context': 'ggplot', 'style_profile_id': 'ggplot_gray', 'theme': 'light', 'tick_density': 'dense', 'width_px': 1125, 'x_axis': {'label': 'Ability (theta)', 'max': 4.0, 'min': -4.0}, 'y_axis': {'label': 'Probability of keyed response', 'max': 1.02, 'min': 0.0}}",matplotlib_ggplot_style,light
"{'a': 0.0, 'b': 0.0, 'c': 0.0, 'd': 0.0, 'irt_model': {'expected': '2PL', 'observed': '2PL'}}",deterministic_reference_rubric_v1,"Parsed target JSON, compared fields to stored ground truth, and applied fixed rubric thresholds.",2pl_001_icc__ggplot_gray__parameter_estimation__oracle__deterministic_judge,15,1.0,True,2pl_001_icc__ggplot_gray__parameter_estimation__oracle,"{'field_scores': {'a': 3, 'b': 3, 'c': 3, 'd': 3, 'irt_model': 1}, 'reasoning_score': 2}",2pl_001_icc__ggplot_gray,local_oracle_baseline,2pl_001_icc__ggplot_gray__parameter_estimation,15,parameter_estimation,dichotomous_icc,2PL,ggplot_gray,"{'color_palette': 'muted', 'gridlines': 'heavy', 'height_px': 750, 'image_format': 'png', 'image_path': 'data/benchmark/images/2pl_001_icc__ggplot_gray.png', 'legend_position': 'best', 'line_width': 2.2, 'num_rendered_lines': 1, 'render_engine': 'matplotlib_ggplot_style', 'style_context': 'ggplot', 'style_profile_id': 'ggplot_gray', 'theme': 'light', 'tick_density': 'dense', 'width_px': 1125, 'x_axis': {'label': 'Ability (theta)', 'max': 4.0, 'min': -4.0}, 'y_axis': {'label': 'Probability of keyed response', 'max': 1.02, 'min': 0.0}}",matplotlib_ggplot_style,light
"{'a': 0.2885, 'b': 0.2997, 'c': 0.2457, 'd': 0.11, 'irt_model': {'expected': '2PL', 'observed': '2PL'}}",deterministic_reference_rubric_v1,"Parsed target JSON, compared fields to stored ground truth, and applied fixed rubric thresholds.",2pl_001_icc__ggplot_gray__parameter_estimation__noisy__deterministic_judge,15,0.7333,True,2pl_001_icc__ggplot_gray__parameter_estimation__noisy,"{'field_scores': {'a': 2, 'b': 2, 'c': 2, 'd': 3, 'irt_model': 1}, 'reasoning_score': 1}",2pl_001_icc__ggplot_gray,local_noisy_baseline,2pl_001_icc__ggplot_gray__parameter_estimation,11,parameter_estimation,dichotomous_icc,2PL,ggplot_gray,"{'color_palette': 'muted', 'gridlines': 'heavy', 'height_px': 750, 'image_format': 'png', 'image_path': 'data/benchmark/images/2pl_001_icc__ggplot_gray.png', 'legend_position': 'best', 'line_width': 2.2, 'num_rendered_lines': 1, 'render_engine': 'matplotlib_ggplot_style', 'style_context': 'ggplot', 'style_profile_id': 'ggplot_gray', 'theme': 'light', 'tick_density': 'dense', 'width_px': 1125, 'x_axis': {'label': 'Ability (theta)', 'max': 4.0, 'min': -4.0}, 'y_axis': {'label': 'Probability of keyed response', 'max': 1.02, 'min': 0.0}}",matplotlib_ggplot_style,light
"{'a': 1.3097, 'b': 0.4176, 'c': 0.0712, 'd': 0.7466, 'irt_model': {'expected': '2PL', 'observed': '3PL'}}",deterministic_reference_rubric_v1,"Parsed target JSON, compared fields to stored ground truth, and applied fixed rubric thresholds.",2pl_001_icc__ggplot_gray__parameter_estimation__blind__deterministic_judge,15,0.3333,True,2pl_001_icc__ggplot_gray__parameter_estimation__blind,"{'field_scores': {'a': 0, 'b': 1, 'c': 3, 'd': 0, 'irt_model': 0}, 'reasoning_score': 1}",2pl_001_icc__ggplot_gray,local_blind_baseline,2pl_001_icc__ggplot_gray__parameter_estimation,5,parameter_estimation,dichotomous_icc,2PL,ggplot_gray,"{'color_palette': 'muted', 'gridlines': 'heavy', 'height_px': 750, 'image_format': 'png', 'image_path': 'data/benchmark/images/2pl_001_icc__ggplot_gray.png', 'legend_position': 'best', 'line_width': 2.2, 'num_rendered_lines': 1, 'render_engine': 'matplotlib_ggplot_style', 'style_context': 'ggplot', 'style_profile_id': 'ggplot_gray', 'theme': 'light', 'tick_density': 'dense', 'width_px': 1125, 'x_axis': {'label': 'Ability (theta)', 'max': 4.0, 'min': -4.0}, 'y_axis': {'label': 'Probability of keyed response', 'max': 1.02, 'min': 0.0}}",matplotlib_ggplot_style,light
{'probability': 0.0},deterministic_reference_rubric_v1,"Parsed target JSON, compared fields to stored ground truth, and applied fixed rubric thresholds.",2pl_001_icc__ggplot_gray__probability_at_theta_0.0__oracle__deterministic_judge,5,1.0,True,2pl_001_icc__ggplot_gray__probability_at_theta_0.0__oracle,"{'field_scores': {'probability': 3}, 'reasoning_score': 2}",2pl_001_icc__ggplot_gray,local_oracle_baseline,2pl_001_icc__ggplot_gray__probability_at_theta_0.0,5,probability_at_theta_0.0,dichotomous_icc,2PL,ggplot_gray,"{'color_palette': 'muted', 'gridlines': 'heavy', 'height_px': 750, 'image_format': 'png', 'image_path': 'data/benchmark/images/2pl_001_icc__ggplot_gray.png', 'legend_position': 'best', 'line_width': 2.2, 'num_rendered_lines': 1, 'render_engine': 'matplotlib_ggplot_style', 'style_context': 'ggplot', 'style_profile_id': 'ggplot_gray', 'theme': 'light', 'tick_density': 'dense', 'width_px': 1125, 'x_axis': {'label': 'Ability (theta)', 'max': 4.0, 'min': -4.0}, 'y_axis': {'label': 'Probability of keyed response', 'max': 1.02, 'min': 0.0}}",matplotlib_ggplot_style,light
{'probability': 0.0729},deterministic_reference_rubric_v1,"Parsed target JSON, compared fields to stored ground truth, and applied fixed rubric thresholds.",2pl_001_icc__ggplot_gray__probability_at_theta_0.0__noisy__deterministic_judge,5,0.6,True,2pl_001_icc__ggplot_gray__probability_at_theta_0.0__noisy,"{'field_scores': {'probability': 2}, 'reasoning_score': 1}",2pl_001_icc__ggplot_gray,local_noisy_baseline,2pl_001_icc__ggplot_gray__probability_at_theta_0.0,3,probability_at_theta_0.0,dichotomous_icc,2PL,ggplot_gray,"{'color_palette': 'muted', 'gridlines': 'heavy', 'height_px': 750, 'image_format': 'png', 'image_path': 'data/benchmark/images/2pl_001_icc__ggplot_gray.png', 'legend_position': 'best', 'line_width': 2.2, 'num_rendered_lines': 1, 'render_engine': 'matplotlib_ggplot_style', 'style_context': 'ggplot', 'style_profile_id': 'ggplot_gray', 'theme': 'light', 'tick_density': 'dense', 'width_px': 1125, 'x_axis': {'label': 'Ability (theta)', 'max': 4.0, 'min': -4.0}, 'y_axis': {'label': 'Probability of keyed response', 'max': 1.02, 'min': 0.0}}",matplotlib_ggplot_style,light
{'probability': 1.2875},deterministic_reference_rubric_v1,"Parsed target JSON, compared fields to stored ground truth, and applied fixed rubric thresholds.",2pl_001_icc__ggplot_gray__probability_at_theta_0.0__blind__deterministic_judge,5,0.2,True,2pl_001_icc__ggplot_gray__probability_at_theta_0.0__blind,"{'field_scores': {'probability': 0}, 'reasoning_score': 1}",2pl_001_icc__ggplot_gray,local_blind_baseline,2pl_001_icc__ggplot_gray__probability_at_theta_0.0,1,probability_at_theta_0.0,dichotomous_icc,2PL,ggplot_gray,"{'color_palette': 'muted', 'gridlines': 'heavy', 'height_px': 750, 'image_format': 'png', 'image_path': 'data/benchmark/images/2pl_001_icc__ggplot_gray.png', 'legend_position': 'best', 'line_width': 2.2, 'num_rendered_lines': 1, 'render_engine': 'matplotlib_ggplot_style', 'style_context': 'ggplot', 'style_profile_id': 'ggplot_gray', 'theme': 'light', 'tick_density': 'dense', 'width_px': 1125, 'x_axis': {'label': 'Ability (theta)', 'max': 4.0, 'min': -4.0}, 'y_axis': {'label': 'Probability of keyed response', 'max': 1.02, 'min': 0.0}}",matplotlib_ggplot_style,light
"{'irt_model': {'expected': '2PL', 'observed': '2PL'}}",deterministic_reference_rubric_v1,"Parsed target JSON, compared fields to stored ground truth, and applied fixed rubric thresholds.",2pl_001_icc__grayscale_no_grid__model_identification__oracle__deterministic_judge,3,1.0,True,2pl_001_icc__grayscale_no_grid__model_identification__oracle,"{'field_scores': {'irt_model': 1}, 'reasoning_score': 2}",2pl_001_icc__grayscale_no_grid,local_oracle_baseline,2pl_001_icc__grayscale_no_grid__model_identification,3,model_identification,dichotomous_icc,2PL,grayscale_no_grid,"{'color_palette': 'grayscale', 'gridlines': 'none', 'height_px': 750, 'image_format': 'png', 'image_path': 'data/benchmark/images/2pl_001_icc__grayscale_no_grid.png', 'legend_position': 'bottom', 'line_width': 2.6, 'num_rendered_lines': 1, 'render_engine': 'matplotlib', 'style_context': 'default', 'style_profile_id': 'grayscale_no_grid', 'theme': 'light', 'tick_density': 'sparse', 'width_px': 1125, 'x_axis': {'label': 'Ability (theta)', 'max': 4.0, 'min': -4.0}, 'y_axis': {'label': 'Probability of keyed response', 'max': 1.02, 'min': 0.0}}",matplotlib,light
"{'irt_model': {'expected': '2PL', 'observed': '2PL'}}",deterministic_reference_rubric_v1,"Parsed target JSON, compared fields to stored ground truth, and applied fixed rubric thresholds.",2pl_001_icc__grayscale_no_grid__model_identification__noisy__deterministic_judge,3,0.6667,True,2pl_001_icc__grayscale_no_grid__model_identification__noisy,"{'field_scores': {'irt_model': 1}, 'reasoning_score': 1}",2pl_001_icc__grayscale_no_grid,local_noisy_baseline,2pl_001_icc__grayscale_no_grid__model_identification,2,model_identification,dichotomous_icc,2PL,grayscale_no_grid,"{'color_palette': 'grayscale', 'gridlines': 'none', 'height_px': 750, 'image_format': 'png', 'image_path': 'data/benchmark/images/2pl_001_icc__grayscale_no_grid.png', 'legend_position': 'bottom', 'line_width': 2.6, 'num_rendered_lines': 1, 'render_engine': 'matplotlib', 'style_context': 'default', 'style_profile_id': 'grayscale_no_grid', 'theme': 'light', 'tick_density': 'sparse', 'width_px': 1125, 'x_axis': {'label': 'Ability (theta)', 'max': 4.0, 'min': -4.0}, 'y_axis': {'label': 'Probability of keyed response', 'max': 1.02, 'min': 0.0}}",matplotlib,light
"{'irt_model': {'expected': '2PL', 'observed': '3PL'}}",deterministic_reference_rubric_v1,"Parsed target JSON, compared fields to stored ground truth, and applied fixed rubric thresholds.",2pl_001_icc__grayscale_no_grid__model_identification__blind__deterministic_judge,3,0.3333,True,2pl_001_icc__grayscale_no_grid__model_identification__blind,"{'field_scores': {'irt_model': 0}, 'reasoning_score': 1}",2pl_001_icc__grayscale_no_grid,local_blind_baseline,2pl_001_icc__grayscale_no_grid__model_identification,1,model_identification,dichotomous_icc,2PL,grayscale_no_grid,"{'color_palette': 'grayscale', 'gridlines': 'none', 'height_px': 750, 'image_format': 'png', 'image_path': 'data/benchmark/images/2pl_001_icc__grayscale_no_grid.png', 'legend_position': 'bottom', 'line_width': 2.6, 'num_rendered_lines': 1, 'render_engine': 'matplotlib', 'style_context': 'default', 'style_profile_id': 'grayscale_no_grid', 'theme': 'light', 'tick_density': 'sparse', 'width_px': 1125, 'x_axis': {'label': 'Ability (theta)', 'max': 4.0, 'min': -4.0}, 'y_axis': {'label': 'Probability of keyed response', 'max': 1.02, 'min': 0.0}}",matplotlib,light
"{'a': 0.0, 'b': 0.0, 'c': 0.0, 'd': 0.0, 'irt_model': {'expected': '2PL', 'observed': '2PL'}}",deterministic_reference_rubric_v1,"Parsed target JSON, compared fields to stored ground truth, and applied fixed rubric thresholds.",2pl_001_icc__grayscale_no_grid__parameter_estimation__oracle__deterministic_judge,15,1.0,True,2pl_001_icc__grayscale_no_grid__parameter_estimation__oracle,"{'field_scores': {'a': 3, 'b': 3, 'c': 3, 'd': 3, 'irt_model': 1}, 'reasoning_score': 2}",2pl_001_icc__grayscale_no_grid,local_oracle_baseline,2pl_001_icc__grayscale_no_grid__parameter_estimation,15,parameter_estimation,dichotomous_icc,2PL,grayscale_no_grid,"{'color_palette': 'grayscale', 'gridlines': 'none', 'height_px': 750, 'image_format': 'png', 'image_path': 'data/benchmark/images/2pl_001_icc__grayscale_no_grid.png', 'legend_position': 'bottom', 'line_width': 2.6, 'num_rendered_lines': 1, 'render_engine': 'matplotlib', 'style_context': 'default', 'style_profile_id': 'grayscale_no_grid', 'theme': 'light', 'tick_density': 'sparse', 'width_px': 1125, 'x_axis': {'label': 'Ability (theta)', 'max': 4.0, 'min': -4.0}, 'y_axis': {'label': 'Probability of keyed response', 'max': 1.02, 'min': 0.0}}",matplotlib,light
"{'a': 0.2032, 'b': 0.0478, 'c': 0.0283, 'd': 0.2604, 'irt_model': {'expected': '2PL', 'observed': '2PL'}}",deterministic_reference_rubric_v1,"Parsed target JSON, compared fields to stored ground truth, and applied fixed rubric thresholds.",2pl_001_icc__grayscale_no_grid__parameter_estimation__noisy__deterministic_judge,15,0.8,True,2pl_001_icc__grayscale_no_grid__parameter_estimation__noisy,"{'field_scores': {'a': 2, 'b': 3, 'c': 3, 'd': 2, 'irt_model': 1}, 'reasoning_score': 1}",2pl_001_icc__grayscale_no_grid,local_noisy_baseline,2pl_001_icc__grayscale_no_grid__parameter_estimation,12,parameter_estimation,dichotomous_icc,2PL,grayscale_no_grid,"{'color_palette': 'grayscale', 'gridlines': 'none', 'height_px': 750, 'image_format': 'png', 'image_path': 'data/benchmark/images/2pl_001_icc__grayscale_no_grid.png', 'legend_position': 'bottom', 'line_width': 2.6, 'num_rendered_lines': 1, 'render_engine': 'matplotlib', 'style_context': 'default', 'style_profile_id': 'grayscale_no_grid', 'theme': 'light', 'tick_density': 'sparse', 'width_px': 1125, 'x_axis': {'label': 'Ability (theta)', 'max': 4.0, 'min': -4.0}, 'y_axis': {'label': 'Probability of keyed response', 'max': 1.02, 'min': 0.0}}",matplotlib,light
"{'a': 0.1901, 'b': 0.1902, 'c': 0.0109, 'd': 0.2877, 'irt_model': {'expected': '2PL', 'observed': '3PL'}}",deterministic_reference_rubric_v1,"Parsed target JSON, compared fields to stored ground truth, and applied fixed rubric thresholds.",2pl_001_icc__grayscale_no_grid__parameter_estimation__blind__deterministic_judge,15,0.6667,True,2pl_001_icc__grayscale_no_grid__parameter_estimation__blind,"{'field_scores': {'a': 2, 'b': 2, 'c': 3, 'd': 2, 'irt_model': 0}, 'reasoning_score': 1}",2pl_001_icc__grayscale_no_grid,local_blind_baseline,2pl_001_icc__grayscale_no_grid__parameter_estimation,10,parameter_estimation,dichotomous_icc,2PL,grayscale_no_grid,"{'color_palette': 'grayscale', 'gridlines': 'none', 'height_px': 750, 'image_format': 'png', 'image_path': 'data/benchmark/images/2pl_001_icc__grayscale_no_grid.png', 'legend_position': 'bottom', 'line_width': 2.6, 'num_rendered_lines': 1, 'render_engine': 'matplotlib', 'style_context': 'default', 'style_profile_id': 'grayscale_no_grid', 'theme': 'light', 'tick_density': 'sparse', 'width_px': 1125, 'x_axis': {'label': 'Ability (theta)', 'max': 4.0, 'min': -4.0}, 'y_axis': {'label': 'Probability of keyed response', 'max': 1.02, 'min': 0.0}}",matplotlib,light
{'probability': 0.0},deterministic_reference_rubric_v1,"Parsed target JSON, compared fields to stored ground truth, and applied fixed rubric thresholds.",2pl_001_icc__grayscale_no_grid__probability_at_theta_0.0__oracle__deterministic_judge,5,1.0,True,2pl_001_icc__grayscale_no_grid__probability_at_theta_0.0__oracle,"{'field_scores': {'probability': 3}, 'reasoning_score': 2}",2pl_001_icc__grayscale_no_grid,local_oracle_baseline,2pl_001_icc__grayscale_no_grid__probability_at_theta_0.0,5,probability_at_theta_0.0,dichotomous_icc,2PL,grayscale_no_grid,"{'color_palette': 'grayscale', 'gridlines': 'none', 'height_px': 750, 'image_format': 'png', 'image_path': 'data/benchmark/images/2pl_001_icc__grayscale_no_grid.png', 'legend_position': 'bottom', 'line_width': 2.6, 'num_rendered_lines': 1, 'render_engine': 'matplotlib', 'style_context': 'default', 'style_profile_id': 'grayscale_no_grid', 'theme': 'light', 'tick_density': 'sparse', 'width_px': 1125, 'x_axis': {'label': 'Ability (theta)', 'max': 4.0, 'min': -4.0}, 'y_axis': {'label': 'Probability of keyed response', 'max': 1.02, 'min': 0.0}}",matplotlib,light
{'probability': 0.0004},deterministic_reference_rubric_v1,"Parsed target JSON, compared fields to stored ground truth, and applied fixed rubric thresholds.",2pl_001_icc__grayscale_no_grid__probability_at_theta_0.0__noisy__deterministic_judge,5,0.8,True,2pl_001_icc__grayscale_no_grid__probability_at_theta_0.0__noisy,"{'field_scores': {'probability': 3}, 'reasoning_score': 1}",2pl_001_icc__grayscale_no_grid,local_noisy_baseline,2pl_001_icc__grayscale_no_grid__probability_at_theta_0.0,4,probability_at_theta_0.0,dichotomous_icc,2PL,grayscale_no_grid,"{'color_palette': 'grayscale', 'gridlines': 'none', 'height_px': 750, 'image_format': 'png', 'image_path': 'data/benchmark/images/2pl_001_icc__grayscale_no_grid.png', 'legend_position': 'bottom', 'line_width': 2.6, 'num_rendered_lines': 1, 'render_engine': 'matplotlib', 'style_context': 'default', 'style_profile_id': 'grayscale_no_grid', 'theme': 'light', 'tick_density': 'sparse', 'width_px': 1125, 'x_axis': {'label': 'Ability (theta)', 'max': 4.0, 'min': -4.0}, 'y_axis': {'label': 'Probability of keyed response', 'max': 1.02, 'min': 0.0}}",matplotlib,light
{'probability': 1.1209},deterministic_reference_rubric_v1,"Parsed target JSON, compared fields to stored ground truth, and applied fixed rubric thresholds.",2pl_001_icc__grayscale_no_grid__probability_at_theta_0.0__blind__deterministic_judge,5,0.2,True,2pl_001_icc__grayscale_no_grid__probability_at_theta_0.0__blind,"{'field_scores': {'probability': 0}, 'reasoning_score': 1}",2pl_001_icc__grayscale_no_grid,local_blind_baseline,2pl_001_icc__grayscale_no_grid__probability_at_theta_0.0,1,probability_at_theta_0.0,dichotomous_icc,2PL,grayscale_no_grid,"{'color_palette': 'grayscale', 'gridlines': 'none', 'height_px': 750, 'image_format': 'png', 'image_path': 'data/benchmark/images/2pl_001_icc__grayscale_no_grid.png', 'legend_position': 'bottom', 'line_width': 2.6, 'num_rendered_lines': 1, 'render_engine': 'matplotlib', 'style_context': 'default', 'style_profile_id': 'grayscale_no_grid', 'theme': 'light', 'tick_density': 'sparse', 'width_px': 1125, 'x_axis': {'label': 'Ability (theta)', 'max': 4.0, 'min': -4.0}, 'y_axis': {'label': 'Probability of keyed response', 'max': 1.02, 'min': 0.0}}",matplotlib,light
"{'irt_model': {'expected': '2PL', 'observed': '2PL'}}",deterministic_reference_rubric_v1,"Parsed target JSON, compared fields to stored ground truth, and applied fixed rubric thresholds.",2pl_001_icc__dark_high_contrast__model_identification__oracle__deterministic_judge,3,1.0,True,2pl_001_icc__dark_high_contrast__model_identification__oracle,"{'field_scores': {'irt_model': 1}, 'reasoning_score': 2}",2pl_001_icc__dark_high_contrast,local_oracle_baseline,2pl_001_icc__dark_high_contrast__model_identification,3,model_identification,dichotomous_icc,2PL,dark_high_contrast,"{'color_palette': 'bright', 'gridlines': 'faint', 'height_px': 750, 'image_format': 'png', 'image_path': 'data/benchmark/images/2pl_001_icc__dark_high_contrast.png', 'legend_position': 'best', 'line_width': 2.6, 'num_rendered_lines': 1, 'render_engine': 'matplotlib', 'style_context': 'dark_background', 'style_profile_id': 'dark_high_contrast', 'theme': 'dark', 'tick_density': 'standard', 'width_px': 1125, 'x_axis': {'label': 'Ability (theta)', 'max': 4.0, 'min': -4.0}, 'y_axis': {'label': 'Probability of keyed response', 'max': 1.02, 'min': 0.0}}",matplotlib,dark
"{'irt_model': {'expected': '2PL', 'observed': '2PL'}}",deterministic_reference_rubric_v1,"Parsed target JSON, compared fields to stored ground truth, and applied fixed rubric thresholds.",2pl_001_icc__dark_high_contrast__model_identification__noisy__deterministic_judge,3,0.6667,True,2pl_001_icc__dark_high_contrast__model_identification__noisy,"{'field_scores': {'irt_model': 1}, 'reasoning_score': 1}",2pl_001_icc__dark_high_contrast,local_noisy_baseline,2pl_001_icc__dark_high_contrast__model_identification,2,model_identification,dichotomous_icc,2PL,dark_high_contrast,"{'color_palette': 'bright', 'gridlines': 'faint', 'height_px': 750, 'image_format': 'png', 'image_path': 'data/benchmark/images/2pl_001_icc__dark_high_contrast.png', 'legend_position': 'best', 'line_width': 2.6, 'num_rendered_lines': 1, 'render_engine': 'matplotlib', 'style_context': 'dark_background', 'style_profile_id': 'dark_high_contrast', 'theme': 'dark', 'tick_density': 'standard', 'width_px': 1125, 'x_axis': {'label': 'Ability (theta)', 'max': 4.0, 'min': -4.0}, 'y_axis': {'label': 'Probability of keyed response', 'max': 1.02, 'min': 0.0}}",matplotlib,dark
"{'irt_model': {'expected': '2PL', 'observed': '3PL'}}",deterministic_reference_rubric_v1,"Parsed target JSON, compared fields to stored ground truth, and applied fixed rubric thresholds.",2pl_001_icc__dark_high_contrast__model_identification__blind__deterministic_judge,3,0.3333,True,2pl_001_icc__dark_high_contrast__model_identification__blind,"{'field_scores': {'irt_model': 0}, 'reasoning_score': 1}",2pl_001_icc__dark_high_contrast,local_blind_baseline,2pl_001_icc__dark_high_contrast__model_identification,1,model_identification,dichotomous_icc,2PL,dark_high_contrast,"{'color_palette': 'bright', 'gridlines': 'faint', 'height_px': 750, 'image_format': 'png', 'image_path': 'data/benchmark/images/2pl_001_icc__dark_high_contrast.png', 'legend_position': 'best', 'line_width': 2.6, 'num_rendered_lines': 1, 'render_engine': 'matplotlib', 'style_context': 'dark_background', 'style_profile_id': 'dark_high_contrast', 'theme': 'dark', 'tick_density': 'standard', 'width_px': 1125, 'x_axis': {'label': 'Ability (theta)', 'max': 4.0, 'min': -4.0}, 'y_axis': {'label': 'Probability of keyed response', 'max': 1.02, 'min': 0.0}}",matplotlib,dark
"{'a': 0.0, 'b': 0.0, 'c': 0.0, 'd': 0.0, 'irt_model': {'expected': '2PL', 'observed': '2PL'}}",deterministic_reference_rubric_v1,"Parsed target JSON, compared fields to stored ground truth, and applied fixed rubric thresholds.",2pl_001_icc__dark_high_contrast__parameter_estimation__oracle__deterministic_judge,15,1.0,True,2pl_001_icc__dark_high_contrast__parameter_estimation__oracle,"{'field_scores': {'a': 3, 'b': 3, 'c': 3, 'd': 3, 'irt_model': 1}, 'reasoning_score': 2}",2pl_001_icc__dark_high_contrast,local_oracle_baseline,2pl_001_icc__dark_high_contrast__parameter_estimation,15,parameter_estimation,dichotomous_icc,2PL,dark_high_contrast,"{'color_palette': 'bright', 'gridlines': 'faint', 'height_px': 750, 'image_format': 'png', 'image_path': 'data/benchmark/images/2pl_001_icc__dark_high_contrast.png', 'legend_position': 'best', 'line_width': 2.6, 'num_rendered_lines': 1, 'render_engine': 'matplotlib', 'style_context': 'dark_background', 'style_profile_id': 'dark_high_contrast', 'theme': 'dark', 'tick_density': 'standard', 'width_px': 1125, 'x_axis': {'label': 'Ability (theta)', 'max': 4.0, 'min': -4.0}, 'y_axis': {'label': 'Probability of keyed response', 'max': 1.02, 'min': 0.0}}",matplotlib,dark
"{'a': 0.1549, 'b': 0.0988, 'c': 0.1656, 'd': 0.2537, 'irt_model': {'expected': '2PL', 'observed': '2PL'}}",deterministic_reference_rubric_v1,"Parsed target JSON, compared fields to stored ground truth, and applied fixed rubric thresholds.",2pl_001_icc__dark_high_contrast__parameter_estimation__noisy__deterministic_judge,15,0.7333,True,2pl_001_icc__dark_high_contrast__parameter_estimation__noisy,"{'field_scores': {'a': 2, 'b': 3, 'c': 2, 'd': 2, 'irt_model': 1}, 'reasoning_score': 1}",2pl_001_icc__dark_high_contrast,local_noisy_baseline,2pl_001_icc__dark_high_contrast__parameter_estimation,11,parameter_estimation,dichotomous_icc,2PL,dark_high_contrast,"{'color_palette': 'bright', 'gridlines': 'faint', 'height_px': 750, 'image_format': 'png', 'image_path': 'data/benchmark/images/2pl_001_icc__dark_high_contrast.png', 'legend_position': 'best', 'line_width': 2.6, 'num_rendered_lines': 1, 'render_engine': 'matplotlib', 'style_context': 'dark_background', 'style_profile_id': 'dark_high_contrast', 'theme': 'dark', 'tick_density': 'standard', 'width_px': 1125, 'x_axis': {'label': 'Ability (theta)', 'max': 4.0, 'min': -4.0}, 'y_axis': {'label': 'Probability of keyed response', 'max': 1.02, 'min': 0.0}}",matplotlib,dark
"{'a': 0.1514, 'b': 0.0857, 'c': 0.1094, 'd': 0.1718, 'irt_model': {'expected': '2PL', 'observed': '3PL'}}",deterministic_reference_rubric_v1,"Parsed target JSON, compared fields to stored ground truth, and applied fixed rubric thresholds.",2pl_001_icc__dark_high_contrast__parameter_estimation__blind__deterministic_judge,15,0.7333,True,2pl_001_icc__dark_high_contrast__parameter_estimation__blind,"{'field_scores': {'a': 2, 'b': 3, 'c': 3, 'd': 2, 'irt_model': 0}, 'reasoning_score': 1}",2pl_001_icc__dark_high_contrast,local_blind_baseline,2pl_001_icc__dark_high_contrast__parameter_estimation,11,parameter_estimation,dichotomous_icc,2PL,dark_high_contrast,"{'color_palette': 'bright', 'gridlines': 'faint', 'height_px': 750, 'image_format': 'png', 'image_path': 'data/benchmark/images/2pl_001_icc__dark_high_contrast.png', 'legend_position': 'best', 'line_width': 2.6, 'num_rendered_lines': 1, 'render_engine': 'matplotlib', 'style_context': 'dark_background', 'style_profile_id': 'dark_high_contrast', 'theme': 'dark', 'tick_density': 'standard', 'width_px': 1125, 'x_axis': {'label': 'Ability (theta)', 'max': 4.0, 'min': -4.0}, 'y_axis': {'label': 'Probability of keyed response', 'max': 1.02, 'min': 0.0}}",matplotlib,dark
{'probability': 0.0},deterministic_reference_rubric_v1,"Parsed target JSON, compared fields to stored ground truth, and applied fixed rubric thresholds.",2pl_001_icc__dark_high_contrast__probability_at_theta_0.0__oracle__deterministic_judge,5,1.0,True,2pl_001_icc__dark_high_contrast__probability_at_theta_0.0__oracle,"{'field_scores': {'probability': 3}, 'reasoning_score': 2}",2pl_001_icc__dark_high_contrast,local_oracle_baseline,2pl_001_icc__dark_high_contrast__probability_at_theta_0.0,5,probability_at_theta_0.0,dichotomous_icc,2PL,dark_high_contrast,"{'color_palette': 'bright', 'gridlines': 'faint', 'height_px': 750, 'image_format': 'png', 'image_path': 'data/benchmark/images/2pl_001_icc__dark_high_contrast.png', 'legend_position': 'best', 'line_width': 2.6, 'num_rendered_lines': 1, 'render_engine': 'matplotlib', 'style_context': 'dark_background', 'style_profile_id': 'dark_high_contrast', 'theme': 'dark', 'tick_density': 'standard', 'width_px': 1125, 'x_axis': {'label': 'Ability (theta)', 'max': 4.0, 'min': -4.0}, 'y_axis': {'label': 'Probability of keyed response', 'max': 1.02, 'min': 0.0}}",matplotlib,dark
{'probability': 0.0271},deterministic_reference_rubric_v1,"Parsed target JSON, compared fields to stored ground truth, and applied fixed rubric thresholds.",2pl_001_icc__dark_high_contrast__probability_at_theta_0.0__noisy__deterministic_judge,5,0.8,True,2pl_001_icc__dark_high_contrast__probability_at_theta_0.0__noisy,"{'field_scores': {'probability': 3}, 'reasoning_score': 1}",2pl_001_icc__dark_high_contrast,local_noisy_baseline,2pl_001_icc__dark_high_contrast__probability_at_theta_0.0,4,probability_at_theta_0.0,dichotomous_icc,2PL,dark_high_contrast,"{'color_palette': 'bright', 'gridlines': 'faint', 'height_px': 750, 'image_format': 'png', 'image_path': 'data/benchmark/images/2pl_001_icc__dark_high_contrast.png', 'legend_position': 'best', 'line_width': 2.6, 'num_rendered_lines': 1, 'render_engine': 'matplotlib', 'style_context': 'dark_background', 'style_profile_id': 'dark_high_contrast', 'theme': 'dark', 'tick_density': 'standard', 'width_px': 1125, 'x_axis': {'label': 'Ability (theta)', 'max': 4.0, 'min': -4.0}, 'y_axis': {'label': 'Probability of keyed response', 'max': 1.02, 'min': 0.0}}",matplotlib,dark
{'probability': 0.667},deterministic_reference_rubric_v1,"Parsed target JSON, compared fields to stored ground truth, and applied fixed rubric thresholds.",2pl_001_icc__dark_high_contrast__probability_at_theta_0.0__blind__deterministic_judge,5,0.2,True,2pl_001_icc__dark_high_contrast__probability_at_theta_0.0__blind,"{'field_scores': {'probability': 0}, 'reasoning_score': 1}",2pl_001_icc__dark_high_contrast,local_blind_baseline,2pl_001_icc__dark_high_contrast__probability_at_theta_0.0,1,probability_at_theta_0.0,dichotomous_icc,2PL,dark_high_contrast,"{'color_palette': 'bright', 'gridlines': 'faint', 'height_px': 750, 'image_format': 'png', 'image_path': 'data/benchmark/images/2pl_001_icc__dark_high_contrast.png', 'legend_position': 'best', 'line_width': 2.6, 'num_rendered_lines': 1, 'render_engine': 'matplotlib', 'style_context': 'dark_background', 'style_profile_id': 'dark_high_contrast', 'theme': 'dark', 'tick_density': 'standard', 'width_px': 1125, 'x_axis': {'label': 'Ability (theta)', 'max': 4.0, 'min': -4.0}, 'y_axis': {'label': 'Probability of keyed response', 'max': 1.02, 'min': 0.0}}",matplotlib,dark
"{'irt_model': {'expected': '2PL', 'observed': '2PL'}}",deterministic_reference_rubric_v1,"Parsed target JSON, compared fields to stored ground truth, and applied fixed rubric thresholds.",2pl_001_icc__lattice_emulation__model_identification__oracle__deterministic_judge,3,1.0,True,2pl_001_icc__lattice_emulation__model_identification__oracle,"{'field_scores': {'irt_model': 1}, 'reasoning_score': 2}",2pl_001_icc__lattice_emulation,local_oracle_baseline,2pl_001_icc__lattice_emulation__model_identification,3,model_identification,dichotomous_icc,2PL,lattice_emulation,"{'color_palette': 'colorblind', 'gridlines': 'faint', 'height_px': 750, 'image_format': 'png', 'image_path': 'data/benchmark/images/2pl_001_icc__lattice_emulation.png', 'legend_position': 'outside', 'line_width': 2.0, 'num_rendered_lines': 1, 'render_engine': 'matplotlib_lattice_emulation', 'style_context': 'classic', 'style_profile_id': 'lattice_emulation', 'theme': 'light', 'tick_density': 'standard', 'width_px': 1125, 'x_axis': {'label': 'Ability (theta)', 'max': 4.0, 'min': -4.0}, 'y_axis': {'label': 'Probability of keyed response', 'max': 1.02, 'min': 0.0}}",matplotlib_lattice_emulation,light
"{'irt_model': {'expected': '2PL', 'observed': '2PL'}}",deterministic_reference_rubric_v1,"Parsed target JSON, compared fields to stored ground truth, and applied fixed rubric thresholds.",2pl_001_icc__lattice_emulation__model_identification__noisy__deterministic_judge,3,0.6667,True,2pl_001_icc__lattice_emulation__model_identification__noisy,"{'field_scores': {'irt_model': 1}, 'reasoning_score': 1}",2pl_001_icc__lattice_emulation,local_noisy_baseline,2pl_001_icc__lattice_emulation__model_identification,2,model_identification,dichotomous_icc,2PL,lattice_emulation,"{'color_palette': 'colorblind', 'gridlines': 'faint', 'height_px': 750, 'image_format': 'png', 'image_path': 'data/benchmark/images/2pl_001_icc__lattice_emulation.png', 'legend_position': 'outside', 'line_width': 2.0, 'num_rendered_lines': 1, 'render_engine': 'matplotlib_lattice_emulation', 'style_context': 'classic', 'style_profile_id': 'lattice_emulation', 'theme': 'light', 'tick_density': 'standard', 'width_px': 1125, 'x_axis': {'label': 'Ability (theta)', 'max': 4.0, 'min': -4.0}, 'y_axis': {'label': 'Probability of keyed response', 'max': 1.02, 'min': 0.0}}",matplotlib_lattice_emulation,light
"{'irt_model': {'expected': '2PL', 'observed': '3PL'}}",deterministic_reference_rubric_v1,"Parsed target JSON, compared fields to stored ground truth, and applied fixed rubric thresholds.",2pl_001_icc__lattice_emulation__model_identification__blind__deterministic_judge,3,0.3333,True,2pl_001_icc__lattice_emulation__model_identification__blind,"{'field_scores': {'irt_model': 0}, 'reasoning_score': 1}",2pl_001_icc__lattice_emulation,local_blind_baseline,2pl_001_icc__lattice_emulation__model_identification,1,model_identification,dichotomous_icc,2PL,lattice_emulation,"{'color_palette': 'colorblind', 'gridlines': 'faint', 'height_px': 750, 'image_format': 'png', 'image_path': 'data/benchmark/images/2pl_001_icc__lattice_emulation.png', 'legend_position': 'outside', 'line_width': 2.0, 'num_rendered_lines': 1, 'render_engine': 'matplotlib_lattice_emulation', 'style_context': 'classic', 'style_profile_id': 'lattice_emulation', 'theme': 'light', 'tick_density': 'standard', 'width_px': 1125, 'x_axis': {'label': 'Ability (theta)', 'max': 4.0, 'min': -4.0}, 'y_axis': {'label': 'Probability of keyed response', 'max': 1.02, 'min': 0.0}}",matplotlib_lattice_emulation,light
"{'a': 0.0, 'b': 0.0, 'c': 0.0, 'd': 0.0, 'irt_model': {'expected': '2PL', 'observed': '2PL'}}",deterministic_reference_rubric_v1,"Parsed target JSON, compared fields to stored ground truth, and applied fixed rubric thresholds.",2pl_001_icc__lattice_emulation__parameter_estimation__oracle__deterministic_judge,15,1.0,True,2pl_001_icc__lattice_emulation__parameter_estimation__oracle,"{'field_scores': {'a': 3, 'b': 3, 'c': 3, 'd': 3, 'irt_model': 1}, 'reasoning_score': 2}",2pl_001_icc__lattice_emulation,local_oracle_baseline,2pl_001_icc__lattice_emulation__parameter_estimation,15,parameter_estimation,dichotomous_icc,2PL,lattice_emulation,"{'color_palette': 'colorblind', 'gridlines': 'faint', 'height_px': 750, 'image_format': 'png', 'image_path': 'data/benchmark/images/2pl_001_icc__lattice_emulation.png', 'legend_position': 'outside', 'line_width': 2.0, 'num_rendered_lines': 1, 'render_engine': 'matplotlib_lattice_emulation', 'style_context': 'classic', 'style_profile_id': 'lattice_emulation', 'theme': 'light', 'tick_density': 'standard', 'width_px': 1125, 'x_axis': {'label': 'Ability (theta)', 'max': 4.0, 'min': -4.0}, 'y_axis': {'label': 'Probability of keyed response', 'max': 1.02, 'min': 0.0}}",matplotlib_lattice_emulation,light
"{'a': 0.291, 'b': 0.1649, 'c': 0.0692, 'd': 0.0094, 'irt_model': {'expected': '2PL', 'observed': '2PL'}}",deterministic_reference_rubric_v1,"Parsed target JSON, compared fields to stored ground truth, and applied fixed rubric thresholds.",2pl_001_icc__lattice_emulation__parameter_estimation__noisy__deterministic_judge,15,0.8,True,2pl_001_icc__lattice_emulation__parameter_estimation__noisy,"{'field_scores': {'a': 2, 'b': 2, 'c': 3, 'd': 3, 'irt_model': 1}, 'reasoning_score': 1}",2pl_001_icc__lattice_emulation,local_noisy_baseline,2pl_001_icc__lattice_emulation__parameter_estimation,12,parameter_estimation,dichotomous_icc,2PL,lattice_emulation,"{'color_palette': 'colorblind', 'gridlines': 'faint', 'height_px': 750, 'image_format': 'png', 'image_path': 'data/benchmark/images/2pl_001_icc__lattice_emulation.png', 'legend_position': 'outside', 'line_width': 2.0, 'num_rendered_lines': 1, 'render_engine': 'matplotlib_lattice_emulation', 'style_context': 'classic', 'style_profile_id': 'lattice_emulation', 'theme': 'light', 'tick_density': 'standard', 'width_px': 1125, 'x_axis': {'label': 'Ability (theta)', 'max': 4.0, 'min': -4.0}, 'y_axis': {'label': 'Probability of keyed response', 'max': 1.02, 'min': 0.0}}",matplotlib_lattice_emulation,light
"{'a': 0.182, 'b': 0.4891, 'c': 0.3672, 'd': 0.5903, 'irt_model': {'expected': '2PL', 'observed': '3PL'}}",deterministic_reference_rubric_v1,"Parsed target JSON, compared fields to stored ground truth, and applied fixed rubric thresholds.",2pl_001_icc__lattice_emulation__parameter_estimation__blind__deterministic_judge,15,0.3333,True,2pl_001_icc__lattice_emulation__parameter_estimation__blind,"{'field_scores': {'a': 2, 'b': 1, 'c': 1, 'd': 0, 'irt_model': 0}, 'reasoning_score': 1}",2pl_001_icc__lattice_emulation,local_blind_baseline,2pl_001_icc__lattice_emulation__parameter_estimation,5,parameter_estimation,dichotomous_icc,2PL,lattice_emulation,"{'color_palette': 'colorblind', 'gridlines': 'faint', 'height_px': 750, 'image_format': 'png', 'image_path': 'data/benchmark/images/2pl_001_icc__lattice_emulation.png', 'legend_position': 'outside', 'line_width': 2.0, 'num_rendered_lines': 1, 'render_engine': 'matplotlib_lattice_emulation', 'style_context': 'classic', 'style_profile_id': 'lattice_emulation', 'theme': 'light', 'tick_density': 'standard', 'width_px': 1125, 'x_axis': {'label': 'Ability (theta)', 'max': 4.0, 'min': -4.0}, 'y_axis': {'label': 'Probability of keyed response', 'max': 1.02, 'min': 0.0}}",matplotlib_lattice_emulation,light
{'probability': 0.0},deterministic_reference_rubric_v1,"Parsed target JSON, compared fields to stored ground truth, and applied fixed rubric thresholds.",2pl_001_icc__lattice_emulation__probability_at_theta_0.0__oracle__deterministic_judge,5,1.0,True,2pl_001_icc__lattice_emulation__probability_at_theta_0.0__oracle,"{'field_scores': {'probability': 3}, 'reasoning_score': 2}",2pl_001_icc__lattice_emulation,local_oracle_baseline,2pl_001_icc__lattice_emulation__probability_at_theta_0.0,5,probability_at_theta_0.0,dichotomous_icc,2PL,lattice_emulation,"{'color_palette': 'colorblind', 'gridlines': 'faint', 'height_px': 750, 'image_format': 'png', 'image_path': 'data/benchmark/images/2pl_001_icc__lattice_emulation.png', 'legend_position': 'outside', 'line_width': 2.0, 'num_rendered_lines': 1, 'render_engine': 'matplotlib_lattice_emulation', 'style_context': 'classic', 'style_profile_id': 'lattice_emulation', 'theme': 'light', 'tick_density': 'standard', 'width_px': 1125, 'x_axis': {'label': 'Ability (theta)', 'max': 4.0, 'min': -4.0}, 'y_axis': {'label': 'Probability of keyed response', 'max': 1.02, 'min': 0.0}}",matplotlib_lattice_emulation,light
{'probability': 0.0707},deterministic_reference_rubric_v1,"Parsed target JSON, compared fields to stored ground truth, and applied fixed rubric thresholds.",2pl_001_icc__lattice_emulation__probability_at_theta_0.0__noisy__deterministic_judge,5,0.6,True,2pl_001_icc__lattice_emulation__probability_at_theta_0.0__noisy,"{'field_scores': {'probability': 2}, 'reasoning_score': 1}",2pl_001_icc__lattice_emulation,local_noisy_baseline,2pl_001_icc__lattice_emulation__probability_at_theta_0.0,3,probability_at_theta_0.0,dichotomous_icc,2PL,lattice_emulation,"{'color_palette': 'colorblind', 'gridlines': 'faint', 'height_px': 750, 'image_format': 'png', 'image_path': 'data/benchmark/images/2pl_001_icc__lattice_emulation.png', 'legend_position': 'outside', 'line_width': 2.0, 'num_rendered_lines': 1, 'render_engine': 'matplotlib_lattice_emulation', 'style_context': 'classic', 'style_profile_id': 'lattice_emulation', 'theme': 'light', 'tick_density': 'standard', 'width_px': 1125, 'x_axis': {'label': 'Ability (theta)', 'max': 4.0, 'min': -4.0}, 'y_axis': {'label': 'Probability of keyed response', 'max': 1.02, 'min': 0.0}}",matplotlib_lattice_emulation,light
{'probability': 0.8349},deterministic_reference_rubric_v1,"Parsed target JSON, compared fields to stored ground truth, and applied fixed rubric thresholds.",2pl_001_icc__lattice_emulation__probability_at_theta_0.0__blind__deterministic_judge,5,0.2,True,2pl_001_icc__lattice_emulation__probability_at_theta_0.0__blind,"{'field_scores': {'probability': 0}, 'reasoning_score': 1}",2pl_001_icc__lattice_emulation,local_blind_baseline,2pl_001_icc__lattice_emulation__probability_at_theta_0.0,1,probability_at_theta_0.0,dichotomous_icc,2PL,lattice_emulation,"{'color_palette': 'colorblind', 'gridlines': 'faint', 'height_px': 750, 'image_format': 'png', 'image_path': 'data/benchmark/images/2pl_001_icc__lattice_emulation.png', 'legend_position': 'outside', 'line_width': 2.0, 'num_rendered_lines': 1, 'render_engine': 'matplotlib_lattice_emulation', 'style_context': 'classic', 'style_profile_id': 'lattice_emulation', 'theme': 'light', 'tick_density': 'standard', 'width_px': 1125, 'x_axis': {'label': 'Ability (theta)', 'max': 4.0, 'min': -4.0}, 'y_axis': {'label': 'Probability of keyed response', 'max': 1.02, 'min': 0.0}}",matplotlib_lattice_emulation,light
"{'irt_model': {'expected': '2PL', 'observed': '2PL'}}",deterministic_reference_rubric_v1,"Parsed target JSON, compared fields to stored ground truth, and applied fixed rubric thresholds.",2pl_001_iif__matplotlib_light__model_identification__oracle__deterministic_judge,3,1.0,True,2pl_001_iif__matplotlib_light__model_identification__oracle,"{'field_scores': {'irt_model': 1}, 'reasoning_score': 2}",2pl_001_iif__matplotlib_light,local_oracle_baseline,2pl_001_iif__matplotlib_light__model_identification,3,model_identification,item_information,2PL,matplotlib_light,"{'color_palette': 'tab10', 'gridlines': 'standard', 'height_px': 750, 'image_format': 'png', 'image_path': 'data/benchmark/images/2pl_001_iif__matplotlib_light.png', 'legend_position': 'best', 'line_width': 2.4, 'num_rendered_lines': 1, 'render_engine': 'matplotlib', 'style_context': 'default', 'style_profile_id': 'matplotlib_light', 'theme': 'light', 'tick_density': 'standard', 'width_px': 1125, 'x_axis': {'label': 'Ability (theta)', 'max': 4.0, 'min': -4.0}, 'y_axis': {'label': 'Information', 'max': 0.976904, 'min': 0.0}}",matplotlib,light
"{'irt_model': {'expected': '2PL', 'observed': '2PL'}}",deterministic_reference_rubric_v1,"Parsed target JSON, compared fields to stored ground truth, and applied fixed rubric thresholds.",2pl_001_iif__matplotlib_light__model_identification__noisy__deterministic_judge,3,0.6667,True,2pl_001_iif__matplotlib_light__model_identification__noisy,"{'field_scores': {'irt_model': 1}, 'reasoning_score': 1}",2pl_001_iif__matplotlib_light,local_noisy_baseline,2pl_001_iif__matplotlib_light__model_identification,2,model_identification,item_information,2PL,matplotlib_light,"{'color_palette': 'tab10', 'gridlines': 'standard', 'height_px': 750, 'image_format': 'png', 'image_path': 'data/benchmark/images/2pl_001_iif__matplotlib_light.png', 'legend_position': 'best', 'line_width': 2.4, 'num_rendered_lines': 1, 'render_engine': 'matplotlib', 'style_context': 'default', 'style_profile_id': 'matplotlib_light', 'theme': 'light', 'tick_density': 'standard', 'width_px': 1125, 'x_axis': {'label': 'Ability (theta)', 'max': 4.0, 'min': -4.0}, 'y_axis': {'label': 'Information', 'max': 0.976904, 'min': 0.0}}",matplotlib,light
"{'irt_model': {'expected': '2PL', 'observed': '3PL'}}",deterministic_reference_rubric_v1,"Parsed target JSON, compared fields to stored ground truth, and applied fixed rubric thresholds.",2pl_001_iif__matplotlib_light__model_identification__blind__deterministic_judge,3,0.3333,True,2pl_001_iif__matplotlib_light__model_identification__blind,"{'field_scores': {'irt_model': 0}, 'reasoning_score': 1}",2pl_001_iif__matplotlib_light,local_blind_baseline,2pl_001_iif__matplotlib_light__model_identification,1,model_identification,item_information,2PL,matplotlib_light,"{'color_palette': 'tab10', 'gridlines': 'standard', 'height_px': 750, 'image_format': 'png', 'image_path': 'data/benchmark/images/2pl_001_iif__matplotlib_light.png', 'legend_position': 'best', 'line_width': 2.4, 'num_rendered_lines': 1, 'render_engine': 'matplotlib', 'style_context': 'default', 'style_profile_id': 'matplotlib_light', 'theme': 'light', 'tick_density': 'standard', 'width_px': 1125, 'x_axis': {'label': 'Ability (theta)', 'max': 4.0, 'min': -4.0}, 'y_axis': {'label': 'Information', 'max': 0.976904, 'min': 0.0}}",matplotlib,light
"{'peak_information': 0.0, 'peak_theta': 0.0}",deterministic_reference_rubric_v1,"Parsed target JSON, compared fields to stored ground truth, and applied fixed rubric thresholds.",2pl_001_iif__matplotlib_light__information_peak__oracle__deterministic_judge,8,1.0,True,2pl_001_iif__matplotlib_light__information_peak__oracle,"{'field_scores': {'peak_information': 3, 'peak_theta': 3}, 'reasoning_score': 2}",2pl_001_iif__matplotlib_light,local_oracle_baseline,2pl_001_iif__matplotlib_light__information_peak,8,information_peak,item_information,2PL,matplotlib_light,"{'color_palette': 'tab10', 'gridlines': 'standard', 'height_px': 750, 'image_format': 'png', 'image_path': 'data/benchmark/images/2pl_001_iif__matplotlib_light.png', 'legend_position': 'best', 'line_width': 2.4, 'num_rendered_lines': 1, 'render_engine': 'matplotlib', 'style_context': 'default', 'style_profile_id': 'matplotlib_light', 'theme': 'light', 'tick_density': 'standard', 'width_px': 1125, 'x_axis': {'label': 'Ability (theta)', 'max': 4.0, 'min': -4.0}, 'y_axis': {'label': 'Information', 'max': 0.976904, 'min': 0.0}}",matplotlib,light
"{'peak_information': 0.1211, 'peak_theta': 0.2479}",deterministic_reference_rubric_v1,"Parsed target JSON, compared fields to stored ground truth, and applied fixed rubric thresholds.",2pl_001_iif__matplotlib_light__information_peak__noisy__deterministic_judge,8,0.75,True,2pl_001_iif__matplotlib_light__information_peak__noisy,"{'field_scores': {'peak_information': 3, 'peak_theta': 2}, 'reasoning_score': 1}",2pl_001_iif__matplotlib_light,local_noisy_baseline,2pl_001_iif__matplotlib_light__information_peak,6,information_peak,item_information,2PL,matplotlib_light,"{'color_palette': 'tab10', 'gridlines': 'standard', 'height_px': 750, 'image_format': 'png', 'image_path': 'data/benchmark/images/2pl_001_iif__matplotlib_light.png', 'legend_position': 'best', 'line_width': 2.4, 'num_rendered_lines': 1, 'render_engine': 'matplotlib', 'style_context': 'default', 'style_profile_id': 'matplotlib_light', 'theme': 'light', 'tick_density': 'standard', 'width_px': 1125, 'x_axis': {'label': 'Ability (theta)', 'max': 4.0, 'min': -4.0}, 'y_axis': {'label': 'Information', 'max': 0.976904, 'min': 0.0}}",matplotlib,light
"{'peak_information': 0.1806, 'peak_theta': 0.9505}",deterministic_reference_rubric_v1,"Parsed target JSON, compared fields to stored ground truth, and applied fixed rubric thresholds.",2pl_001_iif__matplotlib_light__information_peak__blind__deterministic_judge,8,0.375,True,2pl_001_iif__matplotlib_light__information_peak__blind,"{'field_scores': {'peak_information': 2, 'peak_theta': 0}, 'reasoning_score': 1}",2pl_001_iif__matplotlib_light,local_blind_baseline,2pl_001_iif__matplotlib_light__information_peak,3,information_peak,item_information,2PL,matplotlib_light,"{'color_palette': 'tab10', 'gridlines': 'standard', 'height_px': 750, 'image_format': 'png', 'image_path': 'data/benchmark/images/2pl_001_iif__matplotlib_light.png', 'legend_position': 'best', 'line_width': 2.4, 'num_rendered_lines': 1, 'render_engine': 'matplotlib', 'style_context': 'default', 'style_profile_id': 'matplotlib_light', 'theme': 'light', 'tick_density': 'standard', 'width_px': 1125, 'x_axis': {'label': 'Ability (theta)', 'max': 4.0, 'min': -4.0}, 'y_axis': {'label': 'Information', 'max': 0.976904, 'min': 0.0}}",matplotlib,light
"{'irt_model': {'expected': '2PL', 'observed': '2PL'}}",deterministic_reference_rubric_v1,"Parsed target JSON, compared fields to stored ground truth, and applied fixed rubric thresholds.",2pl_001_iif__seaborn_whitegrid__model_identification__oracle__deterministic_judge,3,1.0,True,2pl_001_iif__seaborn_whitegrid__model_identification__oracle,"{'field_scores': {'irt_model': 1}, 'reasoning_score': 2}",2pl_001_iif__seaborn_whitegrid,local_oracle_baseline,2pl_001_iif__seaborn_whitegrid__model_identification,3,model_identification,item_information,2PL,seaborn_whitegrid,"{'color_palette': 'deep', 'gridlines': 'standard', 'height_px': 750, 'image_format': 'png', 'image_path': 'data/benchmark/images/2pl_001_iif__seaborn_whitegrid.png', 'legend_position': 'right', 'line_width': 2.4, 'num_rendered_lines': 1, 'render_engine': 'seaborn', 'style_context': 'whitegrid', 'style_profile_id': 'seaborn_whitegrid', 'theme': 'light', 'tick_density': 'standard', 'width_px': 1125, 'x_axis': {'label': 'Ability (theta)', 'max': 4.0, 'min': -4.0}, 'y_axis': {'label': 'Information', 'max': 0.976904, 'min': 0.0}}",seaborn,light
"{'irt_model': {'expected': '2PL', 'observed': '2PL'}}",deterministic_reference_rubric_v1,"Parsed target JSON, compared fields to stored ground truth, and applied fixed rubric thresholds.",2pl_001_iif__seaborn_whitegrid__model_identification__noisy__deterministic_judge,3,0.6667,True,2pl_001_iif__seaborn_whitegrid__model_identification__noisy,"{'field_scores': {'irt_model': 1}, 'reasoning_score': 1}",2pl_001_iif__seaborn_whitegrid,local_noisy_baseline,2pl_001_iif__seaborn_whitegrid__model_identification,2,model_identification,item_information,2PL,seaborn_whitegrid,"{'color_palette': 'deep', 'gridlines': 'standard', 'height_px': 750, 'image_format': 'png', 'image_path': 'data/benchmark/images/2pl_001_iif__seaborn_whitegrid.png', 'legend_position': 'right', 'line_width': 2.4, 'num_rendered_lines': 1, 'render_engine': 'seaborn', 'style_context': 'whitegrid', 'style_profile_id': 'seaborn_whitegrid', 'theme': 'light', 'tick_density': 'standard', 'width_px': 1125, 'x_axis': {'label': 'Ability (theta)', 'max': 4.0, 'min': -4.0}, 'y_axis': {'label': 'Information', 'max': 0.976904, 'min': 0.0}}",seaborn,light
"{'irt_model': {'expected': '2PL', 'observed': '3PL'}}",deterministic_reference_rubric_v1,"Parsed target JSON, compared fields to stored ground truth, and applied fixed rubric thresholds.",2pl_001_iif__seaborn_whitegrid__model_identification__blind__deterministic_judge,3,0.3333,True,2pl_001_iif__seaborn_whitegrid__model_identification__blind,"{'field_scores': {'irt_model': 0}, 'reasoning_score': 1}",2pl_001_iif__seaborn_whitegrid,local_blind_baseline,2pl_001_iif__seaborn_whitegrid__model_identification,1,model_identification,item_information,2PL,seaborn_whitegrid,"{'color_palette': 'deep', 'gridlines': 'standard', 'height_px': 750, 'image_format': 'png', 'image_path': 'data/benchmark/images/2pl_001_iif__seaborn_whitegrid.png', 'legend_position': 'right', 'line_width': 2.4, 'num_rendered_lines': 1, 'render_engine': 'seaborn', 'style_context': 'whitegrid', 'style_profile_id': 'seaborn_whitegrid', 'theme': 'light', 'tick_density': 'standard', 'width_px': 1125, 'x_axis': {'label': 'Ability (theta)', 'max': 4.0, 'min': -4.0}, 'y_axis': {'label': 'Information', 'max': 0.976904, 'min': 0.0}}",seaborn,light
"{'peak_information': 0.0, 'peak_theta': 0.0}",deterministic_reference_rubric_v1,"Parsed target JSON, compared fields to stored ground truth, and applied fixed rubric thresholds.",2pl_001_iif__seaborn_whitegrid__information_peak__oracle__deterministic_judge,8,1.0,True,2pl_001_iif__seaborn_whitegrid__information_peak__oracle,"{'field_scores': {'peak_information': 3, 'peak_theta': 3}, 'reasoning_score': 2}",2pl_001_iif__seaborn_whitegrid,local_oracle_baseline,2pl_001_iif__seaborn_whitegrid__information_peak,8,information_peak,item_information,2PL,seaborn_whitegrid,"{'color_palette': 'deep', 'gridlines': 'standard', 'height_px': 750, 'image_format': 'png', 'image_path': 'data/benchmark/images/2pl_001_iif__seaborn_whitegrid.png', 'legend_position': 'right', 'line_width': 2.4, 'num_rendered_lines': 1, 'render_engine': 'seaborn', 'style_context': 'whitegrid', 'style_profile_id': 'seaborn_whitegrid', 'theme': 'light', 'tick_density': 'standard', 'width_px': 1125, 'x_axis': {'label': 'Ability (theta)', 'max': 4.0, 'min': -4.0}, 'y_axis': {'label': 'Information', 'max': 0.976904, 'min': 0.0}}",seaborn,light
"{'peak_information': 0.0764, 'peak_theta': 0.0132}",deterministic_reference_rubric_v1,"Parsed target JSON, compared fields to stored ground truth, and applied fixed rubric thresholds.",2pl_001_iif__seaborn_whitegrid__information_peak__noisy__deterministic_judge,8,0.875,True,2pl_001_iif__seaborn_whitegrid__information_peak__noisy,"{'field_scores': {'peak_information': 3, 'peak_theta': 3}, 'reasoning_score': 1}",2pl_001_iif__seaborn_whitegrid,local_noisy_baseline,2pl_001_iif__seaborn_whitegrid__information_peak,7,information_peak,item_information,2PL,seaborn_whitegrid,"{'color_palette': 'deep', 'gridlines': 'standard', 'height_px': 750, 'image_format': 'png', 'image_path': 'data/benchmark/images/2pl_001_iif__seaborn_whitegrid.png', 'legend_position': 'right', 'line_width': 2.4, 'num_rendered_lines': 1, 'render_engine': 'seaborn', 'style_context': 'whitegrid', 'style_profile_id': 'seaborn_whitegrid', 'theme': 'light', 'tick_density': 'standard', 'width_px': 1125, 'x_axis': {'label': 'Ability (theta)', 'max': 4.0, 'min': -4.0}, 'y_axis': {'label': 'Information', 'max': 0.976904, 'min': 0.0}}",seaborn,light
"{'peak_information': 0.2061, 'peak_theta': 0.6647}",deterministic_reference_rubric_v1,"Parsed target JSON, compared fields to stored ground truth, and applied fixed rubric thresholds.",2pl_001_iif__seaborn_whitegrid__information_peak__blind__deterministic_judge,8,0.5,True,2pl_001_iif__seaborn_whitegrid__information_peak__blind,"{'field_scores': {'peak_information': 2, 'peak_theta': 1}, 'reasoning_score': 1}",2pl_001_iif__seaborn_whitegrid,local_blind_baseline,2pl_001_iif__seaborn_whitegrid__information_peak,4,information_peak,item_information,2PL,seaborn_whitegrid,"{'color_palette': 'deep', 'gridlines': 'standard', 'height_px': 750, 'image_format': 'png', 'image_path': 'data/benchmark/images/2pl_001_iif__seaborn_whitegrid.png', 'legend_position': 'right', 'line_width': 2.4, 'num_rendered_lines': 1, 'render_engine': 'seaborn', 'style_context': 'whitegrid', 'style_profile_id': 'seaborn_whitegrid', 'theme': 'light', 'tick_density': 'standard', 'width_px': 1125, 'x_axis': {'label': 'Ability (theta)', 'max': 4.0, 'min': -4.0}, 'y_axis': {'label': 'Information', 'max': 0.976904, 'min': 0.0}}",seaborn,light
"{'irt_model': {'expected': '2PL', 'observed': '2PL'}}",deterministic_reference_rubric_v1,"Parsed target JSON, compared fields to stored ground truth, and applied fixed rubric thresholds.",2pl_001_iif__ggplot_gray__model_identification__oracle__deterministic_judge,3,1.0,True,2pl_001_iif__ggplot_gray__model_identification__oracle,"{'field_scores': {'irt_model': 1}, 'reasoning_score': 2}",2pl_001_iif__ggplot_gray,local_oracle_baseline,2pl_001_iif__ggplot_gray__model_identification,3,model_identification,item_information,2PL,ggplot_gray,"{'color_palette': 'muted', 'gridlines': 'heavy', 'height_px': 750, 'image_format': 'png', 'image_path': 'data/benchmark/images/2pl_001_iif__ggplot_gray.png', 'legend_position': 'best', 'line_width': 2.2, 'num_rendered_lines': 1, 'render_engine': 'matplotlib_ggplot_style', 'style_context': 'ggplot', 'style_profile_id': 'ggplot_gray', 'theme': 'light', 'tick_density': 'dense', 'width_px': 1125, 'x_axis': {'label': 'Ability (theta)', 'max': 4.0, 'min': -4.0}, 'y_axis': {'label': 'Information', 'max': 0.976904, 'min': 0.0}}",matplotlib_ggplot_style,light
"{'irt_model': {'expected': '2PL', 'observed': '2PL'}}",deterministic_reference_rubric_v1,"Parsed target JSON, compared fields to stored ground truth, and applied fixed rubric thresholds.",2pl_001_iif__ggplot_gray__model_identification__noisy__deterministic_judge,3,0.6667,True,2pl_001_iif__ggplot_gray__model_identification__noisy,"{'field_scores': {'irt_model': 1}, 'reasoning_score': 1}",2pl_001_iif__ggplot_gray,local_noisy_baseline,2pl_001_iif__ggplot_gray__model_identification,2,model_identification,item_information,2PL,ggplot_gray,"{'color_palette': 'muted', 'gridlines': 'heavy', 'height_px': 750, 'image_format': 'png', 'image_path': 'data/benchmark/images/2pl_001_iif__ggplot_gray.png', 'legend_position': 'best', 'line_width': 2.2, 'num_rendered_lines': 1, 'render_engine': 'matplotlib_ggplot_style', 'style_context': 'ggplot', 'style_profile_id': 'ggplot_gray', 'theme': 'light', 'tick_density': 'dense', 'width_px': 1125, 'x_axis': {'label': 'Ability (theta)', 'max': 4.0, 'min': -4.0}, 'y_axis': {'label': 'Information', 'max': 0.976904, 'min': 0.0}}",matplotlib_ggplot_style,light
"{'irt_model': {'expected': '2PL', 'observed': '3PL'}}",deterministic_reference_rubric_v1,"Parsed target JSON, compared fields to stored ground truth, and applied fixed rubric thresholds.",2pl_001_iif__ggplot_gray__model_identification__blind__deterministic_judge,3,0.3333,True,2pl_001_iif__ggplot_gray__model_identification__blind,"{'field_scores': {'irt_model': 0}, 'reasoning_score': 1}",2pl_001_iif__ggplot_gray,local_blind_baseline,2pl_001_iif__ggplot_gray__model_identification,1,model_identification,item_information,2PL,ggplot_gray,"{'color_palette': 'muted', 'gridlines': 'heavy', 'height_px': 750, 'image_format': 'png', 'image_path': 'data/benchmark/images/2pl_001_iif__ggplot_gray.png', 'legend_position': 'best', 'line_width': 2.2, 'num_rendered_lines': 1, 'render_engine': 'matplotlib_ggplot_style', 'style_context': 'ggplot', 'style_profile_id': 'ggplot_gray', 'theme': 'light', 'tick_density': 'dense', 'width_px': 1125, 'x_axis': {'label': 'Ability (theta)', 'max': 4.0, 'min': -4.0}, 'y_axis': {'label': 'Information', 'max': 0.976904, 'min': 0.0}}",matplotlib_ggplot_style,light
"{'peak_information': 0.0, 'peak_theta': 0.0}",deterministic_reference_rubric_v1,"Parsed target JSON, compared fields to stored ground truth, and applied fixed rubric thresholds.",2pl_001_iif__ggplot_gray__information_peak__oracle__deterministic_judge,8,1.0,True,2pl_001_iif__ggplot_gray__information_peak__oracle,"{'field_scores': {'peak_information': 3, 'peak_theta': 3}, 'reasoning_score': 2}",2pl_001_iif__ggplot_gray,local_oracle_baseline,2pl_001_iif__ggplot_gray__information_peak,8,information_peak,item_information,2PL,ggplot_gray,"{'color_palette': 'muted', 'gridlines': 'heavy', 'height_px': 750, 'image_format': 'png', 'image_path': 'data/benchmark/images/2pl_001_iif__ggplot_gray.png', 'legend_position': 'best', 'line_width': 2.2, 'num_rendered_lines': 1, 'render_engine': 'matplotlib_ggplot_style', 'style_context': 'ggplot', 'style_profile_id': 'ggplot_gray', 'theme': 'light', 'tick_density': 'dense', 'width_px': 1125, 'x_axis': {'label': 'Ability (theta)', 'max': 4.0, 'min': -4.0}, 'y_axis': {'label': 'Information', 'max': 0.976904, 'min': 0.0}}",matplotlib_ggplot_style,light
"{'peak_information': 0.3969, 'peak_theta': 0.0145}",deterministic_reference_rubric_v1,"Parsed target JSON, compared fields to stored ground truth, and applied fixed rubric thresholds.",2pl_001_iif__ggplot_gray__information_peak__noisy__deterministic_judge,8,0.625,True,2pl_001_iif__ggplot_gray__information_peak__noisy,"{'field_scores': {'peak_information': 1, 'peak_theta': 3}, 'reasoning_score': 1}",2pl_001_iif__ggplot_gray,local_noisy_baseline,2pl_001_iif__ggplot_gray__information_peak,5,information_peak,item_information,2PL,ggplot_gray,"{'color_palette': 'muted', 'gridlines': 'heavy', 'height_px': 750, 'image_format': 'png', 'image_path': 'data/benchmark/images/2pl_001_iif__ggplot_gray.png', 'legend_position': 'best', 'line_width': 2.2, 'num_rendered_lines': 1, 'render_engine': 'matplotlib_ggplot_style', 'style_context': 'ggplot', 'style_profile_id': 'ggplot_gray', 'theme': 'light', 'tick_density': 'dense', 'width_px': 1125, 'x_axis': {'label': 'Ability (theta)', 'max': 4.0, 'min': -4.0}, 'y_axis': {'label': 'Information', 'max': 0.976904, 'min': 0.0}}",matplotlib_ggplot_style,light
"{'peak_information': 1.0922, 'peak_theta': 1.1693}",deterministic_reference_rubric_v1,"Parsed target JSON, compared fields to stored ground truth, and applied fixed rubric thresholds.",2pl_001_iif__ggplot_gray__information_peak__blind__deterministic_judge,8,0.125,True,2pl_001_iif__ggplot_gray__information_peak__blind,"{'field_scores': {'peak_information': 0, 'peak_theta': 0}, 'reasoning_score': 1}",2pl_001_iif__ggplot_gray,local_blind_baseline,2pl_001_iif__ggplot_gray__information_peak,1,information_peak,item_information,2PL,ggplot_gray,"{'color_palette': 'muted', 'gridlines': 'heavy', 'height_px': 750, 'image_format': 'png', 'image_path': 'data/benchmark/images/2pl_001_iif__ggplot_gray.png', 'legend_position': 'best', 'line_width': 2.2, 'num_rendered_lines': 1, 'render_engine': 'matplotlib_ggplot_style', 'style_context': 'ggplot', 'style_profile_id': 'ggplot_gray', 'theme': 'light', 'tick_density': 'dense', 'width_px': 1125, 'x_axis': {'label': 'Ability (theta)', 'max': 4.0, 'min': -4.0}, 'y_axis': {'label': 'Information', 'max': 0.976904, 'min': 0.0}}",matplotlib_ggplot_style,light
"{'irt_model': {'expected': '2PL', 'observed': '2PL'}}",deterministic_reference_rubric_v1,"Parsed target JSON, compared fields to stored ground truth, and applied fixed rubric thresholds.",2pl_001_iif__grayscale_no_grid__model_identification__oracle__deterministic_judge,3,1.0,True,2pl_001_iif__grayscale_no_grid__model_identification__oracle,"{'field_scores': {'irt_model': 1}, 'reasoning_score': 2}",2pl_001_iif__grayscale_no_grid,local_oracle_baseline,2pl_001_iif__grayscale_no_grid__model_identification,3,model_identification,item_information,2PL,grayscale_no_grid,"{'color_palette': 'grayscale', 'gridlines': 'none', 'height_px': 750, 'image_format': 'png', 'image_path': 'data/benchmark/images/2pl_001_iif__grayscale_no_grid.png', 'legend_position': 'bottom', 'line_width': 2.6, 'num_rendered_lines': 1, 'render_engine': 'matplotlib', 'style_context': 'default', 'style_profile_id': 'grayscale_no_grid', 'theme': 'light', 'tick_density': 'sparse', 'width_px': 1125, 'x_axis': {'label': 'Ability (theta)', 'max': 4.0, 'min': -4.0}, 'y_axis': {'label': 'Information', 'max': 0.976904, 'min': 0.0}}",matplotlib,light
"{'irt_model': {'expected': '2PL', 'observed': '2PL'}}",deterministic_reference_rubric_v1,"Parsed target JSON, compared fields to stored ground truth, and applied fixed rubric thresholds.",2pl_001_iif__grayscale_no_grid__model_identification__noisy__deterministic_judge,3,0.6667,True,2pl_001_iif__grayscale_no_grid__model_identification__noisy,"{'field_scores': {'irt_model': 1}, 'reasoning_score': 1}",2pl_001_iif__grayscale_no_grid,local_noisy_baseline,2pl_001_iif__grayscale_no_grid__model_identification,2,model_identification,item_information,2PL,grayscale_no_grid,"{'color_palette': 'grayscale', 'gridlines': 'none', 'height_px': 750, 'image_format': 'png', 'image_path': 'data/benchmark/images/2pl_001_iif__grayscale_no_grid.png', 'legend_position': 'bottom', 'line_width': 2.6, 'num_rendered_lines': 1, 'render_engine': 'matplotlib', 'style_context': 'default', 'style_profile_id': 'grayscale_no_grid', 'theme': 'light', 'tick_density': 'sparse', 'width_px': 1125, 'x_axis': {'label': 'Ability (theta)', 'max': 4.0, 'min': -4.0}, 'y_axis': {'label': 'Information', 'max': 0.976904, 'min': 0.0}}",matplotlib,light
"{'irt_model': {'expected': '2PL', 'observed': '3PL'}}",deterministic_reference_rubric_v1,"Parsed target JSON, compared fields to stored ground truth, and applied fixed rubric thresholds.",2pl_001_iif__grayscale_no_grid__model_identification__blind__deterministic_judge,3,0.3333,True,2pl_001_iif__grayscale_no_grid__model_identification__blind,"{'field_scores': {'irt_model': 0}, 'reasoning_score': 1}",2pl_001_iif__grayscale_no_grid,local_blind_baseline,2pl_001_iif__grayscale_no_grid__model_identification,1,model_identification,item_information,2PL,grayscale_no_grid,"{'color_palette': 'grayscale', 'gridlines': 'none', 'height_px': 750, 'image_format': 'png', 'image_path': 'data/benchmark/images/2pl_001_iif__grayscale_no_grid.png', 'legend_position': 'bottom', 'line_width': 2.6, 'num_rendered_lines': 1, 'render_engine': 'matplotlib', 'style_context': 'default', 'style_profile_id': 'grayscale_no_grid', 'theme': 'light', 'tick_density': 'sparse', 'width_px': 1125, 'x_axis': {'label': 'Ability (theta)', 'max': 4.0, 'min': -4.0}, 'y_axis': {'label': 'Information', 'max': 0.976904, 'min': 0.0}}",matplotlib,light
"{'peak_information': 0.0, 'peak_theta': 0.0}",deterministic_reference_rubric_v1,"Parsed target JSON, compared fields to stored ground truth, and applied fixed rubric thresholds.",2pl_001_iif__grayscale_no_grid__information_peak__oracle__deterministic_judge,8,1.0,True,2pl_001_iif__grayscale_no_grid__information_peak__oracle,"{'field_scores': {'peak_information': 3, 'peak_theta': 3}, 'reasoning_score': 2}",2pl_001_iif__grayscale_no_grid,local_oracle_baseline,2pl_001_iif__grayscale_no_grid__information_peak,8,information_peak,item_information,2PL,grayscale_no_grid,"{'color_palette': 'grayscale', 'gridlines': 'none', 'height_px': 750, 'image_format': 'png', 'image_path': 'data/benchmark/images/2pl_001_iif__grayscale_no_grid.png', 'legend_position': 'bottom', 'line_width': 2.6, 'num_rendered_lines': 1, 'render_engine': 'matplotlib', 'style_context': 'default', 'style_profile_id': 'grayscale_no_grid', 'theme': 'light', 'tick_density': 'sparse', 'width_px': 1125, 'x_axis': {'label': 'Ability (theta)', 'max': 4.0, 'min': -4.0}, 'y_axis': {'label': 'Information', 'max': 0.976904, 'min': 0.0}}",matplotlib,light
"{'peak_information': 0.2814, 'peak_theta': 0.0347}",deterministic_reference_rubric_v1,"Parsed target JSON, compared fields to stored ground truth, and applied fixed rubric thresholds.",2pl_001_iif__grayscale_no_grid__information_peak__noisy__deterministic_judge,8,0.75,True,2pl_001_iif__grayscale_no_grid__information_peak__noisy,"{'field_scores': {'peak_information': 2, 'peak_theta': 3}, 'reasoning_score': 1}",2pl_001_iif__grayscale_no_grid,local_noisy_baseline,2pl_001_iif__grayscale_no_grid__information_peak,6,information_peak,item_information,2PL,grayscale_no_grid,"{'color_palette': 'grayscale', 'gridlines': 'none', 'height_px': 750, 'image_format': 'png', 'image_path': 'data/benchmark/images/2pl_001_iif__grayscale_no_grid.png', 'legend_position': 'bottom', 'line_width': 2.6, 'num_rendered_lines': 1, 'render_engine': 'matplotlib', 'style_context': 'default', 'style_profile_id': 'grayscale_no_grid', 'theme': 'light', 'tick_density': 'sparse', 'width_px': 1125, 'x_axis': {'label': 'Ability (theta)', 'max': 4.0, 'min': -4.0}, 'y_axis': {'label': 'Information', 'max': 0.976904, 'min': 0.0}}",matplotlib,light
"{'peak_information': 0.106, 'peak_theta': 0.2903}",deterministic_reference_rubric_v1,"Parsed target JSON, compared fields to stored ground truth, and applied fixed rubric thresholds.",2pl_001_iif__grayscale_no_grid__information_peak__blind__deterministic_judge,8,0.75,True,2pl_001_iif__grayscale_no_grid__information_peak__blind,"{'field_scores': {'peak_information': 3, 'peak_theta': 2}, 'reasoning_score': 1}",2pl_001_iif__grayscale_no_grid,local_blind_baseline,2pl_001_iif__grayscale_no_grid__information_peak,6,information_peak,item_information,2PL,grayscale_no_grid,"{'color_palette': 'grayscale', 'gridlines': 'none', 'height_px': 750, 'image_format': 'png', 'image_path': 'data/benchmark/images/2pl_001_iif__grayscale_no_grid.png', 'legend_position': 'bottom', 'line_width': 2.6, 'num_rendered_lines': 1, 'render_engine': 'matplotlib', 'style_context': 'default', 'style_profile_id': 'grayscale_no_grid', 'theme': 'light', 'tick_density': 'sparse', 'width_px': 1125, 'x_axis': {'label': 'Ability (theta)', 'max': 4.0, 'min': -4.0}, 'y_axis': {'label': 'Information', 'max': 0.976904, 'min': 0.0}}",matplotlib,light
"{'irt_model': {'expected': '2PL', 'observed': '2PL'}}",deterministic_reference_rubric_v1,"Parsed target JSON, compared fields to stored ground truth, and applied fixed rubric thresholds.",2pl_001_iif__dark_high_contrast__model_identification__oracle__deterministic_judge,3,1.0,True,2pl_001_iif__dark_high_contrast__model_identification__oracle,"{'field_scores': {'irt_model': 1}, 'reasoning_score': 2}",2pl_001_iif__dark_high_contrast,local_oracle_baseline,2pl_001_iif__dark_high_contrast__model_identification,3,model_identification,item_information,2PL,dark_high_contrast,"{'color_palette': 'bright', 'gridlines': 'faint', 'height_px': 750, 'image_format': 'png', 'image_path': 'data/benchmark/images/2pl_001_iif__dark_high_contrast.png', 'legend_position': 'best', 'line_width': 2.6, 'num_rendered_lines': 1, 'render_engine': 'matplotlib', 'style_context': 'dark_background', 'style_profile_id': 'dark_high_contrast', 'theme': 'dark', 'tick_density': 'standard', 'width_px': 1125, 'x_axis': {'label': 'Ability (theta)', 'max': 4.0, 'min': -4.0}, 'y_axis': {'label': 'Information', 'max': 0.976904, 'min': 0.0}}",matplotlib,dark
"{'irt_model': {'expected': '2PL', 'observed': '2PL'}}",deterministic_reference_rubric_v1,"Parsed target JSON, compared fields to stored ground truth, and applied fixed rubric thresholds.",2pl_001_iif__dark_high_contrast__model_identification__noisy__deterministic_judge,3,0.6667,True,2pl_001_iif__dark_high_contrast__model_identification__noisy,"{'field_scores': {'irt_model': 1}, 'reasoning_score': 1}",2pl_001_iif__dark_high_contrast,local_noisy_baseline,2pl_001_iif__dark_high_contrast__model_identification,2,model_identification,item_information,2PL,dark_high_contrast,"{'color_palette': 'bright', 'gridlines': 'faint', 'height_px': 750, 'image_format': 'png', 'image_path': 'data/benchmark/images/2pl_001_iif__dark_high_contrast.png', 'legend_position': 'best', 'line_width': 2.6, 'num_rendered_lines': 1, 'render_engine': 'matplotlib', 'style_context': 'dark_background', 'style_profile_id': 'dark_high_contrast', 'theme': 'dark', 'tick_density': 'standard', 'width_px': 1125, 'x_axis': {'label': 'Ability (theta)', 'max': 4.0, 'min': -4.0}, 'y_axis': {'label': 'Information', 'max': 0.976904, 'min': 0.0}}",matplotlib,dark
"{'irt_model': {'expected': '2PL', 'observed': '3PL'}}",deterministic_reference_rubric_v1,"Parsed target JSON, compared fields to stored ground truth, and applied fixed rubric thresholds.",2pl_001_iif__dark_high_contrast__model_identification__blind__deterministic_judge,3,0.3333,True,2pl_001_iif__dark_high_contrast__model_identification__blind,"{'field_scores': {'irt_model': 0}, 'reasoning_score': 1}",2pl_001_iif__dark_high_contrast,local_blind_baseline,2pl_001_iif__dark_high_contrast__model_identification,1,model_identification,item_information,2PL,dark_high_contrast,"{'color_palette': 'bright', 'gridlines': 'faint', 'height_px': 750, 'image_format': 'png', 'image_path': 'data/benchmark/images/2pl_001_iif__dark_high_contrast.png', 'legend_position': 'best', 'line_width': 2.6, 'num_rendered_lines': 1, 'render_engine': 'matplotlib', 'style_context': 'dark_background', 'style_profile_id': 'dark_high_contrast', 'theme': 'dark', 'tick_density': 'standard', 'width_px': 1125, 'x_axis': {'label': 'Ability (theta)', 'max': 4.0, 'min': -4.0}, 'y_axis': {'label': 'Information', 'max': 0.976904, 'min': 0.0}}",matplotlib,dark
"{'peak_information': 0.0, 'peak_theta': 0.0}",deterministic_reference_rubric_v1,"Parsed target JSON, compared fields to stored ground truth, and applied fixed rubric thresholds.",2pl_001_iif__dark_high_contrast__information_peak__oracle__deterministic_judge,8,1.0,True,2pl_001_iif__dark_high_contrast__information_peak__oracle,"{'field_scores': {'peak_information': 3, 'peak_theta': 3}, 'reasoning_score': 2}",2pl_001_iif__dark_high_contrast,local_oracle_baseline,2pl_001_iif__dark_high_contrast__information_peak,8,information_peak,item_information,2PL,dark_high_contrast,"{'color_palette': 'bright', 'gridlines': 'faint', 'height_px': 750, 'image_format': 'png', 'image_path': 'data/benchmark/images/2pl_001_iif__dark_high_contrast.png', 'legend_position': 'best', 'line_width': 2.6, 'num_rendered_lines': 1, 'render_engine': 'matplotlib', 'style_context': 'dark_background', 'style_profile_id': 'dark_high_contrast', 'theme': 'dark', 'tick_density': 'standard', 'width_px': 1125, 'x_axis': {'label': 'Ability (theta)', 'max': 4.0, 'min': -4.0}, 'y_axis': {'label': 'Information', 'max': 0.976904, 'min': 0.0}}",matplotlib,dark
"{'peak_information': 0.1567, 'peak_theta': 0.4368}",deterministic_reference_rubric_v1,"Parsed target JSON, compared fields to stored ground truth, and applied fixed rubric thresholds.",2pl_001_iif__dark_high_contrast__information_peak__noisy__deterministic_judge,8,0.5,True,2pl_001_iif__dark_high_contrast__information_peak__noisy,"{'field_scores': {'peak_information': 2, 'peak_theta': 1}, 'reasoning_score': 1}",2pl_001_iif__dark_high_contrast,local_noisy_baseline,2pl_001_iif__dark_high_contrast__information_peak,4,information_peak,item_information,2PL,dark_high_contrast,"{'color_palette': 'bright', 'gridlines': 'faint', 'height_px': 750, 'image_format': 'png', 'image_path': 'data/benchmark/images/2pl_001_iif__dark_high_contrast.png', 'legend_position': 'best', 'line_width': 2.6, 'num_rendered_lines': 1, 'render_engine': 'matplotlib', 'style_context': 'dark_background', 'style_profile_id': 'dark_high_contrast', 'theme': 'dark', 'tick_density': 'standard', 'width_px': 1125, 'x_axis': {'label': 'Ability (theta)', 'max': 4.0, 'min': -4.0}, 'y_axis': {'label': 'Information', 'max': 0.976904, 'min': 0.0}}",matplotlib,dark
"{'peak_information': 0.4095, 'peak_theta': 0.3152}",deterministic_reference_rubric_v1,"Parsed target JSON, compared fields to stored ground truth, and applied fixed rubric thresholds.",2pl_001_iif__dark_high_contrast__information_peak__blind__deterministic_judge,8,0.5,True,2pl_001_iif__dark_high_contrast__information_peak__blind,"{'field_scores': {'peak_information': 1, 'peak_theta': 2}, 'reasoning_score': 1}",2pl_001_iif__dark_high_contrast,local_blind_baseline,2pl_001_iif__dark_high_contrast__information_peak,4,information_peak,item_information,2PL,dark_high_contrast,"{'color_palette': 'bright', 'gridlines': 'faint', 'height_px': 750, 'image_format': 'png', 'image_path': 'data/benchmark/images/2pl_001_iif__dark_high_contrast.png', 'legend_position': 'best', 'line_width': 2.6, 'num_rendered_lines': 1, 'render_engine': 'matplotlib', 'style_context': 'dark_background', 'style_profile_id': 'dark_high_contrast', 'theme': 'dark', 'tick_density': 'standard', 'width_px': 1125, 'x_axis': {'label': 'Ability (theta)', 'max': 4.0, 'min': -4.0}, 'y_axis': {'label': 'Information', 'max': 0.976904, 'min': 0.0}}",matplotlib,dark
"{'irt_model': {'expected': '2PL', 'observed': '2PL'}}",deterministic_reference_rubric_v1,"Parsed target JSON, compared fields to stored ground truth, and applied fixed rubric thresholds.",2pl_001_iif__lattice_emulation__model_identification__oracle__deterministic_judge,3,1.0,True,2pl_001_iif__lattice_emulation__model_identification__oracle,"{'field_scores': {'irt_model': 1}, 'reasoning_score': 2}",2pl_001_iif__lattice_emulation,local_oracle_baseline,2pl_001_iif__lattice_emulation__model_identification,3,model_identification,item_information,2PL,lattice_emulation,"{'color_palette': 'colorblind', 'gridlines': 'faint', 'height_px': 750, 'image_format': 'png', 'image_path': 'data/benchmark/images/2pl_001_iif__lattice_emulation.png', 'legend_position': 'outside', 'line_width': 2.0, 'num_rendered_lines': 1, 'render_engine': 'matplotlib_lattice_emulation', 'style_context': 'classic', 'style_profile_id': 'lattice_emulation', 'theme': 'light', 'tick_density': 'standard', 'width_px': 1125, 'x_axis': {'label': 'Ability (theta)', 'max': 4.0, 'min': -4.0}, 'y_axis': {'label': 'Information', 'max': 0.976904, 'min': 0.0}}",matplotlib_lattice_emulation,light
"{'irt_model': {'expected': '2PL', 'observed': '2PL'}}",deterministic_reference_rubric_v1,"Parsed target JSON, compared fields to stored ground truth, and applied fixed rubric thresholds.",2pl_001_iif__lattice_emulation__model_identification__noisy__deterministic_judge,3,0.6667,True,2pl_001_iif__lattice_emulation__model_identification__noisy,"{'field_scores': {'irt_model': 1}, 'reasoning_score': 1}",2pl_001_iif__lattice_emulation,local_noisy_baseline,2pl_001_iif__lattice_emulation__model_identification,2,model_identification,item_information,2PL,lattice_emulation,"{'color_palette': 'colorblind', 'gridlines': 'faint', 'height_px': 750, 'image_format': 'png', 'image_path': 'data/benchmark/images/2pl_001_iif__lattice_emulation.png', 'legend_position': 'outside', 'line_width': 2.0, 'num_rendered_lines': 1, 'render_engine': 'matplotlib_lattice_emulation', 'style_context': 'classic', 'style_profile_id': 'lattice_emulation', 'theme': 'light', 'tick_density': 'standard', 'width_px': 1125, 'x_axis': {'label': 'Ability (theta)', 'max': 4.0, 'min': -4.0}, 'y_axis': {'label': 'Information', 'max': 0.976904, 'min': 0.0}}",matplotlib_lattice_emulation,light
"{'irt_model': {'expected': '2PL', 'observed': '3PL'}}",deterministic_reference_rubric_v1,"Parsed target JSON, compared fields to stored ground truth, and applied fixed rubric thresholds.",2pl_001_iif__lattice_emulation__model_identification__blind__deterministic_judge,3,0.3333,True,2pl_001_iif__lattice_emulation__model_identification__blind,"{'field_scores': {'irt_model': 0}, 'reasoning_score': 1}",2pl_001_iif__lattice_emulation,local_blind_baseline,2pl_001_iif__lattice_emulation__model_identification,1,model_identification,item_information,2PL,lattice_emulation,"{'color_palette': 'colorblind', 'gridlines': 'faint', 'height_px': 750, 'image_format': 'png', 'image_path': 'data/benchmark/images/2pl_001_iif__lattice_emulation.png', 'legend_position': 'outside', 'line_width': 2.0, 'num_rendered_lines': 1, 'render_engine': 'matplotlib_lattice_emulation', 'style_context': 'classic', 'style_profile_id': 'lattice_emulation', 'theme': 'light', 'tick_density': 'standard', 'width_px': 1125, 'x_axis': {'label': 'Ability (theta)', 'max': 4.0, 'min': -4.0}, 'y_axis': {'label': 'Information', 'max': 0.976904, 'min': 0.0}}",matplotlib_lattice_emulation,light
"{'peak_information': 0.0, 'peak_theta': 0.0}",deterministic_reference_rubric_v1,"Parsed target JSON, compared fields to stored ground truth, and applied fixed rubric thresholds.",2pl_001_iif__lattice_emulation__information_peak__oracle__deterministic_judge,8,1.0,True,2pl_001_iif__lattice_emulation__information_peak__oracle,"{'field_scores': {'peak_information': 3, 'peak_theta': 3}, 'reasoning_score': 2}",2pl_001_iif__lattice_emulation,local_oracle_baseline,2pl_001_iif__lattice_emulation__information_peak,8,information_peak,item_information,2PL,lattice_emulation,"{'color_palette': 'colorblind', 'gridlines': 'faint', 'height_px': 750, 'image_format': 'png', 'image_path': 'data/benchmark/images/2pl_001_iif__lattice_emulation.png', 'legend_position': 'outside', 'line_width': 2.0, 'num_rendered_lines': 1, 'render_engine': 'matplotlib_lattice_emulation', 'style_context': 'classic', 'style_profile_id': 'lattice_emulation', 'theme': 'light', 'tick_density': 'standard', 'width_px': 1125, 'x_axis': {'label': 'Ability (theta)', 'max': 4.0, 'min': -4.0}, 'y_axis': {'label': 'Information', 'max': 0.976904, 'min': 0.0}}",matplotlib_lattice_emulation,light
"{'peak_information': 0.0282, 'peak_theta': 0.0108}",deterministic_reference_rubric_v1,"Parsed target JSON, compared fields to stored ground truth, and applied fixed rubric thresholds.",2pl_001_iif__lattice_emulation__information_peak__noisy__deterministic_judge,8,0.875,True,2pl_001_iif__lattice_emulation__information_peak__noisy,"{'field_scores': {'peak_information': 3, 'peak_theta': 3}, 'reasoning_score': 1}",2pl_001_iif__lattice_emulation,local_noisy_baseline,2pl_001_iif__lattice_emulation__information_peak,7,information_peak,item_information,2PL,lattice_emulation,"{'color_palette': 'colorblind', 'gridlines': 'faint', 'height_px': 750, 'image_format': 'png', 'image_path': 'data/benchmark/images/2pl_001_iif__lattice_emulation.png', 'legend_position': 'outside', 'line_width': 2.0, 'num_rendered_lines': 1, 'render_engine': 'matplotlib_lattice_emulation', 'style_context': 'classic', 'style_profile_id': 'lattice_emulation', 'theme': 'light', 'tick_density': 'standard', 'width_px': 1125, 'x_axis': {'label': 'Ability (theta)', 'max': 4.0, 'min': -4.0}, 'y_axis': {'label': 'Information', 'max': 0.976904, 'min': 0.0}}",matplotlib_lattice_emulation,light
"{'peak_information': 0.1352, 'peak_theta': 0.3908}",deterministic_reference_rubric_v1,"Parsed target JSON, compared fields to stored ground truth, and applied fixed rubric thresholds.",2pl_001_iif__lattice_emulation__information_peak__blind__deterministic_judge,8,0.75,True,2pl_001_iif__lattice_emulation__information_peak__blind,"{'field_scores': {'peak_information': 3, 'peak_theta': 2}, 'reasoning_score': 1}",2pl_001_iif__lattice_emulation,local_blind_baseline,2pl_001_iif__lattice_emulation__information_peak,6,information_peak,item_information,2PL,lattice_emulation,"{'color_palette': 'colorblind', 'gridlines': 'faint', 'height_px': 750, 'image_format': 'png', 'image_path': 'data/benchmark/images/2pl_001_iif__lattice_emulation.png', 'legend_position': 'outside', 'line_width': 2.0, 'num_rendered_lines': 1, 'render_engine': 'matplotlib_lattice_emulation', 'style_context': 'classic', 'style_profile_id': 'lattice_emulation', 'theme': 'light', 'tick_density': 'standard', 'width_px': 1125, 'x_axis': {'label': 'Ability (theta)', 'max': 4.0, 'min': -4.0}, 'y_axis': {'label': 'Information', 'max': 0.976904, 'min': 0.0}}",matplotlib_lattice_emulation,light
"{'irt_model': {'expected': '3PL', 'observed': '3PL'}}",deterministic_reference_rubric_v1,"Parsed target JSON, compared fields to stored ground truth, and applied fixed rubric thresholds.",3pl_001_icc__matplotlib_light__model_identification__oracle__deterministic_judge,3,1.0,True,3pl_001_icc__matplotlib_light__model_identification__oracle,"{'field_scores': {'irt_model': 1}, 'reasoning_score': 2}",3pl_001_icc__matplotlib_light,local_oracle_baseline,3pl_001_icc__matplotlib_light__model_identification,3,model_identification,dichotomous_icc,3PL,matplotlib_light,"{'color_palette': 'tab10', 'gridlines': 'standard', 'height_px': 750, 'image_format': 'png', 'image_path': 'data/benchmark/images/3pl_001_icc__matplotlib_light.png', 'legend_position': 'best', 'line_width': 2.4, 'num_rendered_lines': 1, 'render_engine': 'matplotlib', 'style_context': 'default', 'style_profile_id': 'matplotlib_light', 'theme': 'light', 'tick_density': 'standard', 'width_px': 1125, 'x_axis': {'label': 'Ability (theta)', 'max': 4.0, 'min': -4.0}, 'y_axis': {'label': 'Probability of keyed response', 'max': 1.02, 'min': 0.0}}",matplotlib,light
"{'irt_model': {'expected': '3PL', 'observed': '3PL'}}",deterministic_reference_rubric_v1,"Parsed target JSON, compared fields to stored ground truth, and applied fixed rubric thresholds.",3pl_001_icc__matplotlib_light__model_identification__noisy__deterministic_judge,3,0.6667,True,3pl_001_icc__matplotlib_light__model_identification__noisy,"{'field_scores': {'irt_model': 1}, 'reasoning_score': 1}",3pl_001_icc__matplotlib_light,local_noisy_baseline,3pl_001_icc__matplotlib_light__model_identification,2,model_identification,dichotomous_icc,3PL,matplotlib_light,"{'color_palette': 'tab10', 'gridlines': 'standard', 'height_px': 750, 'image_format': 'png', 'image_path': 'data/benchmark/images/3pl_001_icc__matplotlib_light.png', 'legend_position': 'best', 'line_width': 2.4, 'num_rendered_lines': 1, 'render_engine': 'matplotlib', 'style_context': 'default', 'style_profile_id': 'matplotlib_light', 'theme': 'light', 'tick_density': 'standard', 'width_px': 1125, 'x_axis': {'label': 'Ability (theta)', 'max': 4.0, 'min': -4.0}, 'y_axis': {'label': 'Probability of keyed response', 'max': 1.02, 'min': 0.0}}",matplotlib,light
"{'irt_model': {'expected': '3PL', 'observed': '2PL'}}",deterministic_reference_rubric_v1,"Parsed target JSON, compared fields to stored ground truth, and applied fixed rubric thresholds.",3pl_001_icc__matplotlib_light__model_identification__blind__deterministic_judge,3,0.3333,True,3pl_001_icc__matplotlib_light__model_identification__blind,"{'field_scores': {'irt_model': 0}, 'reasoning_score': 1}",3pl_001_icc__matplotlib_light,local_blind_baseline,3pl_001_icc__matplotlib_light__model_identification,1,model_identification,dichotomous_icc,3PL,matplotlib_light,"{'color_palette': 'tab10', 'gridlines': 'standard', 'height_px': 750, 'image_format': 'png', 'image_path': 'data/benchmark/images/3pl_001_icc__matplotlib_light.png', 'legend_position': 'best', 'line_width': 2.4, 'num_rendered_lines': 1, 'render_engine': 'matplotlib', 'style_context': 'default', 'style_profile_id': 'matplotlib_light', 'theme': 'light', 'tick_density': 'standard', 'width_px': 1125, 'x_axis': {'label': 'Ability (theta)', 'max': 4.0, 'min': -4.0}, 'y_axis': {'label': 'Probability of keyed response', 'max': 1.02, 'min': 0.0}}",matplotlib,light
"{'a': 0.0, 'b': 0.0, 'c': 0.0, 'd': 0.0, 'irt_model': {'expected': '3PL', 'observed': '3PL'}}",deterministic_reference_rubric_v1,"Parsed target JSON, compared fields to stored ground truth, and applied fixed rubric thresholds.",3pl_001_icc__matplotlib_light__parameter_estimation__oracle__deterministic_judge,15,1.0,True,3pl_001_icc__matplotlib_light__parameter_estimation__oracle,"{'field_scores': {'a': 3, 'b': 3, 'c': 3, 'd': 3, 'irt_model': 1}, 'reasoning_score': 2}",3pl_001_icc__matplotlib_light,local_oracle_baseline,3pl_001_icc__matplotlib_light__parameter_estimation,15,parameter_estimation,dichotomous_icc,3PL,matplotlib_light,"{'color_palette': 'tab10', 'gridlines': 'standard', 'height_px': 750, 'image_format': 'png', 'image_path': 'data/benchmark/images/3pl_001_icc__matplotlib_light.png', 'legend_position': 'best', 'line_width': 2.4, 'num_rendered_lines': 1, 'render_engine': 'matplotlib', 'style_context': 'default', 'style_profile_id': 'matplotlib_light', 'theme': 'light', 'tick_density': 'standard', 'width_px': 1125, 'x_axis': {'label': 'Ability (theta)', 'max': 4.0, 'min': -4.0}, 'y_axis': {'label': 'Probability of keyed response', 'max': 1.02, 'min': 0.0}}",matplotlib,light
"{'a': 0.0063, 'b': 0.1411, 'c': 0.195, 'd': 0.2355, 'irt_model': {'expected': '3PL', 'observed': '3PL'}}",deterministic_reference_rubric_v1,"Parsed target JSON, compared fields to stored ground truth, and applied fixed rubric thresholds.",3pl_001_icc__matplotlib_light__parameter_estimation__noisy__deterministic_judge,15,0.8,True,3pl_001_icc__matplotlib_light__parameter_estimation__noisy,"{'field_scores': {'a': 3, 'b': 3, 'c': 2, 'd': 2, 'irt_model': 1}, 'reasoning_score': 1}",3pl_001_icc__matplotlib_light,local_noisy_baseline,3pl_001_icc__matplotlib_light__parameter_estimation,12,parameter_estimation,dichotomous_icc,3PL,matplotlib_light,"{'color_palette': 'tab10', 'gridlines': 'standard', 'height_px': 750, 'image_format': 'png', 'image_path': 'data/benchmark/images/3pl_001_icc__matplotlib_light.png', 'legend_position': 'best', 'line_width': 2.4, 'num_rendered_lines': 1, 'render_engine': 'matplotlib', 'style_context': 'default', 'style_profile_id': 'matplotlib_light', 'theme': 'light', 'tick_density': 'standard', 'width_px': 1125, 'x_axis': {'label': 'Ability (theta)', 'max': 4.0, 'min': -4.0}, 'y_axis': {'label': 'Probability of keyed response', 'max': 1.02, 'min': 0.0}}",matplotlib,light
"{'a': 0.0467, 'b': 0.5474, 'c': 0.0417, 'd': 0.9898, 'irt_model': {'expected': '3PL', 'observed': '2PL'}}",deterministic_reference_rubric_v1,"Parsed target JSON, compared fields to stored ground truth, and applied fixed rubric thresholds.",3pl_001_icc__matplotlib_light__parameter_estimation__blind__deterministic_judge,15,0.4667,True,3pl_001_icc__matplotlib_light__parameter_estimation__blind,"{'field_scores': {'a': 3, 'b': 0, 'c': 3, 'd': 0, 'irt_model': 0}, 'reasoning_score': 1}",3pl_001_icc__matplotlib_light,local_blind_baseline,3pl_001_icc__matplotlib_light__parameter_estimation,7,parameter_estimation,dichotomous_icc,3PL,matplotlib_light,"{'color_palette': 'tab10', 'gridlines': 'standard', 'height_px': 750, 'image_format': 'png', 'image_path': 'data/benchmark/images/3pl_001_icc__matplotlib_light.png', 'legend_position': 'best', 'line_width': 2.4, 'num_rendered_lines': 1, 'render_engine': 'matplotlib', 'style_context': 'default', 'style_profile_id': 'matplotlib_light', 'theme': 'light', 'tick_density': 'standard', 'width_px': 1125, 'x_axis': {'label': 'Ability (theta)', 'max': 4.0, 'min': -4.0}, 'y_axis': {'label': 'Probability of keyed response', 'max': 1.02, 'min': 0.0}}",matplotlib,light
{'probability': 0.0},deterministic_reference_rubric_v1,"Parsed target JSON, compared fields to stored ground truth, and applied fixed rubric thresholds.",3pl_001_icc__matplotlib_light__probability_at_theta_0.0__oracle__deterministic_judge,5,1.0,True,3pl_001_icc__matplotlib_light__probability_at_theta_0.0__oracle,"{'field_scores': {'probability': 3}, 'reasoning_score': 2}",3pl_001_icc__matplotlib_light,local_oracle_baseline,3pl_001_icc__matplotlib_light__probability_at_theta_0.0,5,probability_at_theta_0.0,dichotomous_icc,3PL,matplotlib_light,"{'color_palette': 'tab10', 'gridlines': 'standard', 'height_px': 750, 'image_format': 'png', 'image_path': 'data/benchmark/images/3pl_001_icc__matplotlib_light.png', 'legend_position': 'best', 'line_width': 2.4, 'num_rendered_lines': 1, 'render_engine': 'matplotlib', 'style_context': 'default', 'style_profile_id': 'matplotlib_light', 'theme': 'light', 'tick_density': 'standard', 'width_px': 1125, 'x_axis': {'label': 'Ability (theta)', 'max': 4.0, 'min': -4.0}, 'y_axis': {'label': 'Probability of keyed response', 'max': 1.02, 'min': 0.0}}",matplotlib,light
{'probability': 0.0048},deterministic_reference_rubric_v1,"Parsed target JSON, compared fields to stored ground truth, and applied fixed rubric thresholds.",3pl_001_icc__matplotlib_light__probability_at_theta_0.0__noisy__deterministic_judge,5,0.8,True,3pl_001_icc__matplotlib_light__probability_at_theta_0.0__noisy,"{'field_scores': {'probability': 3}, 'reasoning_score': 1}",3pl_001_icc__matplotlib_light,local_noisy_baseline,3pl_001_icc__matplotlib_light__probability_at_theta_0.0,4,probability_at_theta_0.0,dichotomous_icc,3PL,matplotlib_light,"{'color_palette': 'tab10', 'gridlines': 'standard', 'height_px': 750, 'image_format': 'png', 'image_path': 'data/benchmark/images/3pl_001_icc__matplotlib_light.png', 'legend_position': 'best', 'line_width': 2.4, 'num_rendered_lines': 1, 'render_engine': 'matplotlib', 'style_context': 'default', 'style_profile_id': 'matplotlib_light', 'theme': 'light', 'tick_density': 'standard', 'width_px': 1125, 'x_axis': {'label': 'Ability (theta)', 'max': 4.0, 'min': -4.0}, 'y_axis': {'label': 'Probability of keyed response', 'max': 1.02, 'min': 0.0}}",matplotlib,light
{'probability': 0.1776},deterministic_reference_rubric_v1,"Parsed target JSON, compared fields to stored ground truth, and applied fixed rubric thresholds.",3pl_001_icc__matplotlib_light__probability_at_theta_0.0__blind__deterministic_judge,5,0.4,True,3pl_001_icc__matplotlib_light__probability_at_theta_0.0__blind,"{'field_scores': {'probability': 1}, 'reasoning_score': 1}",3pl_001_icc__matplotlib_light,local_blind_baseline,3pl_001_icc__matplotlib_light__probability_at_theta_0.0,2,probability_at_theta_0.0,dichotomous_icc,3PL,matplotlib_light,"{'color_palette': 'tab10', 'gridlines': 'standard', 'height_px': 750, 'image_format': 'png', 'image_path': 'data/benchmark/images/3pl_001_icc__matplotlib_light.png', 'legend_position': 'best', 'line_width': 2.4, 'num_rendered_lines': 1, 'render_engine': 'matplotlib', 'style_context': 'default', 'style_profile_id': 'matplotlib_light', 'theme': 'light', 'tick_density': 'standard', 'width_px': 1125, 'x_axis': {'label': 'Ability (theta)', 'max': 4.0, 'min': -4.0}, 'y_axis': {'label': 'Probability of keyed response', 'max': 1.02, 'min': 0.0}}",matplotlib,light
"{'irt_model': {'expected': '3PL', 'observed': '3PL'}}",deterministic_reference_rubric_v1,"Parsed target JSON, compared fields to stored ground truth, and applied fixed rubric thresholds.",3pl_001_icc__seaborn_whitegrid__model_identification__oracle__deterministic_judge,3,1.0,True,3pl_001_icc__seaborn_whitegrid__model_identification__oracle,"{'field_scores': {'irt_model': 1}, 'reasoning_score': 2}",3pl_001_icc__seaborn_whitegrid,local_oracle_baseline,3pl_001_icc__seaborn_whitegrid__model_identification,3,model_identification,dichotomous_icc,3PL,seaborn_whitegrid,"{'color_palette': 'deep', 'gridlines': 'standard', 'height_px': 750, 'image_format': 'png', 'image_path': 'data/benchmark/images/3pl_001_icc__seaborn_whitegrid.png', 'legend_position': 'right', 'line_width': 2.4, 'num_rendered_lines': 1, 'render_engine': 'seaborn', 'style_context': 'whitegrid', 'style_profile_id': 'seaborn_whitegrid', 'theme': 'light', 'tick_density': 'standard', 'width_px': 1125, 'x_axis': {'label': 'Ability (theta)', 'max': 4.0, 'min': -4.0}, 'y_axis': {'label': 'Probability of keyed response', 'max': 1.02, 'min': 0.0}}",seaborn,light
"{'irt_model': {'expected': '3PL', 'observed': '3PL'}}",deterministic_reference_rubric_v1,"Parsed target JSON, compared fields to stored ground truth, and applied fixed rubric thresholds.",3pl_001_icc__seaborn_whitegrid__model_identification__noisy__deterministic_judge,3,0.6667,True,3pl_001_icc__seaborn_whitegrid__model_identification__noisy,"{'field_scores': {'irt_model': 1}, 'reasoning_score': 1}",3pl_001_icc__seaborn_whitegrid,local_noisy_baseline,3pl_001_icc__seaborn_whitegrid__model_identification,2,model_identification,dichotomous_icc,3PL,seaborn_whitegrid,"{'color_palette': 'deep', 'gridlines': 'standard', 'height_px': 750, 'image_format': 'png', 'image_path': 'data/benchmark/images/3pl_001_icc__seaborn_whitegrid.png', 'legend_position': 'right', 'line_width': 2.4, 'num_rendered_lines': 1, 'render_engine': 'seaborn', 'style_context': 'whitegrid', 'style_profile_id': 'seaborn_whitegrid', 'theme': 'light', 'tick_density': 'standard', 'width_px': 1125, 'x_axis': {'label': 'Ability (theta)', 'max': 4.0, 'min': -4.0}, 'y_axis': {'label': 'Probability of keyed response', 'max': 1.02, 'min': 0.0}}",seaborn,light
"{'irt_model': {'expected': '3PL', 'observed': '2PL'}}",deterministic_reference_rubric_v1,"Parsed target JSON, compared fields to stored ground truth, and applied fixed rubric thresholds.",3pl_001_icc__seaborn_whitegrid__model_identification__blind__deterministic_judge,3,0.3333,True,3pl_001_icc__seaborn_whitegrid__model_identification__blind,"{'field_scores': {'irt_model': 0}, 'reasoning_score': 1}",3pl_001_icc__seaborn_whitegrid,local_blind_baseline,3pl_001_icc__seaborn_whitegrid__model_identification,1,model_identification,dichotomous_icc,3PL,seaborn_whitegrid,"{'color_palette': 'deep', 'gridlines': 'standard', 'height_px': 750, 'image_format': 'png', 'image_path': 'data/benchmark/images/3pl_001_icc__seaborn_whitegrid.png', 'legend_position': 'right', 'line_width': 2.4, 'num_rendered_lines': 1, 'render_engine': 'seaborn', 'style_context': 'whitegrid', 'style_profile_id': 'seaborn_whitegrid', 'theme': 'light', 'tick_density': 'standard', 'width_px': 1125, 'x_axis': {'label': 'Ability (theta)', 'max': 4.0, 'min': -4.0}, 'y_axis': {'label': 'Probability of keyed response', 'max': 1.02, 'min': 0.0}}",seaborn,light
"{'a': 0.0, 'b': 0.0, 'c': 0.0, 'd': 0.0, 'irt_model': {'expected': '3PL', 'observed': '3PL'}}",deterministic_reference_rubric_v1,"Parsed target JSON, compared fields to stored ground truth, and applied fixed rubric thresholds.",3pl_001_icc__seaborn_whitegrid__parameter_estimation__oracle__deterministic_judge,15,1.0,True,3pl_001_icc__seaborn_whitegrid__parameter_estimation__oracle,"{'field_scores': {'a': 3, 'b': 3, 'c': 3, 'd': 3, 'irt_model': 1}, 'reasoning_score': 2}",3pl_001_icc__seaborn_whitegrid,local_oracle_baseline,3pl_001_icc__seaborn_whitegrid__parameter_estimation,15,parameter_estimation,dichotomous_icc,3PL,seaborn_whitegrid,"{'color_palette': 'deep', 'gridlines': 'standard', 'height_px': 750, 'image_format': 'png', 'image_path': 'data/benchmark/images/3pl_001_icc__seaborn_whitegrid.png', 'legend_position': 'right', 'line_width': 2.4, 'num_rendered_lines': 1, 'render_engine': 'seaborn', 'style_context': 'whitegrid', 'style_profile_id': 'seaborn_whitegrid', 'theme': 'light', 'tick_density': 'standard', 'width_px': 1125, 'x_axis': {'label': 'Ability (theta)', 'max': 4.0, 'min': -4.0}, 'y_axis': {'label': 'Probability of keyed response', 'max': 1.02, 'min': 0.0}}",seaborn,light
"{'a': 0.0621, 'b': 0.2784, 'c': 0.1579, 'd': 0.1427, 'irt_model': {'expected': '3PL', 'observed': '3PL'}}",deterministic_reference_rubric_v1,"Parsed target JSON, compared fields to stored ground truth, and applied fixed rubric thresholds.",3pl_001_icc__seaborn_whitegrid__parameter_estimation__noisy__deterministic_judge,15,0.8,True,3pl_001_icc__seaborn_whitegrid__parameter_estimation__noisy,"{'field_scores': {'a': 3, 'b': 2, 'c': 2, 'd': 3, 'irt_model': 1}, 'reasoning_score': 1}",3pl_001_icc__seaborn_whitegrid,local_noisy_baseline,3pl_001_icc__seaborn_whitegrid__parameter_estimation,12,parameter_estimation,dichotomous_icc,3PL,seaborn_whitegrid,"{'color_palette': 'deep', 'gridlines': 'standard', 'height_px': 750, 'image_format': 'png', 'image_path': 'data/benchmark/images/3pl_001_icc__seaborn_whitegrid.png', 'legend_position': 'right', 'line_width': 2.4, 'num_rendered_lines': 1, 'render_engine': 'seaborn', 'style_context': 'whitegrid', 'style_profile_id': 'seaborn_whitegrid', 'theme': 'light', 'tick_density': 'standard', 'width_px': 1125, 'x_axis': {'label': 'Ability (theta)', 'max': 4.0, 'min': -4.0}, 'y_axis': {'label': 'Probability of keyed response', 'max': 1.02, 'min': 0.0}}",seaborn,light
"{'a': 1.4426, 'b': 1.4375, 'c': 0.0404, 'd': 0.7458, 'irt_model': {'expected': '3PL', 'observed': '2PL'}}",deterministic_reference_rubric_v1,"Parsed target JSON, compared fields to stored ground truth, and applied fixed rubric thresholds.",3pl_001_icc__seaborn_whitegrid__parameter_estimation__blind__deterministic_judge,15,0.2667,True,3pl_001_icc__seaborn_whitegrid__parameter_estimation__blind,"{'field_scores': {'a': 0, 'b': 0, 'c': 3, 'd': 0, 'irt_model': 0}, 'reasoning_score': 1}",3pl_001_icc__seaborn_whitegrid,local_blind_baseline,3pl_001_icc__seaborn_whitegrid__parameter_estimation,4,parameter_estimation,dichotomous_icc,3PL,seaborn_whitegrid,"{'color_palette': 'deep', 'gridlines': 'standard', 'height_px': 750, 'image_format': 'png', 'image_path': 'data/benchmark/images/3pl_001_icc__seaborn_whitegrid.png', 'legend_position': 'right', 'line_width': 2.4, 'num_rendered_lines': 1, 'render_engine': 'seaborn', 'style_context': 'whitegrid', 'style_profile_id': 'seaborn_whitegrid', 'theme': 'light', 'tick_density': 'standard', 'width_px': 1125, 'x_axis': {'label': 'Ability (theta)', 'max': 4.0, 'min': -4.0}, 'y_axis': {'label': 'Probability of keyed response', 'max': 1.02, 'min': 0.0}}",seaborn,light
{'probability': 0.0},deterministic_reference_rubric_v1,"Parsed target JSON, compared fields to stored ground truth, and applied fixed rubric thresholds.",3pl_001_icc__seaborn_whitegrid__probability_at_theta_0.0__oracle__deterministic_judge,5,1.0,True,3pl_001_icc__seaborn_whitegrid__probability_at_theta_0.0__oracle,"{'field_scores': {'probability': 3}, 'reasoning_score': 2}",3pl_001_icc__seaborn_whitegrid,local_oracle_baseline,3pl_001_icc__seaborn_whitegrid__probability_at_theta_0.0,5,probability_at_theta_0.0,dichotomous_icc,3PL,seaborn_whitegrid,"{'color_palette': 'deep', 'gridlines': 'standard', 'height_px': 750, 'image_format': 'png', 'image_path': 'data/benchmark/images/3pl_001_icc__seaborn_whitegrid.png', 'legend_position': 'right', 'line_width': 2.4, 'num_rendered_lines': 1, 'render_engine': 'seaborn', 'style_context': 'whitegrid', 'style_profile_id': 'seaborn_whitegrid', 'theme': 'light', 'tick_density': 'standard', 'width_px': 1125, 'x_axis': {'label': 'Ability (theta)', 'max': 4.0, 'min': -4.0}, 'y_axis': {'label': 'Probability of keyed response', 'max': 1.02, 'min': 0.0}}",seaborn,light
{'probability': 0.0064},deterministic_reference_rubric_v1,"Parsed target JSON, compared fields to stored ground truth, and applied fixed rubric thresholds.",3pl_001_icc__seaborn_whitegrid__probability_at_theta_0.0__noisy__deterministic_judge,5,0.8,True,3pl_001_icc__seaborn_whitegrid__probability_at_theta_0.0__noisy,"{'field_scores': {'probability': 3}, 'reasoning_score': 1}",3pl_001_icc__seaborn_whitegrid,local_noisy_baseline,3pl_001_icc__seaborn_whitegrid__probability_at_theta_0.0,4,probability_at_theta_0.0,dichotomous_icc,3PL,seaborn_whitegrid,"{'color_palette': 'deep', 'gridlines': 'standard', 'height_px': 750, 'image_format': 'png', 'image_path': 'data/benchmark/images/3pl_001_icc__seaborn_whitegrid.png', 'legend_position': 'right', 'line_width': 2.4, 'num_rendered_lines': 1, 'render_engine': 'seaborn', 'style_context': 'whitegrid', 'style_profile_id': 'seaborn_whitegrid', 'theme': 'light', 'tick_density': 'standard', 'width_px': 1125, 'x_axis': {'label': 'Ability (theta)', 'max': 4.0, 'min': -4.0}, 'y_axis': {'label': 'Probability of keyed response', 'max': 1.02, 'min': 0.0}}",seaborn,light
{'probability': 0.1934},deterministic_reference_rubric_v1,"Parsed target JSON, compared fields to stored ground truth, and applied fixed rubric thresholds.",3pl_001_icc__seaborn_whitegrid__probability_at_theta_0.0__blind__deterministic_judge,5,0.4,True,3pl_001_icc__seaborn_whitegrid__probability_at_theta_0.0__blind,"{'field_scores': {'probability': 1}, 'reasoning_score': 1}",3pl_001_icc__seaborn_whitegrid,local_blind_baseline,3pl_001_icc__seaborn_whitegrid__probability_at_theta_0.0,2,probability_at_theta_0.0,dichotomous_icc,3PL,seaborn_whitegrid,"{'color_palette': 'deep', 'gridlines': 'standard', 'height_px': 750, 'image_format': 'png', 'image_path': 'data/benchmark/images/3pl_001_icc__seaborn_whitegrid.png', 'legend_position': 'right', 'line_width': 2.4, 'num_rendered_lines': 1, 'render_engine': 'seaborn', 'style_context': 'whitegrid', 'style_profile_id': 'seaborn_whitegrid', 'theme': 'light', 'tick_density': 'standard', 'width_px': 1125, 'x_axis': {'label': 'Ability (theta)', 'max': 4.0, 'min': -4.0}, 'y_axis': {'label': 'Probability of keyed response', 'max': 1.02, 'min': 0.0}}",seaborn,light
"{'irt_model': {'expected': '3PL', 'observed': '3PL'}}",deterministic_reference_rubric_v1,"Parsed target JSON, compared fields to stored ground truth, and applied fixed rubric thresholds.",3pl_001_icc__ggplot_gray__model_identification__oracle__deterministic_judge,3,1.0,True,3pl_001_icc__ggplot_gray__model_identification__oracle,"{'field_scores': {'irt_model': 1}, 'reasoning_score': 2}",3pl_001_icc__ggplot_gray,local_oracle_baseline,3pl_001_icc__ggplot_gray__model_identification,3,model_identification,dichotomous_icc,3PL,ggplot_gray,"{'color_palette': 'muted', 'gridlines': 'heavy', 'height_px': 750, 'image_format': 'png', 'image_path': 'data/benchmark/images/3pl_001_icc__ggplot_gray.png', 'legend_position': 'best', 'line_width': 2.2, 'num_rendered_lines': 1, 'render_engine': 'matplotlib_ggplot_style', 'style_context': 'ggplot', 'style_profile_id': 'ggplot_gray', 'theme': 'light', 'tick_density': 'dense', 'width_px': 1125, 'x_axis': {'label': 'Ability (theta)', 'max': 4.0, 'min': -4.0}, 'y_axis': {'label': 'Probability of keyed response', 'max': 1.02, 'min': 0.0}}",matplotlib_ggplot_style,light
"{'irt_model': {'expected': '3PL', 'observed': '3PL'}}",deterministic_reference_rubric_v1,"Parsed target JSON, compared fields to stored ground truth, and applied fixed rubric thresholds.",3pl_001_icc__ggplot_gray__model_identification__noisy__deterministic_judge,3,0.6667,True,3pl_001_icc__ggplot_gray__model_identification__noisy,"{'field_scores': {'irt_model': 1}, 'reasoning_score': 1}",3pl_001_icc__ggplot_gray,local_noisy_baseline,3pl_001_icc__ggplot_gray__model_identification,2,model_identification,dichotomous_icc,3PL,ggplot_gray,"{'color_palette': 'muted', 'gridlines': 'heavy', 'height_px': 750, 'image_format': 'png', 'image_path': 'data/benchmark/images/3pl_001_icc__ggplot_gray.png', 'legend_position': 'best', 'line_width': 2.2, 'num_rendered_lines': 1, 'render_engine': 'matplotlib_ggplot_style', 'style_context': 'ggplot', 'style_profile_id': 'ggplot_gray', 'theme': 'light', 'tick_density': 'dense', 'width_px': 1125, 'x_axis': {'label': 'Ability (theta)', 'max': 4.0, 'min': -4.0}, 'y_axis': {'label': 'Probability of keyed response', 'max': 1.02, 'min': 0.0}}",matplotlib_ggplot_style,light
"{'irt_model': {'expected': '3PL', 'observed': '2PL'}}",deterministic_reference_rubric_v1,"Parsed target JSON, compared fields to stored ground truth, and applied fixed rubric thresholds.",3pl_001_icc__ggplot_gray__model_identification__blind__deterministic_judge,3,0.3333,True,3pl_001_icc__ggplot_gray__model_identification__blind,"{'field_scores': {'irt_model': 0}, 'reasoning_score': 1}",3pl_001_icc__ggplot_gray,local_blind_baseline,3pl_001_icc__ggplot_gray__model_identification,1,model_identification,dichotomous_icc,3PL,ggplot_gray,"{'color_palette': 'muted', 'gridlines': 'heavy', 'height_px': 750, 'image_format': 'png', 'image_path': 'data/benchmark/images/3pl_001_icc__ggplot_gray.png', 'legend_position': 'best', 'line_width': 2.2, 'num_rendered_lines': 1, 'render_engine': 'matplotlib_ggplot_style', 'style_context': 'ggplot', 'style_profile_id': 'ggplot_gray', 'theme': 'light', 'tick_density': 'dense', 'width_px': 1125, 'x_axis': {'label': 'Ability (theta)', 'max': 4.0, 'min': -4.0}, 'y_axis': {'label': 'Probability of keyed response', 'max': 1.02, 'min': 0.0}}",matplotlib_ggplot_style,light
"{'a': 0.0, 'b': 0.0, 'c': 0.0, 'd': 0.0, 'irt_model': {'expected': '3PL', 'observed': '3PL'}}",deterministic_reference_rubric_v1,"Parsed target JSON, compared fields to stored ground truth, and applied fixed rubric thresholds.",3pl_001_icc__ggplot_gray__parameter_estimation__oracle__deterministic_judge,15,1.0,True,3pl_001_icc__ggplot_gray__parameter_estimation__oracle,"{'field_scores': {'a': 3, 'b': 3, 'c': 3, 'd': 3, 'irt_model': 1}, 'reasoning_score': 2}",3pl_001_icc__ggplot_gray,local_oracle_baseline,3pl_001_icc__ggplot_gray__parameter_estimation,15,parameter_estimation,dichotomous_icc,3PL,ggplot_gray,"{'color_palette': 'muted', 'gridlines': 'heavy', 'height_px': 750, 'image_format': 'png', 'image_path': 'data/benchmark/images/3pl_001_icc__ggplot_gray.png', 'legend_position': 'best', 'line_width': 2.2, 'num_rendered_lines': 1, 'render_engine': 'matplotlib_ggplot_style', 'style_context': 'ggplot', 'style_profile_id': 'ggplot_gray', 'theme': 'light', 'tick_density': 'dense', 'width_px': 1125, 'x_axis': {'label': 'Ability (theta)', 'max': 4.0, 'min': -4.0}, 'y_axis': {'label': 'Probability of keyed response', 'max': 1.02, 'min': 0.0}}",matplotlib_ggplot_style,light
"{'a': 0.0117, 'b': 0.0943, 'c': 0.1301, 'd': 0.065, 'irt_model': {'expected': '3PL', 'observed': '3PL'}}",deterministic_reference_rubric_v1,"Parsed target JSON, compared fields to stored ground truth, and applied fixed rubric thresholds.",3pl_001_icc__ggplot_gray__parameter_estimation__noisy__deterministic_judge,15,0.9333,True,3pl_001_icc__ggplot_gray__parameter_estimation__noisy,"{'field_scores': {'a': 3, 'b': 3, 'c': 3, 'd': 3, 'irt_model': 1}, 'reasoning_score': 1}",3pl_001_icc__ggplot_gray,local_noisy_baseline,3pl_001_icc__ggplot_gray__parameter_estimation,14,parameter_estimation,dichotomous_icc,3PL,ggplot_gray,"{'color_palette': 'muted', 'gridlines': 'heavy', 'height_px': 750, 'image_format': 'png', 'image_path': 'data/benchmark/images/3pl_001_icc__ggplot_gray.png', 'legend_position': 'best', 'line_width': 2.2, 'num_rendered_lines': 1, 'render_engine': 'matplotlib_ggplot_style', 'style_context': 'ggplot', 'style_profile_id': 'ggplot_gray', 'theme': 'light', 'tick_density': 'dense', 'width_px': 1125, 'x_axis': {'label': 'Ability (theta)', 'max': 4.0, 'min': -4.0}, 'y_axis': {'label': 'Probability of keyed response', 'max': 1.02, 'min': 0.0}}",matplotlib_ggplot_style,light
"{'a': 0.5849, 'b': 0.082, 'c': 0.2638, 'd': 0.6972, 'irt_model': {'expected': '3PL', 'observed': '2PL'}}",deterministic_reference_rubric_v1,"Parsed target JSON, compared fields to stored ground truth, and applied fixed rubric thresholds.",3pl_001_icc__ggplot_gray__parameter_estimation__blind__deterministic_judge,15,0.4,True,3pl_001_icc__ggplot_gray__parameter_estimation__blind,"{'field_scores': {'a': 0, 'b': 3, 'c': 2, 'd': 0, 'irt_model': 0}, 'reasoning_score': 1}",3pl_001_icc__ggplot_gray,local_blind_baseline,3pl_001_icc__ggplot_gray__parameter_estimation,6,parameter_estimation,dichotomous_icc,3PL,ggplot_gray,"{'color_palette': 'muted', 'gridlines': 'heavy', 'height_px': 750, 'image_format': 'png', 'image_path': 'data/benchmark/images/3pl_001_icc__ggplot_gray.png', 'legend_position': 'best', 'line_width': 2.2, 'num_rendered_lines': 1, 'render_engine': 'matplotlib_ggplot_style', 'style_context': 'ggplot', 'style_profile_id': 'ggplot_gray', 'theme': 'light', 'tick_density': 'dense', 'width_px': 1125, 'x_axis': {'label': 'Ability (theta)', 'max': 4.0, 'min': -4.0}, 'y_axis': {'label': 'Probability of keyed response', 'max': 1.02, 'min': 0.0}}",matplotlib_ggplot_style,light
{'probability': 0.0},deterministic_reference_rubric_v1,"Parsed target JSON, compared fields to stored ground truth, and applied fixed rubric thresholds.",3pl_001_icc__ggplot_gray__probability_at_theta_0.0__oracle__deterministic_judge,5,1.0,True,3pl_001_icc__ggplot_gray__probability_at_theta_0.0__oracle,"{'field_scores': {'probability': 3}, 'reasoning_score': 2}",3pl_001_icc__ggplot_gray,local_oracle_baseline,3pl_001_icc__ggplot_gray__probability_at_theta_0.0,5,probability_at_theta_0.0,dichotomous_icc,3PL,ggplot_gray,"{'color_palette': 'muted', 'gridlines': 'heavy', 'height_px': 750, 'image_format': 'png', 'image_path': 'data/benchmark/images/3pl_001_icc__ggplot_gray.png', 'legend_position': 'best', 'line_width': 2.2, 'num_rendered_lines': 1, 'render_engine': 'matplotlib_ggplot_style', 'style_context': 'ggplot', 'style_profile_id': 'ggplot_gray', 'theme': 'light', 'tick_density': 'dense', 'width_px': 1125, 'x_axis': {'label': 'Ability (theta)', 'max': 4.0, 'min': -4.0}, 'y_axis': {'label': 'Probability of keyed response', 'max': 1.02, 'min': 0.0}}",matplotlib_ggplot_style,light
{'probability': 0.0683},deterministic_reference_rubric_v1,"Parsed target JSON, compared fields to stored ground truth, and applied fixed rubric thresholds.",3pl_001_icc__ggplot_gray__probability_at_theta_0.0__noisy__deterministic_judge,5,0.6,True,3pl_001_icc__ggplot_gray__probability_at_theta_0.0__noisy,"{'field_scores': {'probability': 2}, 'reasoning_score': 1}",3pl_001_icc__ggplot_gray,local_noisy_baseline,3pl_001_icc__ggplot_gray__probability_at_theta_0.0,3,probability_at_theta_0.0,dichotomous_icc,3PL,ggplot_gray,"{'color_palette': 'muted', 'gridlines': 'heavy', 'height_px': 750, 'image_format': 'png', 'image_path': 'data/benchmark/images/3pl_001_icc__ggplot_gray.png', 'legend_position': 'best', 'line_width': 2.2, 'num_rendered_lines': 1, 'render_engine': 'matplotlib_ggplot_style', 'style_context': 'ggplot', 'style_profile_id': 'ggplot_gray', 'theme': 'light', 'tick_density': 'dense', 'width_px': 1125, 'x_axis': {'label': 'Ability (theta)', 'max': 4.0, 'min': -4.0}, 'y_axis': {'label': 'Probability of keyed response', 'max': 1.02, 'min': 0.0}}",matplotlib_ggplot_style,light
{'probability': 0.093},deterministic_reference_rubric_v1,"Parsed target JSON, compared fields to stored ground truth, and applied fixed rubric thresholds.",3pl_001_icc__ggplot_gray__probability_at_theta_0.0__blind__deterministic_judge,5,0.6,True,3pl_001_icc__ggplot_gray__probability_at_theta_0.0__blind,"{'field_scores': {'probability': 2}, 'reasoning_score': 1}",3pl_001_icc__ggplot_gray,local_blind_baseline,3pl_001_icc__ggplot_gray__probability_at_theta_0.0,3,probability_at_theta_0.0,dichotomous_icc,3PL,ggplot_gray,"{'color_palette': 'muted', 'gridlines': 'heavy', 'height_px': 750, 'image_format': 'png', 'image_path': 'data/benchmark/images/3pl_001_icc__ggplot_gray.png', 'legend_position': 'best', 'line_width': 2.2, 'num_rendered_lines': 1, 'render_engine': 'matplotlib_ggplot_style', 'style_context': 'ggplot', 'style_profile_id': 'ggplot_gray', 'theme': 'light', 'tick_density': 'dense', 'width_px': 1125, 'x_axis': {'label': 'Ability (theta)', 'max': 4.0, 'min': -4.0}, 'y_axis': {'label': 'Probability of keyed response', 'max': 1.02, 'min': 0.0}}",matplotlib_ggplot_style,light
"{'irt_model': {'expected': '3PL', 'observed': '3PL'}}",deterministic_reference_rubric_v1,"Parsed target JSON, compared fields to stored ground truth, and applied fixed rubric thresholds.",3pl_001_icc__grayscale_no_grid__model_identification__oracle__deterministic_judge,3,1.0,True,3pl_001_icc__grayscale_no_grid__model_identification__oracle,"{'field_scores': {'irt_model': 1}, 'reasoning_score': 2}",3pl_001_icc__grayscale_no_grid,local_oracle_baseline,3pl_001_icc__grayscale_no_grid__model_identification,3,model_identification,dichotomous_icc,3PL,grayscale_no_grid,"{'color_palette': 'grayscale', 'gridlines': 'none', 'height_px': 750, 'image_format': 'png', 'image_path': 'data/benchmark/images/3pl_001_icc__grayscale_no_grid.png', 'legend_position': 'bottom', 'line_width': 2.6, 'num_rendered_lines': 1, 'render_engine': 'matplotlib', 'style_context': 'default', 'style_profile_id': 'grayscale_no_grid', 'theme': 'light', 'tick_density': 'sparse', 'width_px': 1125, 'x_axis': {'label': 'Ability (theta)', 'max': 4.0, 'min': -4.0}, 'y_axis': {'label': 'Probability of keyed response', 'max': 1.02, 'min': 0.0}}",matplotlib,light
"{'irt_model': {'expected': '3PL', 'observed': '3PL'}}",deterministic_reference_rubric_v1,"Parsed target JSON, compared fields to stored ground truth, and applied fixed rubric thresholds.",3pl_001_icc__grayscale_no_grid__model_identification__noisy__deterministic_judge,3,0.6667,True,3pl_001_icc__grayscale_no_grid__model_identification__noisy,"{'field_scores': {'irt_model': 1}, 'reasoning_score': 1}",3pl_001_icc__grayscale_no_grid,local_noisy_baseline,3pl_001_icc__grayscale_no_grid__model_identification,2,model_identification,dichotomous_icc,3PL,grayscale_no_grid,"{'color_palette': 'grayscale', 'gridlines': 'none', 'height_px': 750, 'image_format': 'png', 'image_path': 'data/benchmark/images/3pl_001_icc__grayscale_no_grid.png', 'legend_position': 'bottom', 'line_width': 2.6, 'num_rendered_lines': 1, 'render_engine': 'matplotlib', 'style_context': 'default', 'style_profile_id': 'grayscale_no_grid', 'theme': 'light', 'tick_density': 'sparse', 'width_px': 1125, 'x_axis': {'label': 'Ability (theta)', 'max': 4.0, 'min': -4.0}, 'y_axis': {'label': 'Probability of keyed response', 'max': 1.02, 'min': 0.0}}",matplotlib,light
"{'irt_model': {'expected': '3PL', 'observed': '2PL'}}",deterministic_reference_rubric_v1,"Parsed target JSON, compared fields to stored ground truth, and applied fixed rubric thresholds.",3pl_001_icc__grayscale_no_grid__model_identification__blind__deterministic_judge,3,0.3333,True,3pl_001_icc__grayscale_no_grid__model_identification__blind,"{'field_scores': {'irt_model': 0}, 'reasoning_score': 1}",3pl_001_icc__grayscale_no_grid,local_blind_baseline,3pl_001_icc__grayscale_no_grid__model_identification,1,model_identification,dichotomous_icc,3PL,grayscale_no_grid,"{'color_palette': 'grayscale', 'gridlines': 'none', 'height_px': 750, 'image_format': 'png', 'image_path': 'data/benchmark/images/3pl_001_icc__grayscale_no_grid.png', 'legend_position': 'bottom', 'line_width': 2.6, 'num_rendered_lines': 1, 'render_engine': 'matplotlib', 'style_context': 'default', 'style_profile_id': 'grayscale_no_grid', 'theme': 'light', 'tick_density': 'sparse', 'width_px': 1125, 'x_axis': {'label': 'Ability (theta)', 'max': 4.0, 'min': -4.0}, 'y_axis': {'label': 'Probability of keyed response', 'max': 1.02, 'min': 0.0}}",matplotlib,light
"{'a': 0.0, 'b': 0.0, 'c': 0.0, 'd': 0.0, 'irt_model': {'expected': '3PL', 'observed': '3PL'}}",deterministic_reference_rubric_v1,"Parsed target JSON, compared fields to stored ground truth, and applied fixed rubric thresholds.",3pl_001_icc__grayscale_no_grid__parameter_estimation__oracle__deterministic_judge,15,1.0,True,3pl_001_icc__grayscale_no_grid__parameter_estimation__oracle,"{'field_scores': {'a': 3, 'b': 3, 'c': 3, 'd': 3, 'irt_model': 1}, 'reasoning_score': 2}",3pl_001_icc__grayscale_no_grid,local_oracle_baseline,3pl_001_icc__grayscale_no_grid__parameter_estimation,15,parameter_estimation,dichotomous_icc,3PL,grayscale_no_grid,"{'color_palette': 'grayscale', 'gridlines': 'none', 'height_px': 750, 'image_format': 'png', 'image_path': 'data/benchmark/images/3pl_001_icc__grayscale_no_grid.png', 'legend_position': 'bottom', 'line_width': 2.6, 'num_rendered_lines': 1, 'render_engine': 'matplotlib', 'style_context': 'default', 'style_profile_id': 'grayscale_no_grid', 'theme': 'light', 'tick_density': 'sparse', 'width_px': 1125, 'x_axis': {'label': 'Ability (theta)', 'max': 4.0, 'min': -4.0}, 'y_axis': {'label': 'Probability of keyed response', 'max': 1.02, 'min': 0.0}}",matplotlib,light
"{'a': 0.3567, 'b': 0.2418, 'c': 0.1366, 'd': 0.1057, 'irt_model': {'expected': '3PL', 'observed': '3PL'}}",deterministic_reference_rubric_v1,"Parsed target JSON, compared fields to stored ground truth, and applied fixed rubric thresholds.",3pl_001_icc__grayscale_no_grid__parameter_estimation__noisy__deterministic_judge,15,0.7333,True,3pl_001_icc__grayscale_no_grid__parameter_estimation__noisy,"{'field_scores': {'a': 1, 'b': 2, 'c': 3, 'd': 3, 'irt_model': 1}, 'reasoning_score': 1}",3pl_001_icc__grayscale_no_grid,local_noisy_baseline,3pl_001_icc__grayscale_no_grid__parameter_estimation,11,parameter_estimation,dichotomous_icc,3PL,grayscale_no_grid,"{'color_palette': 'grayscale', 'gridlines': 'none', 'height_px': 750, 'image_format': 'png', 'image_path': 'data/benchmark/images/3pl_001_icc__grayscale_no_grid.png', 'legend_position': 'bottom', 'line_width': 2.6, 'num_rendered_lines': 1, 'render_engine': 'matplotlib', 'style_context': 'default', 'style_profile_id': 'grayscale_no_grid', 'theme': 'light', 'tick_density': 'sparse', 'width_px': 1125, 'x_axis': {'label': 'Ability (theta)', 'max': 4.0, 'min': -4.0}, 'y_axis': {'label': 'Probability of keyed response', 'max': 1.02, 'min': 0.0}}",matplotlib,light
"{'a': 0.4477, 'b': 0.5945, 'c': 0.1281, 'd': 0.0871, 'irt_model': {'expected': '3PL', 'observed': '2PL'}}",deterministic_reference_rubric_v1,"Parsed target JSON, compared fields to stored ground truth, and applied fixed rubric thresholds.",3pl_001_icc__grayscale_no_grid__parameter_estimation__blind__deterministic_judge,15,0.5333,True,3pl_001_icc__grayscale_no_grid__parameter_estimation__blind,"{'field_scores': {'a': 1, 'b': 0, 'c': 3, 'd': 3, 'irt_model': 0}, 'reasoning_score': 1}",3pl_001_icc__grayscale_no_grid,local_blind_baseline,3pl_001_icc__grayscale_no_grid__parameter_estimation,8,parameter_estimation,dichotomous_icc,3PL,grayscale_no_grid,"{'color_palette': 'grayscale', 'gridlines': 'none', 'height_px': 750, 'image_format': 'png', 'image_path': 'data/benchmark/images/3pl_001_icc__grayscale_no_grid.png', 'legend_position': 'bottom', 'line_width': 2.6, 'num_rendered_lines': 1, 'render_engine': 'matplotlib', 'style_context': 'default', 'style_profile_id': 'grayscale_no_grid', 'theme': 'light', 'tick_density': 'sparse', 'width_px': 1125, 'x_axis': {'label': 'Ability (theta)', 'max': 4.0, 'min': -4.0}, 'y_axis': {'label': 'Probability of keyed response', 'max': 1.02, 'min': 0.0}}",matplotlib,light
{'probability': 0.0},deterministic_reference_rubric_v1,"Parsed target JSON, compared fields to stored ground truth, and applied fixed rubric thresholds.",3pl_001_icc__grayscale_no_grid__probability_at_theta_0.0__oracle__deterministic_judge,5,1.0,True,3pl_001_icc__grayscale_no_grid__probability_at_theta_0.0__oracle,"{'field_scores': {'probability': 3}, 'reasoning_score': 2}",3pl_001_icc__grayscale_no_grid,local_oracle_baseline,3pl_001_icc__grayscale_no_grid__probability_at_theta_0.0,5,probability_at_theta_0.0,dichotomous_icc,3PL,grayscale_no_grid,"{'color_palette': 'grayscale', 'gridlines': 'none', 'height_px': 750, 'image_format': 'png', 'image_path': 'data/benchmark/images/3pl_001_icc__grayscale_no_grid.png', 'legend_position': 'bottom', 'line_width': 2.6, 'num_rendered_lines': 1, 'render_engine': 'matplotlib', 'style_context': 'default', 'style_profile_id': 'grayscale_no_grid', 'theme': 'light', 'tick_density': 'sparse', 'width_px': 1125, 'x_axis': {'label': 'Ability (theta)', 'max': 4.0, 'min': -4.0}, 'y_axis': {'label': 'Probability of keyed response', 'max': 1.02, 'min': 0.0}}",matplotlib,light
{'probability': 0.0586},deterministic_reference_rubric_v1,"Parsed target JSON, compared fields to stored ground truth, and applied fixed rubric thresholds.",3pl_001_icc__grayscale_no_grid__probability_at_theta_0.0__noisy__deterministic_judge,5,0.6,True,3pl_001_icc__grayscale_no_grid__probability_at_theta_0.0__noisy,"{'field_scores': {'probability': 2}, 'reasoning_score': 1}",3pl_001_icc__grayscale_no_grid,local_noisy_baseline,3pl_001_icc__grayscale_no_grid__probability_at_theta_0.0,3,probability_at_theta_0.0,dichotomous_icc,3PL,grayscale_no_grid,"{'color_palette': 'grayscale', 'gridlines': 'none', 'height_px': 750, 'image_format': 'png', 'image_path': 'data/benchmark/images/3pl_001_icc__grayscale_no_grid.png', 'legend_position': 'bottom', 'line_width': 2.6, 'num_rendered_lines': 1, 'render_engine': 'matplotlib', 'style_context': 'default', 'style_profile_id': 'grayscale_no_grid', 'theme': 'light', 'tick_density': 'sparse', 'width_px': 1125, 'x_axis': {'label': 'Ability (theta)', 'max': 4.0, 'min': -4.0}, 'y_axis': {'label': 'Probability of keyed response', 'max': 1.02, 'min': 0.0}}",matplotlib,light
{'probability': 0.9983},deterministic_reference_rubric_v1,"Parsed target JSON, compared fields to stored ground truth, and applied fixed rubric thresholds.",3pl_001_icc__grayscale_no_grid__probability_at_theta_0.0__blind__deterministic_judge,5,0.2,True,3pl_001_icc__grayscale_no_grid__probability_at_theta_0.0__blind,"{'field_scores': {'probability': 0}, 'reasoning_score': 1}",3pl_001_icc__grayscale_no_grid,local_blind_baseline,3pl_001_icc__grayscale_no_grid__probability_at_theta_0.0,1,probability_at_theta_0.0,dichotomous_icc,3PL,grayscale_no_grid,"{'color_palette': 'grayscale', 'gridlines': 'none', 'height_px': 750, 'image_format': 'png', 'image_path': 'data/benchmark/images/3pl_001_icc__grayscale_no_grid.png', 'legend_position': 'bottom', 'line_width': 2.6, 'num_rendered_lines': 1, 'render_engine': 'matplotlib', 'style_context': 'default', 'style_profile_id': 'grayscale_no_grid', 'theme': 'light', 'tick_density': 'sparse', 'width_px': 1125, 'x_axis': {'label': 'Ability (theta)', 'max': 4.0, 'min': -4.0}, 'y_axis': {'label': 'Probability of keyed response', 'max': 1.02, 'min': 0.0}}",matplotlib,light
"{'irt_model': {'expected': '3PL', 'observed': '3PL'}}",deterministic_reference_rubric_v1,"Parsed target JSON, compared fields to stored ground truth, and applied fixed rubric thresholds.",3pl_001_icc__dark_high_contrast__model_identification__oracle__deterministic_judge,3,1.0,True,3pl_001_icc__dark_high_contrast__model_identification__oracle,"{'field_scores': {'irt_model': 1}, 'reasoning_score': 2}",3pl_001_icc__dark_high_contrast,local_oracle_baseline,3pl_001_icc__dark_high_contrast__model_identification,3,model_identification,dichotomous_icc,3PL,dark_high_contrast,"{'color_palette': 'bright', 'gridlines': 'faint', 'height_px': 750, 'image_format': 'png', 'image_path': 'data/benchmark/images/3pl_001_icc__dark_high_contrast.png', 'legend_position': 'best', 'line_width': 2.6, 'num_rendered_lines': 1, 'render_engine': 'matplotlib', 'style_context': 'dark_background', 'style_profile_id': 'dark_high_contrast', 'theme': 'dark', 'tick_density': 'standard', 'width_px': 1125, 'x_axis': {'label': 'Ability (theta)', 'max': 4.0, 'min': -4.0}, 'y_axis': {'label': 'Probability of keyed response', 'max': 1.02, 'min': 0.0}}",matplotlib,dark
"{'irt_model': {'expected': '3PL', 'observed': '3PL'}}",deterministic_reference_rubric_v1,"Parsed target JSON, compared fields to stored ground truth, and applied fixed rubric thresholds.",3pl_001_icc__dark_high_contrast__model_identification__noisy__deterministic_judge,3,0.6667,True,3pl_001_icc__dark_high_contrast__model_identification__noisy,"{'field_scores': {'irt_model': 1}, 'reasoning_score': 1}",3pl_001_icc__dark_high_contrast,local_noisy_baseline,3pl_001_icc__dark_high_contrast__model_identification,2,model_identification,dichotomous_icc,3PL,dark_high_contrast,"{'color_palette': 'bright', 'gridlines': 'faint', 'height_px': 750, 'image_format': 'png', 'image_path': 'data/benchmark/images/3pl_001_icc__dark_high_contrast.png', 'legend_position': 'best', 'line_width': 2.6, 'num_rendered_lines': 1, 'render_engine': 'matplotlib', 'style_context': 'dark_background', 'style_profile_id': 'dark_high_contrast', 'theme': 'dark', 'tick_density': 'standard', 'width_px': 1125, 'x_axis': {'label': 'Ability (theta)', 'max': 4.0, 'min': -4.0}, 'y_axis': {'label': 'Probability of keyed response', 'max': 1.02, 'min': 0.0}}",matplotlib,dark
"{'irt_model': {'expected': '3PL', 'observed': '2PL'}}",deterministic_reference_rubric_v1,"Parsed target JSON, compared fields to stored ground truth, and applied fixed rubric thresholds.",3pl_001_icc__dark_high_contrast__model_identification__blind__deterministic_judge,3,0.3333,True,3pl_001_icc__dark_high_contrast__model_identification__blind,"{'field_scores': {'irt_model': 0}, 'reasoning_score': 1}",3pl_001_icc__dark_high_contrast,local_blind_baseline,3pl_001_icc__dark_high_contrast__model_identification,1,model_identification,dichotomous_icc,3PL,dark_high_contrast,"{'color_palette': 'bright', 'gridlines': 'faint', 'height_px': 750, 'image_format': 'png', 'image_path': 'data/benchmark/images/3pl_001_icc__dark_high_contrast.png', 'legend_position': 'best', 'line_width': 2.6, 'num_rendered_lines': 1, 'render_engine': 'matplotlib', 'style_context': 'dark_background', 'style_profile_id': 'dark_high_contrast', 'theme': 'dark', 'tick_density': 'standard', 'width_px': 1125, 'x_axis': {'label': 'Ability (theta)', 'max': 4.0, 'min': -4.0}, 'y_axis': {'label': 'Probability of keyed response', 'max': 1.02, 'min': 0.0}}",matplotlib,dark
"{'a': 0.0, 'b': 0.0, 'c': 0.0, 'd': 0.0, 'irt_model': {'expected': '3PL', 'observed': '3PL'}}",deterministic_reference_rubric_v1,"Parsed target JSON, compared fields to stored ground truth, and applied fixed rubric thresholds.",3pl_001_icc__dark_high_contrast__parameter_estimation__oracle__deterministic_judge,15,1.0,True,3pl_001_icc__dark_high_contrast__parameter_estimation__oracle,"{'field_scores': {'a': 3, 'b': 3, 'c': 3, 'd': 3, 'irt_model': 1}, 'reasoning_score': 2}",3pl_001_icc__dark_high_contrast,local_oracle_baseline,3pl_001_icc__dark_high_contrast__parameter_estimation,15,parameter_estimation,dichotomous_icc,3PL,dark_high_contrast,"{'color_palette': 'bright', 'gridlines': 'faint', 'height_px': 750, 'image_format': 'png', 'image_path': 'data/benchmark/images/3pl_001_icc__dark_high_contrast.png', 'legend_position': 'best', 'line_width': 2.6, 'num_rendered_lines': 1, 'render_engine': 'matplotlib', 'style_context': 'dark_background', 'style_profile_id': 'dark_high_contrast', 'theme': 'dark', 'tick_density': 'standard', 'width_px': 1125, 'x_axis': {'label': 'Ability (theta)', 'max': 4.0, 'min': -4.0}, 'y_axis': {'label': 'Probability of keyed response', 'max': 1.02, 'min': 0.0}}",matplotlib,dark
"{'a': 0.0458, 'b': 0.1932, 'c': 0.228, 'd': 0.1863, 'irt_model': {'expected': '3PL', 'observed': '3PL'}}",deterministic_reference_rubric_v1,"Parsed target JSON, compared fields to stored ground truth, and applied fixed rubric thresholds.",3pl_001_icc__dark_high_contrast__parameter_estimation__noisy__deterministic_judge,15,0.7333,True,3pl_001_icc__dark_high_contrast__parameter_estimation__noisy,"{'field_scores': {'a': 3, 'b': 2, 'c': 2, 'd': 2, 'irt_model': 1}, 'reasoning_score': 1}",3pl_001_icc__dark_high_contrast,local_noisy_baseline,3pl_001_icc__dark_high_contrast__parameter_estimation,11,parameter_estimation,dichotomous_icc,3PL,dark_high_contrast,"{'color_palette': 'bright', 'gridlines': 'faint', 'height_px': 750, 'image_format': 'png', 'image_path': 'data/benchmark/images/3pl_001_icc__dark_high_contrast.png', 'legend_position': 'best', 'line_width': 2.6, 'num_rendered_lines': 1, 'render_engine': 'matplotlib', 'style_context': 'dark_background', 'style_profile_id': 'dark_high_contrast', 'theme': 'dark', 'tick_density': 'standard', 'width_px': 1125, 'x_axis': {'label': 'Ability (theta)', 'max': 4.0, 'min': -4.0}, 'y_axis': {'label': 'Probability of keyed response', 'max': 1.02, 'min': 0.0}}",matplotlib,dark
"{'a': 0.7041, 'b': 0.1601, 'c': 0.4647, 'd': 0.1538, 'irt_model': {'expected': '3PL', 'observed': '2PL'}}",deterministic_reference_rubric_v1,"Parsed target JSON, compared fields to stored ground truth, and applied fixed rubric thresholds.",3pl_001_icc__dark_high_contrast__parameter_estimation__blind__deterministic_judge,15,0.4,True,3pl_001_icc__dark_high_contrast__parameter_estimation__blind,"{'field_scores': {'a': 0, 'b': 2, 'c': 1, 'd': 2, 'irt_model': 0}, 'reasoning_score': 1}",3pl_001_icc__dark_high_contrast,local_blind_baseline,3pl_001_icc__dark_high_contrast__parameter_estimation,6,parameter_estimation,dichotomous_icc,3PL,dark_high_contrast,"{'color_palette': 'bright', 'gridlines': 'faint', 'height_px': 750, 'image_format': 'png', 'image_path': 'data/benchmark/images/3pl_001_icc__dark_high_contrast.png', 'legend_position': 'best', 'line_width': 2.6, 'num_rendered_lines': 1, 'render_engine': 'matplotlib', 'style_context': 'dark_background', 'style_profile_id': 'dark_high_contrast', 'theme': 'dark', 'tick_density': 'standard', 'width_px': 1125, 'x_axis': {'label': 'Ability (theta)', 'max': 4.0, 'min': -4.0}, 'y_axis': {'label': 'Probability of keyed response', 'max': 1.02, 'min': 0.0}}",matplotlib,dark
{'probability': 0.0},deterministic_reference_rubric_v1,"Parsed target JSON, compared fields to stored ground truth, and applied fixed rubric thresholds.",3pl_001_icc__dark_high_contrast__probability_at_theta_0.0__oracle__deterministic_judge,5,1.0,True,3pl_001_icc__dark_high_contrast__probability_at_theta_0.0__oracle,"{'field_scores': {'probability': 3}, 'reasoning_score': 2}",3pl_001_icc__dark_high_contrast,local_oracle_baseline,3pl_001_icc__dark_high_contrast__probability_at_theta_0.0,5,probability_at_theta_0.0,dichotomous_icc,3PL,dark_high_contrast,"{'color_palette': 'bright', 'gridlines': 'faint', 'height_px': 750, 'image_format': 'png', 'image_path': 'data/benchmark/images/3pl_001_icc__dark_high_contrast.png', 'legend_position': 'best', 'line_width': 2.6, 'num_rendered_lines': 1, 'render_engine': 'matplotlib', 'style_context': 'dark_background', 'style_profile_id': 'dark_high_contrast', 'theme': 'dark', 'tick_density': 'standard', 'width_px': 1125, 'x_axis': {'label': 'Ability (theta)', 'max': 4.0, 'min': -4.0}, 'y_axis': {'label': 'Probability of keyed response', 'max': 1.02, 'min': 0.0}}",matplotlib,dark
{'probability': 0.003},deterministic_reference_rubric_v1,"Parsed target JSON, compared fields to stored ground truth, and applied fixed rubric thresholds.",3pl_001_icc__dark_high_contrast__probability_at_theta_0.0__noisy__deterministic_judge,5,0.8,True,3pl_001_icc__dark_high_contrast__probability_at_theta_0.0__noisy,"{'field_scores': {'probability': 3}, 'reasoning_score': 1}",3pl_001_icc__dark_high_contrast,local_noisy_baseline,3pl_001_icc__dark_high_contrast__probability_at_theta_0.0,4,probability_at_theta_0.0,dichotomous_icc,3PL,dark_high_contrast,"{'color_palette': 'bright', 'gridlines': 'faint', 'height_px': 750, 'image_format': 'png', 'image_path': 'data/benchmark/images/3pl_001_icc__dark_high_contrast.png', 'legend_position': 'best', 'line_width': 2.6, 'num_rendered_lines': 1, 'render_engine': 'matplotlib', 'style_context': 'dark_background', 'style_profile_id': 'dark_high_contrast', 'theme': 'dark', 'tick_density': 'standard', 'width_px': 1125, 'x_axis': {'label': 'Ability (theta)', 'max': 4.0, 'min': -4.0}, 'y_axis': {'label': 'Probability of keyed response', 'max': 1.02, 'min': 0.0}}",matplotlib,dark
{'probability': 0.3193},deterministic_reference_rubric_v1,"Parsed target JSON, compared fields to stored ground truth, and applied fixed rubric thresholds.",3pl_001_icc__dark_high_contrast__probability_at_theta_0.0__blind__deterministic_judge,5,0.2,True,3pl_001_icc__dark_high_contrast__probability_at_theta_0.0__blind,"{'field_scores': {'probability': 0}, 'reasoning_score': 1}",3pl_001_icc__dark_high_contrast,local_blind_baseline,3pl_001_icc__dark_high_contrast__probability_at_theta_0.0,1,probability_at_theta_0.0,dichotomous_icc,3PL,dark_high_contrast,"{'color_palette': 'bright', 'gridlines': 'faint', 'height_px': 750, 'image_format': 'png', 'image_path': 'data/benchmark/images/3pl_001_icc__dark_high_contrast.png', 'legend_position': 'best', 'line_width': 2.6, 'num_rendered_lines': 1, 'render_engine': 'matplotlib', 'style_context': 'dark_background', 'style_profile_id': 'dark_high_contrast', 'theme': 'dark', 'tick_density': 'standard', 'width_px': 1125, 'x_axis': {'label': 'Ability (theta)', 'max': 4.0, 'min': -4.0}, 'y_axis': {'label': 'Probability of keyed response', 'max': 1.02, 'min': 0.0}}",matplotlib,dark
"{'irt_model': {'expected': '3PL', 'observed': '3PL'}}",deterministic_reference_rubric_v1,"Parsed target JSON, compared fields to stored ground truth, and applied fixed rubric thresholds.",3pl_001_icc__lattice_emulation__model_identification__oracle__deterministic_judge,3,1.0,True,3pl_001_icc__lattice_emulation__model_identification__oracle,"{'field_scores': {'irt_model': 1}, 'reasoning_score': 2}",3pl_001_icc__lattice_emulation,local_oracle_baseline,3pl_001_icc__lattice_emulation__model_identification,3,model_identification,dichotomous_icc,3PL,lattice_emulation,"{'color_palette': 'colorblind', 'gridlines': 'faint', 'height_px': 750, 'image_format': 'png', 'image_path': 'data/benchmark/images/3pl_001_icc__lattice_emulation.png', 'legend_position': 'outside', 'line_width': 2.0, 'num_rendered_lines': 1, 'render_engine': 'matplotlib_lattice_emulation', 'style_context': 'classic', 'style_profile_id': 'lattice_emulation', 'theme': 'light', 'tick_density': 'standard', 'width_px': 1125, 'x_axis': {'label': 'Ability (theta)', 'max': 4.0, 'min': -4.0}, 'y_axis': {'label': 'Probability of keyed response', 'max': 1.02, 'min': 0.0}}",matplotlib_lattice_emulation,light
"{'irt_model': {'expected': '3PL', 'observed': '3PL'}}",deterministic_reference_rubric_v1,"Parsed target JSON, compared fields to stored ground truth, and applied fixed rubric thresholds.",3pl_001_icc__lattice_emulation__model_identification__noisy__deterministic_judge,3,0.6667,True,3pl_001_icc__lattice_emulation__model_identification__noisy,"{'field_scores': {'irt_model': 1}, 'reasoning_score': 1}",3pl_001_icc__lattice_emulation,local_noisy_baseline,3pl_001_icc__lattice_emulation__model_identification,2,model_identification,dichotomous_icc,3PL,lattice_emulation,"{'color_palette': 'colorblind', 'gridlines': 'faint', 'height_px': 750, 'image_format': 'png', 'image_path': 'data/benchmark/images/3pl_001_icc__lattice_emulation.png', 'legend_position': 'outside', 'line_width': 2.0, 'num_rendered_lines': 1, 'render_engine': 'matplotlib_lattice_emulation', 'style_context': 'classic', 'style_profile_id': 'lattice_emulation', 'theme': 'light', 'tick_density': 'standard', 'width_px': 1125, 'x_axis': {'label': 'Ability (theta)', 'max': 4.0, 'min': -4.0}, 'y_axis': {'label': 'Probability of keyed response', 'max': 1.02, 'min': 0.0}}",matplotlib_lattice_emulation,light
"{'irt_model': {'expected': '3PL', 'observed': '2PL'}}",deterministic_reference_rubric_v1,"Parsed target JSON, compared fields to stored ground truth, and applied fixed rubric thresholds.",3pl_001_icc__lattice_emulation__model_identification__blind__deterministic_judge,3,0.3333,True,3pl_001_icc__lattice_emulation__model_identification__blind,"{'field_scores': {'irt_model': 0}, 'reasoning_score': 1}",3pl_001_icc__lattice_emulation,local_blind_baseline,3pl_001_icc__lattice_emulation__model_identification,1,model_identification,dichotomous_icc,3PL,lattice_emulation,"{'color_palette': 'colorblind', 'gridlines': 'faint', 'height_px': 750, 'image_format': 'png', 'image_path': 'data/benchmark/images/3pl_001_icc__lattice_emulation.png', 'legend_position': 'outside', 'line_width': 2.0, 'num_rendered_lines': 1, 'render_engine': 'matplotlib_lattice_emulation', 'style_context': 'classic', 'style_profile_id': 'lattice_emulation', 'theme': 'light', 'tick_density': 'standard', 'width_px': 1125, 'x_axis': {'label': 'Ability (theta)', 'max': 4.0, 'min': -4.0}, 'y_axis': {'label': 'Probability of keyed response', 'max': 1.02, 'min': 0.0}}",matplotlib_lattice_emulation,light
"{'a': 0.0, 'b': 0.0, 'c': 0.0, 'd': 0.0, 'irt_model': {'expected': '3PL', 'observed': '3PL'}}",deterministic_reference_rubric_v1,"Parsed target JSON, compared fields to stored ground truth, and applied fixed rubric thresholds.",3pl_001_icc__lattice_emulation__parameter_estimation__oracle__deterministic_judge,15,1.0,True,3pl_001_icc__lattice_emulation__parameter_estimation__oracle,"{'field_scores': {'a': 3, 'b': 3, 'c': 3, 'd': 3, 'irt_model': 1}, 'reasoning_score': 2}",3pl_001_icc__lattice_emulation,local_oracle_baseline,3pl_001_icc__lattice_emulation__parameter_estimation,15,parameter_estimation,dichotomous_icc,3PL,lattice_emulation,"{'color_palette': 'colorblind', 'gridlines': 'faint', 'height_px': 750, 'image_format': 'png', 'image_path': 'data/benchmark/images/3pl_001_icc__lattice_emulation.png', 'legend_position': 'outside', 'line_width': 2.0, 'num_rendered_lines': 1, 'render_engine': 'matplotlib_lattice_emulation', 'style_context': 'classic', 'style_profile_id': 'lattice_emulation', 'theme': 'light', 'tick_density': 'standard', 'width_px': 1125, 'x_axis': {'label': 'Ability (theta)', 'max': 4.0, 'min': -4.0}, 'y_axis': {'label': 'Probability of keyed response', 'max': 1.02, 'min': 0.0}}",matplotlib_lattice_emulation,light
"{'a': 0.1866, 'b': 0.0091, 'c': 0.2641, 'd': 0.0269, 'irt_model': {'expected': '3PL', 'observed': '3PL'}}",deterministic_reference_rubric_v1,"Parsed target JSON, compared fields to stored ground truth, and applied fixed rubric thresholds.",3pl_001_icc__lattice_emulation__parameter_estimation__noisy__deterministic_judge,15,0.8,True,3pl_001_icc__lattice_emulation__parameter_estimation__noisy,"{'field_scores': {'a': 2, 'b': 3, 'c': 2, 'd': 3, 'irt_model': 1}, 'reasoning_score': 1}",3pl_001_icc__lattice_emulation,local_noisy_baseline,3pl_001_icc__lattice_emulation__parameter_estimation,12,parameter_estimation,dichotomous_icc,3PL,lattice_emulation,"{'color_palette': 'colorblind', 'gridlines': 'faint', 'height_px': 750, 'image_format': 'png', 'image_path': 'data/benchmark/images/3pl_001_icc__lattice_emulation.png', 'legend_position': 'outside', 'line_width': 2.0, 'num_rendered_lines': 1, 'render_engine': 'matplotlib_lattice_emulation', 'style_context': 'classic', 'style_profile_id': 'lattice_emulation', 'theme': 'light', 'tick_density': 'standard', 'width_px': 1125, 'x_axis': {'label': 'Ability (theta)', 'max': 4.0, 'min': -4.0}, 'y_axis': {'label': 'Probability of keyed response', 'max': 1.02, 'min': 0.0}}",matplotlib_lattice_emulation,light
"{'a': 0.815, 'b': 0.1196, 'c': 0.1748, 'd': 0.1232, 'irt_model': {'expected': '3PL', 'observed': '2PL'}}",deterministic_reference_rubric_v1,"Parsed target JSON, compared fields to stored ground truth, and applied fixed rubric thresholds.",3pl_001_icc__lattice_emulation__parameter_estimation__blind__deterministic_judge,15,0.6,True,3pl_001_icc__lattice_emulation__parameter_estimation__blind,"{'field_scores': {'a': 0, 'b': 3, 'c': 2, 'd': 3, 'irt_model': 0}, 'reasoning_score': 1}",3pl_001_icc__lattice_emulation,local_blind_baseline,3pl_001_icc__lattice_emulation__parameter_estimation,9,parameter_estimation,dichotomous_icc,3PL,lattice_emulation,"{'color_palette': 'colorblind', 'gridlines': 'faint', 'height_px': 750, 'image_format': 'png', 'image_path': 'data/benchmark/images/3pl_001_icc__lattice_emulation.png', 'legend_position': 'outside', 'line_width': 2.0, 'num_rendered_lines': 1, 'render_engine': 'matplotlib_lattice_emulation', 'style_context': 'classic', 'style_profile_id': 'lattice_emulation', 'theme': 'light', 'tick_density': 'standard', 'width_px': 1125, 'x_axis': {'label': 'Ability (theta)', 'max': 4.0, 'min': -4.0}, 'y_axis': {'label': 'Probability of keyed response', 'max': 1.02, 'min': 0.0}}",matplotlib_lattice_emulation,light
{'probability': 0.0},deterministic_reference_rubric_v1,"Parsed target JSON, compared fields to stored ground truth, and applied fixed rubric thresholds.",3pl_001_icc__lattice_emulation__probability_at_theta_0.0__oracle__deterministic_judge,5,1.0,True,3pl_001_icc__lattice_emulation__probability_at_theta_0.0__oracle,"{'field_scores': {'probability': 3}, 'reasoning_score': 2}",3pl_001_icc__lattice_emulation,local_oracle_baseline,3pl_001_icc__lattice_emulation__probability_at_theta_0.0,5,probability_at_theta_0.0,dichotomous_icc,3PL,lattice_emulation,"{'color_palette': 'colorblind', 'gridlines': 'faint', 'height_px': 750, 'image_format': 'png', 'image_path': 'data/benchmark/images/3pl_001_icc__lattice_emulation.png', 'legend_position': 'outside', 'line_width': 2.0, 'num_rendered_lines': 1, 'render_engine': 'matplotlib_lattice_emulation', 'style_context': 'classic', 'style_profile_id': 'lattice_emulation', 'theme': 'light', 'tick_density': 'standard', 'width_px': 1125, 'x_axis': {'label': 'Ability (theta)', 'max': 4.0, 'min': -4.0}, 'y_axis': {'label': 'Probability of keyed response', 'max': 1.02, 'min': 0.0}}",matplotlib_lattice_emulation,light
{'probability': 0.0763},deterministic_reference_rubric_v1,"Parsed target JSON, compared fields to stored ground truth, and applied fixed rubric thresholds.",3pl_001_icc__lattice_emulation__probability_at_theta_0.0__noisy__deterministic_judge,5,0.6,True,3pl_001_icc__lattice_emulation__probability_at_theta_0.0__noisy,"{'field_scores': {'probability': 2}, 'reasoning_score': 1}",3pl_001_icc__lattice_emulation,local_noisy_baseline,3pl_001_icc__lattice_emulation__probability_at_theta_0.0,3,probability_at_theta_0.0,dichotomous_icc,3PL,lattice_emulation,"{'color_palette': 'colorblind', 'gridlines': 'faint', 'height_px': 750, 'image_format': 'png', 'image_path': 'data/benchmark/images/3pl_001_icc__lattice_emulation.png', 'legend_position': 'outside', 'line_width': 2.0, 'num_rendered_lines': 1, 'render_engine': 'matplotlib_lattice_emulation', 'style_context': 'classic', 'style_profile_id': 'lattice_emulation', 'theme': 'light', 'tick_density': 'standard', 'width_px': 1125, 'x_axis': {'label': 'Ability (theta)', 'max': 4.0, 'min': -4.0}, 'y_axis': {'label': 'Probability of keyed response', 'max': 1.02, 'min': 0.0}}",matplotlib_lattice_emulation,light
{'probability': 0.9087},deterministic_reference_rubric_v1,"Parsed target JSON, compared fields to stored ground truth, and applied fixed rubric thresholds.",3pl_001_icc__lattice_emulation__probability_at_theta_0.0__blind__deterministic_judge,5,0.2,True,3pl_001_icc__lattice_emulation__probability_at_theta_0.0__blind,"{'field_scores': {'probability': 0}, 'reasoning_score': 1}",3pl_001_icc__lattice_emulation,local_blind_baseline,3pl_001_icc__lattice_emulation__probability_at_theta_0.0,1,probability_at_theta_0.0,dichotomous_icc,3PL,lattice_emulation,"{'color_palette': 'colorblind', 'gridlines': 'faint', 'height_px': 750, 'image_format': 'png', 'image_path': 'data/benchmark/images/3pl_001_icc__lattice_emulation.png', 'legend_position': 'outside', 'line_width': 2.0, 'num_rendered_lines': 1, 'render_engine': 'matplotlib_lattice_emulation', 'style_context': 'classic', 'style_profile_id': 'lattice_emulation', 'theme': 'light', 'tick_density': 'standard', 'width_px': 1125, 'x_axis': {'label': 'Ability (theta)', 'max': 4.0, 'min': -4.0}, 'y_axis': {'label': 'Probability of keyed response', 'max': 1.02, 'min': 0.0}}",matplotlib_lattice_emulation,light
"{'irt_model': {'expected': '3PL', 'observed': '3PL'}}",deterministic_reference_rubric_v1,"Parsed target JSON, compared fields to stored ground truth, and applied fixed rubric thresholds.",3pl_001_iif__matplotlib_light__model_identification__oracle__deterministic_judge,3,1.0,True,3pl_001_iif__matplotlib_light__model_identification__oracle,"{'field_scores': {'irt_model': 1}, 'reasoning_score': 2}",3pl_001_iif__matplotlib_light,local_oracle_baseline,3pl_001_iif__matplotlib_light__model_identification,3,model_identification,item_information,3PL,matplotlib_light,"{'color_palette': 'tab10', 'gridlines': 'standard', 'height_px': 750, 'image_format': 'png', 'image_path': 'data/benchmark/images/3pl_001_iif__matplotlib_light.png', 'legend_position': 'best', 'line_width': 2.4, 'num_rendered_lines': 1, 'render_engine': 'matplotlib', 'style_context': 'default', 'style_profile_id': 'matplotlib_light', 'theme': 'light', 'tick_density': 'standard', 'width_px': 1125, 'x_axis': {'label': 'Ability (theta)', 'max': 4.0, 'min': -4.0}, 'y_axis': {'label': 'Information', 'max': 0.323, 'min': 0.0}}",matplotlib,light
"{'irt_model': {'expected': '3PL', 'observed': '3PL'}}",deterministic_reference_rubric_v1,"Parsed target JSON, compared fields to stored ground truth, and applied fixed rubric thresholds.",3pl_001_iif__matplotlib_light__model_identification__noisy__deterministic_judge,3,0.6667,True,3pl_001_iif__matplotlib_light__model_identification__noisy,"{'field_scores': {'irt_model': 1}, 'reasoning_score': 1}",3pl_001_iif__matplotlib_light,local_noisy_baseline,3pl_001_iif__matplotlib_light__model_identification,2,model_identification,item_information,3PL,matplotlib_light,"{'color_palette': 'tab10', 'gridlines': 'standard', 'height_px': 750, 'image_format': 'png', 'image_path': 'data/benchmark/images/3pl_001_iif__matplotlib_light.png', 'legend_position': 'best', 'line_width': 2.4, 'num_rendered_lines': 1, 'render_engine': 'matplotlib', 'style_context': 'default', 'style_profile_id': 'matplotlib_light', 'theme': 'light', 'tick_density': 'standard', 'width_px': 1125, 'x_axis': {'label': 'Ability (theta)', 'max': 4.0, 'min': -4.0}, 'y_axis': {'label': 'Information', 'max': 0.323, 'min': 0.0}}",matplotlib,light
"{'irt_model': {'expected': '3PL', 'observed': '2PL'}}",deterministic_reference_rubric_v1,"Parsed target JSON, compared fields to stored ground truth, and applied fixed rubric thresholds.",3pl_001_iif__matplotlib_light__model_identification__blind__deterministic_judge,3,0.3333,True,3pl_001_iif__matplotlib_light__model_identification__blind,"{'field_scores': {'irt_model': 0}, 'reasoning_score': 1}",3pl_001_iif__matplotlib_light,local_blind_baseline,3pl_001_iif__matplotlib_light__model_identification,1,model_identification,item_information,3PL,matplotlib_light,"{'color_palette': 'tab10', 'gridlines': 'standard', 'height_px': 750, 'image_format': 'png', 'image_path': 'data/benchmark/images/3pl_001_iif__matplotlib_light.png', 'legend_position': 'best', 'line_width': 2.4, 'num_rendered_lines': 1, 'render_engine': 'matplotlib', 'style_context': 'default', 'style_profile_id': 'matplotlib_light', 'theme': 'light', 'tick_density': 'standard', 'width_px': 1125, 'x_axis': {'label': 'Ability (theta)', 'max': 4.0, 'min': -4.0}, 'y_axis': {'label': 'Information', 'max': 0.323, 'min': 0.0}}",matplotlib,light
"{'peak_information': 0.0, 'peak_theta': 0.0}",deterministic_reference_rubric_v1,"Parsed target JSON, compared fields to stored ground truth, and applied fixed rubric thresholds.",3pl_001_iif__matplotlib_light__information_peak__oracle__deterministic_judge,8,1.0,True,3pl_001_iif__matplotlib_light__information_peak__oracle,"{'field_scores': {'peak_information': 3, 'peak_theta': 3}, 'reasoning_score': 2}",3pl_001_iif__matplotlib_light,local_oracle_baseline,3pl_001_iif__matplotlib_light__information_peak,8,information_peak,item_information,3PL,matplotlib_light,"{'color_palette': 'tab10', 'gridlines': 'standard', 'height_px': 750, 'image_format': 'png', 'image_path': 'data/benchmark/images/3pl_001_iif__matplotlib_light.png', 'legend_position': 'best', 'line_width': 2.4, 'num_rendered_lines': 1, 'render_engine': 'matplotlib', 'style_context': 'default', 'style_profile_id': 'matplotlib_light', 'theme': 'light', 'tick_density': 'standard', 'width_px': 1125, 'x_axis': {'label': 'Ability (theta)', 'max': 4.0, 'min': -4.0}, 'y_axis': {'label': 'Information', 'max': 0.323, 'min': 0.0}}",matplotlib,light
"{'peak_information': 0.311, 'peak_theta': 0.006}",deterministic_reference_rubric_v1,"Parsed target JSON, compared fields to stored ground truth, and applied fixed rubric thresholds.",3pl_001_iif__matplotlib_light__information_peak__noisy__deterministic_judge,8,0.75,True,3pl_001_iif__matplotlib_light__information_peak__noisy,"{'field_scores': {'peak_information': 2, 'peak_theta': 3}, 'reasoning_score': 1}",3pl_001_iif__matplotlib_light,local_noisy_baseline,3pl_001_iif__matplotlib_light__information_peak,6,information_peak,item_information,3PL,matplotlib_light,"{'color_palette': 'tab10', 'gridlines': 'standard', 'height_px': 750, 'image_format': 'png', 'image_path': 'data/benchmark/images/3pl_001_iif__matplotlib_light.png', 'legend_position': 'best', 'line_width': 2.4, 'num_rendered_lines': 1, 'render_engine': 'matplotlib', 'style_context': 'default', 'style_profile_id': 'matplotlib_light', 'theme': 'light', 'tick_density': 'standard', 'width_px': 1125, 'x_axis': {'label': 'Ability (theta)', 'max': 4.0, 'min': -4.0}, 'y_axis': {'label': 'Information', 'max': 0.323, 'min': 0.0}}",matplotlib,light
"{'peak_information': 0.295, 'peak_theta': 0.5488}",deterministic_reference_rubric_v1,"Parsed target JSON, compared fields to stored ground truth, and applied fixed rubric thresholds.",3pl_001_iif__matplotlib_light__information_peak__blind__deterministic_judge,8,0.5,True,3pl_001_iif__matplotlib_light__information_peak__blind,"{'field_scores': {'peak_information': 2, 'peak_theta': 1}, 'reasoning_score': 1}",3pl_001_iif__matplotlib_light,local_blind_baseline,3pl_001_iif__matplotlib_light__information_peak,4,information_peak,item_information,3PL,matplotlib_light,"{'color_palette': 'tab10', 'gridlines': 'standard', 'height_px': 750, 'image_format': 'png', 'image_path': 'data/benchmark/images/3pl_001_iif__matplotlib_light.png', 'legend_position': 'best', 'line_width': 2.4, 'num_rendered_lines': 1, 'render_engine': 'matplotlib', 'style_context': 'default', 'style_profile_id': 'matplotlib_light', 'theme': 'light', 'tick_density': 'standard', 'width_px': 1125, 'x_axis': {'label': 'Ability (theta)', 'max': 4.0, 'min': -4.0}, 'y_axis': {'label': 'Information', 'max': 0.323, 'min': 0.0}}",matplotlib,light
"{'irt_model': {'expected': '3PL', 'observed': '3PL'}}",deterministic_reference_rubric_v1,"Parsed target JSON, compared fields to stored ground truth, and applied fixed rubric thresholds.",3pl_001_iif__seaborn_whitegrid__model_identification__oracle__deterministic_judge,3,1.0,True,3pl_001_iif__seaborn_whitegrid__model_identification__oracle,"{'field_scores': {'irt_model': 1}, 'reasoning_score': 2}",3pl_001_iif__seaborn_whitegrid,local_oracle_baseline,3pl_001_iif__seaborn_whitegrid__model_identification,3,model_identification,item_information,3PL,seaborn_whitegrid,"{'color_palette': 'deep', 'gridlines': 'standard', 'height_px': 750, 'image_format': 'png', 'image_path': 'data/benchmark/images/3pl_001_iif__seaborn_whitegrid.png', 'legend_position': 'right', 'line_width': 2.4, 'num_rendered_lines': 1, 'render_engine': 'seaborn', 'style_context': 'whitegrid', 'style_profile_id': 'seaborn_whitegrid', 'theme': 'light', 'tick_density': 'standard', 'width_px': 1125, 'x_axis': {'label': 'Ability (theta)', 'max': 4.0, 'min': -4.0}, 'y_axis': {'label': 'Information', 'max': 0.323, 'min': 0.0}}",seaborn,light
"{'irt_model': {'expected': '3PL', 'observed': '3PL'}}",deterministic_reference_rubric_v1,"Parsed target JSON, compared fields to stored ground truth, and applied fixed rubric thresholds.",3pl_001_iif__seaborn_whitegrid__model_identification__noisy__deterministic_judge,3,0.6667,True,3pl_001_iif__seaborn_whitegrid__model_identification__noisy,"{'field_scores': {'irt_model': 1}, 'reasoning_score': 1}",3pl_001_iif__seaborn_whitegrid,local_noisy_baseline,3pl_001_iif__seaborn_whitegrid__model_identification,2,model_identification,item_information,3PL,seaborn_whitegrid,"{'color_palette': 'deep', 'gridlines': 'standard', 'height_px': 750, 'image_format': 'png', 'image_path': 'data/benchmark/images/3pl_001_iif__seaborn_whitegrid.png', 'legend_position': 'right', 'line_width': 2.4, 'num_rendered_lines': 1, 'render_engine': 'seaborn', 'style_context': 'whitegrid', 'style_profile_id': 'seaborn_whitegrid', 'theme': 'light', 'tick_density': 'standard', 'width_px': 1125, 'x_axis': {'label': 'Ability (theta)', 'max': 4.0, 'min': -4.0}, 'y_axis': {'label': 'Information', 'max': 0.323, 'min': 0.0}}",seaborn,light
"{'irt_model': {'expected': '3PL', 'observed': '2PL'}}",deterministic_reference_rubric_v1,"Parsed target JSON, compared fields to stored ground truth, and applied fixed rubric thresholds.",3pl_001_iif__seaborn_whitegrid__model_identification__blind__deterministic_judge,3,0.3333,True,3pl_001_iif__seaborn_whitegrid__model_identification__blind,"{'field_scores': {'irt_model': 0}, 'reasoning_score': 1}",3pl_001_iif__seaborn_whitegrid,local_blind_baseline,3pl_001_iif__seaborn_whitegrid__model_identification,1,model_identification,item_information,3PL,seaborn_whitegrid,"{'color_palette': 'deep', 'gridlines': 'standard', 'height_px': 750, 'image_format': 'png', 'image_path': 'data/benchmark/images/3pl_001_iif__seaborn_whitegrid.png', 'legend_position': 'right', 'line_width': 2.4, 'num_rendered_lines': 1, 'render_engine': 'seaborn', 'style_context': 'whitegrid', 'style_profile_id': 'seaborn_whitegrid', 'theme': 'light', 'tick_density': 'standard', 'width_px': 1125, 'x_axis': {'label': 'Ability (theta)', 'max': 4.0, 'min': -4.0}, 'y_axis': {'label': 'Information', 'max': 0.323, 'min': 0.0}}",seaborn,light
"{'peak_information': 0.0, 'peak_theta': 0.0}",deterministic_reference_rubric_v1,"Parsed target JSON, compared fields to stored ground truth, and applied fixed rubric thresholds.",3pl_001_iif__seaborn_whitegrid__information_peak__oracle__deterministic_judge,8,1.0,True,3pl_001_iif__seaborn_whitegrid__information_peak__oracle,"{'field_scores': {'peak_information': 3, 'peak_theta': 3}, 'reasoning_score': 2}",3pl_001_iif__seaborn_whitegrid,local_oracle_baseline,3pl_001_iif__seaborn_whitegrid__information_peak,8,information_peak,item_information,3PL,seaborn_whitegrid,"{'color_palette': 'deep', 'gridlines': 'standard', 'height_px': 750, 'image_format': 'png', 'image_path': 'data/benchmark/images/3pl_001_iif__seaborn_whitegrid.png', 'legend_position': 'right', 'line_width': 2.4, 'num_rendered_lines': 1, 'render_engine': 'seaborn', 'style_context': 'whitegrid', 'style_profile_id': 'seaborn_whitegrid', 'theme': 'light', 'tick_density': 'standard', 'width_px': 1125, 'x_axis': {'label': 'Ability (theta)', 'max': 4.0, 'min': -4.0}, 'y_axis': {'label': 'Information', 'max': 0.323, 'min': 0.0}}",seaborn,light
"{'peak_information': 0.0622, 'peak_theta': 0.3474}",deterministic_reference_rubric_v1,"Parsed target JSON, compared fields to stored ground truth, and applied fixed rubric thresholds.",3pl_001_iif__seaborn_whitegrid__information_peak__noisy__deterministic_judge,8,0.75,True,3pl_001_iif__seaborn_whitegrid__information_peak__noisy,"{'field_scores': {'peak_information': 3, 'peak_theta': 2}, 'reasoning_score': 1}",3pl_001_iif__seaborn_whitegrid,local_noisy_baseline,3pl_001_iif__seaborn_whitegrid__information_peak,6,information_peak,item_information,3PL,seaborn_whitegrid,"{'color_palette': 'deep', 'gridlines': 'standard', 'height_px': 750, 'image_format': 'png', 'image_path': 'data/benchmark/images/3pl_001_iif__seaborn_whitegrid.png', 'legend_position': 'right', 'line_width': 2.4, 'num_rendered_lines': 1, 'render_engine': 'seaborn', 'style_context': 'whitegrid', 'style_profile_id': 'seaborn_whitegrid', 'theme': 'light', 'tick_density': 'standard', 'width_px': 1125, 'x_axis': {'label': 'Ability (theta)', 'max': 4.0, 'min': -4.0}, 'y_axis': {'label': 'Information', 'max': 0.323, 'min': 0.0}}",seaborn,light
"{'peak_information': 0.5456, 'peak_theta': 0.6772}",deterministic_reference_rubric_v1,"Parsed target JSON, compared fields to stored ground truth, and applied fixed rubric thresholds.",3pl_001_iif__seaborn_whitegrid__information_peak__blind__deterministic_judge,8,0.375,True,3pl_001_iif__seaborn_whitegrid__information_peak__blind,"{'field_scores': {'peak_information': 1, 'peak_theta': 1}, 'reasoning_score': 1}",3pl_001_iif__seaborn_whitegrid,local_blind_baseline,3pl_001_iif__seaborn_whitegrid__information_peak,3,information_peak,item_information,3PL,seaborn_whitegrid,"{'color_palette': 'deep', 'gridlines': 'standard', 'height_px': 750, 'image_format': 'png', 'image_path': 'data/benchmark/images/3pl_001_iif__seaborn_whitegrid.png', 'legend_position': 'right', 'line_width': 2.4, 'num_rendered_lines': 1, 'render_engine': 'seaborn', 'style_context': 'whitegrid', 'style_profile_id': 'seaborn_whitegrid', 'theme': 'light', 'tick_density': 'standard', 'width_px': 1125, 'x_axis': {'label': 'Ability (theta)', 'max': 4.0, 'min': -4.0}, 'y_axis': {'label': 'Information', 'max': 0.323, 'min': 0.0}}",seaborn,light
"{'irt_model': {'expected': '3PL', 'observed': '3PL'}}",deterministic_reference_rubric_v1,"Parsed target JSON, compared fields to stored ground truth, and applied fixed rubric thresholds.",3pl_001_iif__ggplot_gray__model_identification__oracle__deterministic_judge,3,1.0,True,3pl_001_iif__ggplot_gray__model_identification__oracle,"{'field_scores': {'irt_model': 1}, 'reasoning_score': 2}",3pl_001_iif__ggplot_gray,local_oracle_baseline,3pl_001_iif__ggplot_gray__model_identification,3,model_identification,item_information,3PL,ggplot_gray,"{'color_palette': 'muted', 'gridlines': 'heavy', 'height_px': 750, 'image_format': 'png', 'image_path': 'data/benchmark/images/3pl_001_iif__ggplot_gray.png', 'legend_position': 'best', 'line_width': 2.2, 'num_rendered_lines': 1, 'render_engine': 'matplotlib_ggplot_style', 'style_context': 'ggplot', 'style_profile_id': 'ggplot_gray', 'theme': 'light', 'tick_density': 'dense', 'width_px': 1125, 'x_axis': {'label': 'Ability (theta)', 'max': 4.0, 'min': -4.0}, 'y_axis': {'label': 'Information', 'max': 0.323, 'min': 0.0}}",matplotlib_ggplot_style,light
"{'irt_model': {'expected': '3PL', 'observed': '3PL'}}",deterministic_reference_rubric_v1,"Parsed target JSON, compared fields to stored ground truth, and applied fixed rubric thresholds.",3pl_001_iif__ggplot_gray__model_identification__noisy__deterministic_judge,3,0.6667,True,3pl_001_iif__ggplot_gray__model_identification__noisy,"{'field_scores': {'irt_model': 1}, 'reasoning_score': 1}",3pl_001_iif__ggplot_gray,local_noisy_baseline,3pl_001_iif__ggplot_gray__model_identification,2,model_identification,item_information,3PL,ggplot_gray,"{'color_palette': 'muted', 'gridlines': 'heavy', 'height_px': 750, 'image_format': 'png', 'image_path': 'data/benchmark/images/3pl_001_iif__ggplot_gray.png', 'legend_position': 'best', 'line_width': 2.2, 'num_rendered_lines': 1, 'render_engine': 'matplotlib_ggplot_style', 'style_context': 'ggplot', 'style_profile_id': 'ggplot_gray', 'theme': 'light', 'tick_density': 'dense', 'width_px': 1125, 'x_axis': {'label': 'Ability (theta)', 'max': 4.0, 'min': -4.0}, 'y_axis': {'label': 'Information', 'max': 0.323, 'min': 0.0}}",matplotlib_ggplot_style,light
"{'irt_model': {'expected': '3PL', 'observed': '2PL'}}",deterministic_reference_rubric_v1,"Parsed target JSON, compared fields to stored ground truth, and applied fixed rubric thresholds.",3pl_001_iif__ggplot_gray__model_identification__blind__deterministic_judge,3,0.3333,True,3pl_001_iif__ggplot_gray__model_identification__blind,"{'field_scores': {'irt_model': 0}, 'reasoning_score': 1}",3pl_001_iif__ggplot_gray,local_blind_baseline,3pl_001_iif__ggplot_gray__model_identification,1,model_identification,item_information,3PL,ggplot_gray,"{'color_palette': 'muted', 'gridlines': 'heavy', 'height_px': 750, 'image_format': 'png', 'image_path': 'data/benchmark/images/3pl_001_iif__ggplot_gray.png', 'legend_position': 'best', 'line_width': 2.2, 'num_rendered_lines': 1, 'render_engine': 'matplotlib_ggplot_style', 'style_context': 'ggplot', 'style_profile_id': 'ggplot_gray', 'theme': 'light', 'tick_density': 'dense', 'width_px': 1125, 'x_axis': {'label': 'Ability (theta)', 'max': 4.0, 'min': -4.0}, 'y_axis': {'label': 'Information', 'max': 0.323, 'min': 0.0}}",matplotlib_ggplot_style,light
"{'peak_information': 0.0, 'peak_theta': 0.0}",deterministic_reference_rubric_v1,"Parsed target JSON, compared fields to stored ground truth, and applied fixed rubric thresholds.",3pl_001_iif__ggplot_gray__information_peak__oracle__deterministic_judge,8,1.0,True,3pl_001_iif__ggplot_gray__information_peak__oracle,"{'field_scores': {'peak_information': 3, 'peak_theta': 3}, 'reasoning_score': 2}",3pl_001_iif__ggplot_gray,local_oracle_baseline,3pl_001_iif__ggplot_gray__information_peak,8,information_peak,item_information,3PL,ggplot_gray,"{'color_palette': 'muted', 'gridlines': 'heavy', 'height_px': 750, 'image_format': 'png', 'image_path': 'data/benchmark/images/3pl_001_iif__ggplot_gray.png', 'legend_position': 'best', 'line_width': 2.2, 'num_rendered_lines': 1, 'render_engine': 'matplotlib_ggplot_style', 'style_context': 'ggplot', 'style_profile_id': 'ggplot_gray', 'theme': 'light', 'tick_density': 'dense', 'width_px': 1125, 'x_axis': {'label': 'Ability (theta)', 'max': 4.0, 'min': -4.0}, 'y_axis': {'label': 'Information', 'max': 0.323, 'min': 0.0}}",matplotlib_ggplot_style,light
"{'peak_information': 0.1466, 'peak_theta': 0.3696}",deterministic_reference_rubric_v1,"Parsed target JSON, compared fields to stored ground truth, and applied fixed rubric thresholds.",3pl_001_iif__ggplot_gray__information_peak__noisy__deterministic_judge,8,0.75,True,3pl_001_iif__ggplot_gray__information_peak__noisy,"{'field_scores': {'peak_information': 3, 'peak_theta': 2}, 'reasoning_score': 1}",3pl_001_iif__ggplot_gray,local_noisy_baseline,3pl_001_iif__ggplot_gray__information_peak,6,information_peak,item_information,3PL,ggplot_gray,"{'color_palette': 'muted', 'gridlines': 'heavy', 'height_px': 750, 'image_format': 'png', 'image_path': 'data/benchmark/images/3pl_001_iif__ggplot_gray.png', 'legend_position': 'best', 'line_width': 2.2, 'num_rendered_lines': 1, 'render_engine': 'matplotlib_ggplot_style', 'style_context': 'ggplot', 'style_profile_id': 'ggplot_gray', 'theme': 'light', 'tick_density': 'dense', 'width_px': 1125, 'x_axis': {'label': 'Ability (theta)', 'max': 4.0, 'min': -4.0}, 'y_axis': {'label': 'Information', 'max': 0.323, 'min': 0.0}}",matplotlib_ggplot_style,light
"{'peak_information': 0.4571, 'peak_theta': 0.3111}",deterministic_reference_rubric_v1,"Parsed target JSON, compared fields to stored ground truth, and applied fixed rubric thresholds.",3pl_001_iif__ggplot_gray__information_peak__blind__deterministic_judge,8,0.5,True,3pl_001_iif__ggplot_gray__information_peak__blind,"{'field_scores': {'peak_information': 1, 'peak_theta': 2}, 'reasoning_score': 1}",3pl_001_iif__ggplot_gray,local_blind_baseline,3pl_001_iif__ggplot_gray__information_peak,4,information_peak,item_information,3PL,ggplot_gray,"{'color_palette': 'muted', 'gridlines': 'heavy', 'height_px': 750, 'image_format': 'png', 'image_path': 'data/benchmark/images/3pl_001_iif__ggplot_gray.png', 'legend_position': 'best', 'line_width': 2.2, 'num_rendered_lines': 1, 'render_engine': 'matplotlib_ggplot_style', 'style_context': 'ggplot', 'style_profile_id': 'ggplot_gray', 'theme': 'light', 'tick_density': 'dense', 'width_px': 1125, 'x_axis': {'label': 'Ability (theta)', 'max': 4.0, 'min': -4.0}, 'y_axis': {'label': 'Information', 'max': 0.323, 'min': 0.0}}",matplotlib_ggplot_style,light
"{'irt_model': {'expected': '3PL', 'observed': '3PL'}}",deterministic_reference_rubric_v1,"Parsed target JSON, compared fields to stored ground truth, and applied fixed rubric thresholds.",3pl_001_iif__grayscale_no_grid__model_identification__oracle__deterministic_judge,3,1.0,True,3pl_001_iif__grayscale_no_grid__model_identification__oracle,"{'field_scores': {'irt_model': 1}, 'reasoning_score': 2}",3pl_001_iif__grayscale_no_grid,local_oracle_baseline,3pl_001_iif__grayscale_no_grid__model_identification,3,model_identification,item_information,3PL,grayscale_no_grid,"{'color_palette': 'grayscale', 'gridlines': 'none', 'height_px': 750, 'image_format': 'png', 'image_path': 'data/benchmark/images/3pl_001_iif__grayscale_no_grid.png', 'legend_position': 'bottom', 'line_width': 2.6, 'num_rendered_lines': 1, 'render_engine': 'matplotlib', 'style_context': 'default', 'style_profile_id': 'grayscale_no_grid', 'theme': 'light', 'tick_density': 'sparse', 'width_px': 1125, 'x_axis': {'label': 'Ability (theta)', 'max': 4.0, 'min': -4.0}, 'y_axis': {'label': 'Information', 'max': 0.323, 'min': 0.0}}",matplotlib,light
"{'irt_model': {'expected': '3PL', 'observed': '3PL'}}",deterministic_reference_rubric_v1,"Parsed target JSON, compared fields to stored ground truth, and applied fixed rubric thresholds.",3pl_001_iif__grayscale_no_grid__model_identification__noisy__deterministic_judge,3,0.6667,True,3pl_001_iif__grayscale_no_grid__model_identification__noisy,"{'field_scores': {'irt_model': 1}, 'reasoning_score': 1}",3pl_001_iif__grayscale_no_grid,local_noisy_baseline,3pl_001_iif__grayscale_no_grid__model_identification,2,model_identification,item_information,3PL,grayscale_no_grid,"{'color_palette': 'grayscale', 'gridlines': 'none', 'height_px': 750, 'image_format': 'png', 'image_path': 'data/benchmark/images/3pl_001_iif__grayscale_no_grid.png', 'legend_position': 'bottom', 'line_width': 2.6, 'num_rendered_lines': 1, 'render_engine': 'matplotlib', 'style_context': 'default', 'style_profile_id': 'grayscale_no_grid', 'theme': 'light', 'tick_density': 'sparse', 'width_px': 1125, 'x_axis': {'label': 'Ability (theta)', 'max': 4.0, 'min': -4.0}, 'y_axis': {'label': 'Information', 'max': 0.323, 'min': 0.0}}",matplotlib,light
"{'irt_model': {'expected': '3PL', 'observed': '2PL'}}",deterministic_reference_rubric_v1,"Parsed target JSON, compared fields to stored ground truth, and applied fixed rubric thresholds.",3pl_001_iif__grayscale_no_grid__model_identification__blind__deterministic_judge,3,0.3333,True,3pl_001_iif__grayscale_no_grid__model_identification__blind,"{'field_scores': {'irt_model': 0}, 'reasoning_score': 1}",3pl_001_iif__grayscale_no_grid,local_blind_baseline,3pl_001_iif__grayscale_no_grid__model_identification,1,model_identification,item_information,3PL,grayscale_no_grid,"{'color_palette': 'grayscale', 'gridlines': 'none', 'height_px': 750, 'image_format': 'png', 'image_path': 'data/benchmark/images/3pl_001_iif__grayscale_no_grid.png', 'legend_position': 'bottom', 'line_width': 2.6, 'num_rendered_lines': 1, 'render_engine': 'matplotlib', 'style_context': 'default', 'style_profile_id': 'grayscale_no_grid', 'theme': 'light', 'tick_density': 'sparse', 'width_px': 1125, 'x_axis': {'label': 'Ability (theta)', 'max': 4.0, 'min': -4.0}, 'y_axis': {'label': 'Information', 'max': 0.323, 'min': 0.0}}",matplotlib,light
"{'peak_information': 0.0, 'peak_theta': 0.0}",deterministic_reference_rubric_v1,"Parsed target JSON, compared fields to stored ground truth, and applied fixed rubric thresholds.",3pl_001_iif__grayscale_no_grid__information_peak__oracle__deterministic_judge,8,1.0,True,3pl_001_iif__grayscale_no_grid__information_peak__oracle,"{'field_scores': {'peak_information': 3, 'peak_theta': 3}, 'reasoning_score': 2}",3pl_001_iif__grayscale_no_grid,local_oracle_baseline,3pl_001_iif__grayscale_no_grid__information_peak,8,information_peak,item_information,3PL,grayscale_no_grid,"{'color_palette': 'grayscale', 'gridlines': 'none', 'height_px': 750, 'image_format': 'png', 'image_path': 'data/benchmark/images/3pl_001_iif__grayscale_no_grid.png', 'legend_position': 'bottom', 'line_width': 2.6, 'num_rendered_lines': 1, 'render_engine': 'matplotlib', 'style_context': 'default', 'style_profile_id': 'grayscale_no_grid', 'theme': 'light', 'tick_density': 'sparse', 'width_px': 1125, 'x_axis': {'label': 'Ability (theta)', 'max': 4.0, 'min': -4.0}, 'y_axis': {'label': 'Information', 'max': 0.323, 'min': 0.0}}",matplotlib,light
"{'peak_information': 0.045, 'peak_theta': 0.1965}",deterministic_reference_rubric_v1,"Parsed target JSON, compared fields to stored ground truth, and applied fixed rubric thresholds.",3pl_001_iif__grayscale_no_grid__information_peak__noisy__deterministic_judge,8,0.875,True,3pl_001_iif__grayscale_no_grid__information_peak__noisy,"{'field_scores': {'peak_information': 3, 'peak_theta': 3}, 'reasoning_score': 1}",3pl_001_iif__grayscale_no_grid,local_noisy_baseline,3pl_001_iif__grayscale_no_grid__information_peak,7,information_peak,item_information,3PL,grayscale_no_grid,"{'color_palette': 'grayscale', 'gridlines': 'none', 'height_px': 750, 'image_format': 'png', 'image_path': 'data/benchmark/images/3pl_001_iif__grayscale_no_grid.png', 'legend_position': 'bottom', 'line_width': 2.6, 'num_rendered_lines': 1, 'render_engine': 'matplotlib', 'style_context': 'default', 'style_profile_id': 'grayscale_no_grid', 'theme': 'light', 'tick_density': 'sparse', 'width_px': 1125, 'x_axis': {'label': 'Ability (theta)', 'max': 4.0, 'min': -4.0}, 'y_axis': {'label': 'Information', 'max': 0.323, 'min': 0.0}}",matplotlib,light
"{'peak_information': 0.8102, 'peak_theta': 0.8556}",deterministic_reference_rubric_v1,"Parsed target JSON, compared fields to stored ground truth, and applied fixed rubric thresholds.",3pl_001_iif__grayscale_no_grid__information_peak__blind__deterministic_judge,8,0.125,True,3pl_001_iif__grayscale_no_grid__information_peak__blind,"{'field_scores': {'peak_information': 0, 'peak_theta': 0}, 'reasoning_score': 1}",3pl_001_iif__grayscale_no_grid,local_blind_baseline,3pl_001_iif__grayscale_no_grid__information_peak,1,information_peak,item_information,3PL,grayscale_no_grid,"{'color_palette': 'grayscale', 'gridlines': 'none', 'height_px': 750, 'image_format': 'png', 'image_path': 'data/benchmark/images/3pl_001_iif__grayscale_no_grid.png', 'legend_position': 'bottom', 'line_width': 2.6, 'num_rendered_lines': 1, 'render_engine': 'matplotlib', 'style_context': 'default', 'style_profile_id': 'grayscale_no_grid', 'theme': 'light', 'tick_density': 'sparse', 'width_px': 1125, 'x_axis': {'label': 'Ability (theta)', 'max': 4.0, 'min': -4.0}, 'y_axis': {'label': 'Information', 'max': 0.323, 'min': 0.0}}",matplotlib,light
"{'irt_model': {'expected': '3PL', 'observed': '3PL'}}",deterministic_reference_rubric_v1,"Parsed target JSON, compared fields to stored ground truth, and applied fixed rubric thresholds.",3pl_001_iif__dark_high_contrast__model_identification__oracle__deterministic_judge,3,1.0,True,3pl_001_iif__dark_high_contrast__model_identification__oracle,"{'field_scores': {'irt_model': 1}, 'reasoning_score': 2}",3pl_001_iif__dark_high_contrast,local_oracle_baseline,3pl_001_iif__dark_high_contrast__model_identification,3,model_identification,item_information,3PL,dark_high_contrast,"{'color_palette': 'bright', 'gridlines': 'faint', 'height_px': 750, 'image_format': 'png', 'image_path': 'data/benchmark/images/3pl_001_iif__dark_high_contrast.png', 'legend_position': 'best', 'line_width': 2.6, 'num_rendered_lines': 1, 'render_engine': 'matplotlib', 'style_context': 'dark_background', 'style_profile_id': 'dark_high_contrast', 'theme': 'dark', 'tick_density': 'standard', 'width_px': 1125, 'x_axis': {'label': 'Ability (theta)', 'max': 4.0, 'min': -4.0}, 'y_axis': {'label': 'Information', 'max': 0.323, 'min': 0.0}}",matplotlib,dark
"{'irt_model': {'expected': '3PL', 'observed': '3PL'}}",deterministic_reference_rubric_v1,"Parsed target JSON, compared fields to stored ground truth, and applied fixed rubric thresholds.",3pl_001_iif__dark_high_contrast__model_identification__noisy__deterministic_judge,3,0.6667,True,3pl_001_iif__dark_high_contrast__model_identification__noisy,"{'field_scores': {'irt_model': 1}, 'reasoning_score': 1}",3pl_001_iif__dark_high_contrast,local_noisy_baseline,3pl_001_iif__dark_high_contrast__model_identification,2,model_identification,item_information,3PL,dark_high_contrast,"{'color_palette': 'bright', 'gridlines': 'faint', 'height_px': 750, 'image_format': 'png', 'image_path': 'data/benchmark/images/3pl_001_iif__dark_high_contrast.png', 'legend_position': 'best', 'line_width': 2.6, 'num_rendered_lines': 1, 'render_engine': 'matplotlib', 'style_context': 'dark_background', 'style_profile_id': 'dark_high_contrast', 'theme': 'dark', 'tick_density': 'standard', 'width_px': 1125, 'x_axis': {'label': 'Ability (theta)', 'max': 4.0, 'min': -4.0}, 'y_axis': {'label': 'Information', 'max': 0.323, 'min': 0.0}}",matplotlib,dark
"{'irt_model': {'expected': '3PL', 'observed': '2PL'}}",deterministic_reference_rubric_v1,"Parsed target JSON, compared fields to stored ground truth, and applied fixed rubric thresholds.",3pl_001_iif__dark_high_contrast__model_identification__blind__deterministic_judge,3,0.3333,True,3pl_001_iif__dark_high_contrast__model_identification__blind,"{'field_scores': {'irt_model': 0}, 'reasoning_score': 1}",3pl_001_iif__dark_high_contrast,local_blind_baseline,3pl_001_iif__dark_high_contrast__model_identification,1,model_identification,item_information,3PL,dark_high_contrast,"{'color_palette': 'bright', 'gridlines': 'faint', 'height_px': 750, 'image_format': 'png', 'image_path': 'data/benchmark/images/3pl_001_iif__dark_high_contrast.png', 'legend_position': 'best', 'line_width': 2.6, 'num_rendered_lines': 1, 'render_engine': 'matplotlib', 'style_context': 'dark_background', 'style_profile_id': 'dark_high_contrast', 'theme': 'dark', 'tick_density': 'standard', 'width_px': 1125, 'x_axis': {'label': 'Ability (theta)', 'max': 4.0, 'min': -4.0}, 'y_axis': {'label': 'Information', 'max': 0.323, 'min': 0.0}}",matplotlib,dark
"{'peak_information': 0.0, 'peak_theta': 0.0}",deterministic_reference_rubric_v1,"Parsed target JSON, compared fields to stored ground truth, and applied fixed rubric thresholds.",3pl_001_iif__dark_high_contrast__information_peak__oracle__deterministic_judge,8,1.0,True,3pl_001_iif__dark_high_contrast__information_peak__oracle,"{'field_scores': {'peak_information': 3, 'peak_theta': 3}, 'reasoning_score': 2}",3pl_001_iif__dark_high_contrast,local_oracle_baseline,3pl_001_iif__dark_high_contrast__information_peak,8,information_peak,item_information,3PL,dark_high_contrast,"{'color_palette': 'bright', 'gridlines': 'faint', 'height_px': 750, 'image_format': 'png', 'image_path': 'data/benchmark/images/3pl_001_iif__dark_high_contrast.png', 'legend_position': 'best', 'line_width': 2.6, 'num_rendered_lines': 1, 'render_engine': 'matplotlib', 'style_context': 'dark_background', 'style_profile_id': 'dark_high_contrast', 'theme': 'dark', 'tick_density': 'standard', 'width_px': 1125, 'x_axis': {'label': 'Ability (theta)', 'max': 4.0, 'min': -4.0}, 'y_axis': {'label': 'Information', 'max': 0.323, 'min': 0.0}}",matplotlib,dark
"{'peak_information': 0.2408, 'peak_theta': 0.2048}",deterministic_reference_rubric_v1,"Parsed target JSON, compared fields to stored ground truth, and applied fixed rubric thresholds.",3pl_001_iif__dark_high_contrast__information_peak__noisy__deterministic_judge,8,0.625,True,3pl_001_iif__dark_high_contrast__information_peak__noisy,"{'field_scores': {'peak_information': 2, 'peak_theta': 2}, 'reasoning_score': 1}",3pl_001_iif__dark_high_contrast,local_noisy_baseline,3pl_001_iif__dark_high_contrast__information_peak,5,information_peak,item_information,3PL,dark_high_contrast,"{'color_palette': 'bright', 'gridlines': 'faint', 'height_px': 750, 'image_format': 'png', 'image_path': 'data/benchmark/images/3pl_001_iif__dark_high_contrast.png', 'legend_position': 'best', 'line_width': 2.6, 'num_rendered_lines': 1, 'render_engine': 'matplotlib', 'style_context': 'dark_background', 'style_profile_id': 'dark_high_contrast', 'theme': 'dark', 'tick_density': 'standard', 'width_px': 1125, 'x_axis': {'label': 'Ability (theta)', 'max': 4.0, 'min': -4.0}, 'y_axis': {'label': 'Information', 'max': 0.323, 'min': 0.0}}",matplotlib,dark
"{'peak_information': 0.0026, 'peak_theta': 0.1994}",deterministic_reference_rubric_v1,"Parsed target JSON, compared fields to stored ground truth, and applied fixed rubric thresholds.",3pl_001_iif__dark_high_contrast__information_peak__blind__deterministic_judge,8,0.875,True,3pl_001_iif__dark_high_contrast__information_peak__blind,"{'field_scores': {'peak_information': 3, 'peak_theta': 3}, 'reasoning_score': 1}",3pl_001_iif__dark_high_contrast,local_blind_baseline,3pl_001_iif__dark_high_contrast__information_peak,7,information_peak,item_information,3PL,dark_high_contrast,"{'color_palette': 'bright', 'gridlines': 'faint', 'height_px': 750, 'image_format': 'png', 'image_path': 'data/benchmark/images/3pl_001_iif__dark_high_contrast.png', 'legend_position': 'best', 'line_width': 2.6, 'num_rendered_lines': 1, 'render_engine': 'matplotlib', 'style_context': 'dark_background', 'style_profile_id': 'dark_high_contrast', 'theme': 'dark', 'tick_density': 'standard', 'width_px': 1125, 'x_axis': {'label': 'Ability (theta)', 'max': 4.0, 'min': -4.0}, 'y_axis': {'label': 'Information', 'max': 0.323, 'min': 0.0}}",matplotlib,dark
"{'irt_model': {'expected': '3PL', 'observed': '3PL'}}",deterministic_reference_rubric_v1,"Parsed target JSON, compared fields to stored ground truth, and applied fixed rubric thresholds.",3pl_001_iif__lattice_emulation__model_identification__oracle__deterministic_judge,3,1.0,True,3pl_001_iif__lattice_emulation__model_identification__oracle,"{'field_scores': {'irt_model': 1}, 'reasoning_score': 2}",3pl_001_iif__lattice_emulation,local_oracle_baseline,3pl_001_iif__lattice_emulation__model_identification,3,model_identification,item_information,3PL,lattice_emulation,"{'color_palette': 'colorblind', 'gridlines': 'faint', 'height_px': 750, 'image_format': 'png', 'image_path': 'data/benchmark/images/3pl_001_iif__lattice_emulation.png', 'legend_position': 'outside', 'line_width': 2.0, 'num_rendered_lines': 1, 'render_engine': 'matplotlib_lattice_emulation', 'style_context': 'classic', 'style_profile_id': 'lattice_emulation', 'theme': 'light', 'tick_density': 'standard', 'width_px': 1125, 'x_axis': {'label': 'Ability (theta)', 'max': 4.0, 'min': -4.0}, 'y_axis': {'label': 'Information', 'max': 0.323, 'min': 0.0}}",matplotlib_lattice_emulation,light
"{'irt_model': {'expected': '3PL', 'observed': '3PL'}}",deterministic_reference_rubric_v1,"Parsed target JSON, compared fields to stored ground truth, and applied fixed rubric thresholds.",3pl_001_iif__lattice_emulation__model_identification__noisy__deterministic_judge,3,0.6667,True,3pl_001_iif__lattice_emulation__model_identification__noisy,"{'field_scores': {'irt_model': 1}, 'reasoning_score': 1}",3pl_001_iif__lattice_emulation,local_noisy_baseline,3pl_001_iif__lattice_emulation__model_identification,2,model_identification,item_information,3PL,lattice_emulation,"{'color_palette': 'colorblind', 'gridlines': 'faint', 'height_px': 750, 'image_format': 'png', 'image_path': 'data/benchmark/images/3pl_001_iif__lattice_emulation.png', 'legend_position': 'outside', 'line_width': 2.0, 'num_rendered_lines': 1, 'render_engine': 'matplotlib_lattice_emulation', 'style_context': 'classic', 'style_profile_id': 'lattice_emulation', 'theme': 'light', 'tick_density': 'standard', 'width_px': 1125, 'x_axis': {'label': 'Ability (theta)', 'max': 4.0, 'min': -4.0}, 'y_axis': {'label': 'Information', 'max': 0.323, 'min': 0.0}}",matplotlib_lattice_emulation,light
"{'irt_model': {'expected': '3PL', 'observed': '2PL'}}",deterministic_reference_rubric_v1,"Parsed target JSON, compared fields to stored ground truth, and applied fixed rubric thresholds.",3pl_001_iif__lattice_emulation__model_identification__blind__deterministic_judge,3,0.3333,True,3pl_001_iif__lattice_emulation__model_identification__blind,"{'field_scores': {'irt_model': 0}, 'reasoning_score': 1}",3pl_001_iif__lattice_emulation,local_blind_baseline,3pl_001_iif__lattice_emulation__model_identification,1,model_identification,item_information,3PL,lattice_emulation,"{'color_palette': 'colorblind', 'gridlines': 'faint', 'height_px': 750, 'image_format': 'png', 'image_path': 'data/benchmark/images/3pl_001_iif__lattice_emulation.png', 'legend_position': 'outside', 'line_width': 2.0, 'num_rendered_lines': 1, 'render_engine': 'matplotlib_lattice_emulation', 'style_context': 'classic', 'style_profile_id': 'lattice_emulation', 'theme': 'light', 'tick_density': 'standard', 'width_px': 1125, 'x_axis': {'label': 'Ability (theta)', 'max': 4.0, 'min': -4.0}, 'y_axis': {'label': 'Information', 'max': 0.323, 'min': 0.0}}",matplotlib_lattice_emulation,light
"{'peak_information': 0.0, 'peak_theta': 0.0}",deterministic_reference_rubric_v1,"Parsed target JSON, compared fields to stored ground truth, and applied fixed rubric thresholds.",3pl_001_iif__lattice_emulation__information_peak__oracle__deterministic_judge,8,1.0,True,3pl_001_iif__lattice_emulation__information_peak__oracle,"{'field_scores': {'peak_information': 3, 'peak_theta': 3}, 'reasoning_score': 2}",3pl_001_iif__lattice_emulation,local_oracle_baseline,3pl_001_iif__lattice_emulation__information_peak,8,information_peak,item_information,3PL,lattice_emulation,"{'color_palette': 'colorblind', 'gridlines': 'faint', 'height_px': 750, 'image_format': 'png', 'image_path': 'data/benchmark/images/3pl_001_iif__lattice_emulation.png', 'legend_position': 'outside', 'line_width': 2.0, 'num_rendered_lines': 1, 'render_engine': 'matplotlib_lattice_emulation', 'style_context': 'classic', 'style_profile_id': 'lattice_emulation', 'theme': 'light', 'tick_density': 'standard', 'width_px': 1125, 'x_axis': {'label': 'Ability (theta)', 'max': 4.0, 'min': -4.0}, 'y_axis': {'label': 'Information', 'max': 0.323, 'min': 0.0}}",matplotlib_lattice_emulation,light
"{'peak_information': 0.0707, 'peak_theta': 0.1841}",deterministic_reference_rubric_v1,"Parsed target JSON, compared fields to stored ground truth, and applied fixed rubric thresholds.",3pl_001_iif__lattice_emulation__information_peak__noisy__deterministic_judge,8,0.875,True,3pl_001_iif__lattice_emulation__information_peak__noisy,"{'field_scores': {'peak_information': 3, 'peak_theta': 3}, 'reasoning_score': 1}",3pl_001_iif__lattice_emulation,local_noisy_baseline,3pl_001_iif__lattice_emulation__information_peak,7,information_peak,item_information,3PL,lattice_emulation,"{'color_palette': 'colorblind', 'gridlines': 'faint', 'height_px': 750, 'image_format': 'png', 'image_path': 'data/benchmark/images/3pl_001_iif__lattice_emulation.png', 'legend_position': 'outside', 'line_width': 2.0, 'num_rendered_lines': 1, 'render_engine': 'matplotlib_lattice_emulation', 'style_context': 'classic', 'style_profile_id': 'lattice_emulation', 'theme': 'light', 'tick_density': 'standard', 'width_px': 1125, 'x_axis': {'label': 'Ability (theta)', 'max': 4.0, 'min': -4.0}, 'y_axis': {'label': 'Information', 'max': 0.323, 'min': 0.0}}",matplotlib_lattice_emulation,light
"{'peak_information': 0.026, 'peak_theta': 0.0767}",deterministic_reference_rubric_v1,"Parsed target JSON, compared fields to stored ground truth, and applied fixed rubric thresholds.",3pl_001_iif__lattice_emulation__information_peak__blind__deterministic_judge,8,0.875,True,3pl_001_iif__lattice_emulation__information_peak__blind,"{'field_scores': {'peak_information': 3, 'peak_theta': 3}, 'reasoning_score': 1}",3pl_001_iif__lattice_emulation,local_blind_baseline,3pl_001_iif__lattice_emulation__information_peak,7,information_peak,item_information,3PL,lattice_emulation,"{'color_palette': 'colorblind', 'gridlines': 'faint', 'height_px': 750, 'image_format': 'png', 'image_path': 'data/benchmark/images/3pl_001_iif__lattice_emulation.png', 'legend_position': 'outside', 'line_width': 2.0, 'num_rendered_lines': 1, 'render_engine': 'matplotlib_lattice_emulation', 'style_context': 'classic', 'style_profile_id': 'lattice_emulation', 'theme': 'light', 'tick_density': 'standard', 'width_px': 1125, 'x_axis': {'label': 'Ability (theta)', 'max': 4.0, 'min': -4.0}, 'y_axis': {'label': 'Information', 'max': 0.323, 'min': 0.0}}",matplotlib_lattice_emulation,light
"{'irt_model': {'expected': '4PL', 'observed': '4PL'}}",deterministic_reference_rubric_v1,"Parsed target JSON, compared fields to stored ground truth, and applied fixed rubric thresholds.",4pl_001_icc__matplotlib_light__model_identification__oracle__deterministic_judge,3,1.0,True,4pl_001_icc__matplotlib_light__model_identification__oracle,"{'field_scores': {'irt_model': 1}, 'reasoning_score': 2}",4pl_001_icc__matplotlib_light,local_oracle_baseline,4pl_001_icc__matplotlib_light__model_identification,3,model_identification,dichotomous_icc,4PL,matplotlib_light,"{'color_palette': 'tab10', 'gridlines': 'standard', 'height_px': 750, 'image_format': 'png', 'image_path': 'data/benchmark/images/4pl_001_icc__matplotlib_light.png', 'legend_position': 'best', 'line_width': 2.4, 'num_rendered_lines': 1, 'render_engine': 'matplotlib', 'style_context': 'default', 'style_profile_id': 'matplotlib_light', 'theme': 'light', 'tick_density': 'standard', 'width_px': 1125, 'x_axis': {'label': 'Ability (theta)', 'max': 4.0, 'min': -4.0}, 'y_axis': {'label': 'Probability of keyed response', 'max': 1.02, 'min': 0.0}}",matplotlib,light
"{'irt_model': {'expected': '4PL', 'observed': '4PL'}}",deterministic_reference_rubric_v1,"Parsed target JSON, compared fields to stored ground truth, and applied fixed rubric thresholds.",4pl_001_icc__matplotlib_light__model_identification__noisy__deterministic_judge,3,0.6667,True,4pl_001_icc__matplotlib_light__model_identification__noisy,"{'field_scores': {'irt_model': 1}, 'reasoning_score': 1}",4pl_001_icc__matplotlib_light,local_noisy_baseline,4pl_001_icc__matplotlib_light__model_identification,2,model_identification,dichotomous_icc,4PL,matplotlib_light,"{'color_palette': 'tab10', 'gridlines': 'standard', 'height_px': 750, 'image_format': 'png', 'image_path': 'data/benchmark/images/4pl_001_icc__matplotlib_light.png', 'legend_position': 'best', 'line_width': 2.4, 'num_rendered_lines': 1, 'render_engine': 'matplotlib', 'style_context': 'default', 'style_profile_id': 'matplotlib_light', 'theme': 'light', 'tick_density': 'standard', 'width_px': 1125, 'x_axis': {'label': 'Ability (theta)', 'max': 4.0, 'min': -4.0}, 'y_axis': {'label': 'Probability of keyed response', 'max': 1.02, 'min': 0.0}}",matplotlib,light
"{'irt_model': {'expected': '4PL', 'observed': '2PL'}}",deterministic_reference_rubric_v1,"Parsed target JSON, compared fields to stored ground truth, and applied fixed rubric thresholds.",4pl_001_icc__matplotlib_light__model_identification__blind__deterministic_judge,3,0.3333,True,4pl_001_icc__matplotlib_light__model_identification__blind,"{'field_scores': {'irt_model': 0}, 'reasoning_score': 1}",4pl_001_icc__matplotlib_light,local_blind_baseline,4pl_001_icc__matplotlib_light__model_identification,1,model_identification,dichotomous_icc,4PL,matplotlib_light,"{'color_palette': 'tab10', 'gridlines': 'standard', 'height_px': 750, 'image_format': 'png', 'image_path': 'data/benchmark/images/4pl_001_icc__matplotlib_light.png', 'legend_position': 'best', 'line_width': 2.4, 'num_rendered_lines': 1, 'render_engine': 'matplotlib', 'style_context': 'default', 'style_profile_id': 'matplotlib_light', 'theme': 'light', 'tick_density': 'standard', 'width_px': 1125, 'x_axis': {'label': 'Ability (theta)', 'max': 4.0, 'min': -4.0}, 'y_axis': {'label': 'Probability of keyed response', 'max': 1.02, 'min': 0.0}}",matplotlib,light
"{'a': 0.0, 'b': 0.0, 'c': 0.0, 'd': 0.0, 'irt_model': {'expected': '4PL', 'observed': '4PL'}}",deterministic_reference_rubric_v1,"Parsed target JSON, compared fields to stored ground truth, and applied fixed rubric thresholds.",4pl_001_icc__matplotlib_light__parameter_estimation__oracle__deterministic_judge,15,1.0,True,4pl_001_icc__matplotlib_light__parameter_estimation__oracle,"{'field_scores': {'a': 3, 'b': 3, 'c': 3, 'd': 3, 'irt_model': 1}, 'reasoning_score': 2}",4pl_001_icc__matplotlib_light,local_oracle_baseline,4pl_001_icc__matplotlib_light__parameter_estimation,15,parameter_estimation,dichotomous_icc,4PL,matplotlib_light,"{'color_palette': 'tab10', 'gridlines': 'standard', 'height_px': 750, 'image_format': 'png', 'image_path': 'data/benchmark/images/4pl_001_icc__matplotlib_light.png', 'legend_position': 'best', 'line_width': 2.4, 'num_rendered_lines': 1, 'render_engine': 'matplotlib', 'style_context': 'default', 'style_profile_id': 'matplotlib_light', 'theme': 'light', 'tick_density': 'standard', 'width_px': 1125, 'x_axis': {'label': 'Ability (theta)', 'max': 4.0, 'min': -4.0}, 'y_axis': {'label': 'Probability of keyed response', 'max': 1.02, 'min': 0.0}}",matplotlib,light
"{'a': 0.1322, 'b': 0.0986, 'c': 0.1644, 'd': 0.0263, 'irt_model': {'expected': '4PL', 'observed': '4PL'}}",deterministic_reference_rubric_v1,"Parsed target JSON, compared fields to stored ground truth, and applied fixed rubric thresholds.",4pl_001_icc__matplotlib_light__parameter_estimation__noisy__deterministic_judge,15,0.8667,True,4pl_001_icc__matplotlib_light__parameter_estimation__noisy,"{'field_scores': {'a': 3, 'b': 3, 'c': 2, 'd': 3, 'irt_model': 1}, 'reasoning_score': 1}",4pl_001_icc__matplotlib_light,local_noisy_baseline,4pl_001_icc__matplotlib_light__parameter_estimation,13,parameter_estimation,dichotomous_icc,4PL,matplotlib_light,"{'color_palette': 'tab10', 'gridlines': 'standard', 'height_px': 750, 'image_format': 'png', 'image_path': 'data/benchmark/images/4pl_001_icc__matplotlib_light.png', 'legend_position': 'best', 'line_width': 2.4, 'num_rendered_lines': 1, 'render_engine': 'matplotlib', 'style_context': 'default', 'style_profile_id': 'matplotlib_light', 'theme': 'light', 'tick_density': 'standard', 'width_px': 1125, 'x_axis': {'label': 'Ability (theta)', 'max': 4.0, 'min': -4.0}, 'y_axis': {'label': 'Probability of keyed response', 'max': 1.02, 'min': 0.0}}",matplotlib,light
"{'a': 0.7167, 'b': 1.1265, 'c': 0.1744, 'd': 0.0335, 'irt_model': {'expected': '4PL', 'observed': '2PL'}}",deterministic_reference_rubric_v1,"Parsed target JSON, compared fields to stored ground truth, and applied fixed rubric thresholds.",4pl_001_icc__matplotlib_light__parameter_estimation__blind__deterministic_judge,15,0.4,True,4pl_001_icc__matplotlib_light__parameter_estimation__blind,"{'field_scores': {'a': 0, 'b': 0, 'c': 2, 'd': 3, 'irt_model': 0}, 'reasoning_score': 1}",4pl_001_icc__matplotlib_light,local_blind_baseline,4pl_001_icc__matplotlib_light__parameter_estimation,6,parameter_estimation,dichotomous_icc,4PL,matplotlib_light,"{'color_palette': 'tab10', 'gridlines': 'standard', 'height_px': 750, 'image_format': 'png', 'image_path': 'data/benchmark/images/4pl_001_icc__matplotlib_light.png', 'legend_position': 'best', 'line_width': 2.4, 'num_rendered_lines': 1, 'render_engine': 'matplotlib', 'style_context': 'default', 'style_profile_id': 'matplotlib_light', 'theme': 'light', 'tick_density': 'standard', 'width_px': 1125, 'x_axis': {'label': 'Ability (theta)', 'max': 4.0, 'min': -4.0}, 'y_axis': {'label': 'Probability of keyed response', 'max': 1.02, 'min': 0.0}}",matplotlib,light
{'probability': 0.0},deterministic_reference_rubric_v1,"Parsed target JSON, compared fields to stored ground truth, and applied fixed rubric thresholds.",4pl_001_icc__matplotlib_light__probability_at_theta_0.0__oracle__deterministic_judge,5,1.0,True,4pl_001_icc__matplotlib_light__probability_at_theta_0.0__oracle,"{'field_scores': {'probability': 3}, 'reasoning_score': 2}",4pl_001_icc__matplotlib_light,local_oracle_baseline,4pl_001_icc__matplotlib_light__probability_at_theta_0.0,5,probability_at_theta_0.0,dichotomous_icc,4PL,matplotlib_light,"{'color_palette': 'tab10', 'gridlines': 'standard', 'height_px': 750, 'image_format': 'png', 'image_path': 'data/benchmark/images/4pl_001_icc__matplotlib_light.png', 'legend_position': 'best', 'line_width': 2.4, 'num_rendered_lines': 1, 'render_engine': 'matplotlib', 'style_context': 'default', 'style_profile_id': 'matplotlib_light', 'theme': 'light', 'tick_density': 'standard', 'width_px': 1125, 'x_axis': {'label': 'Ability (theta)', 'max': 4.0, 'min': -4.0}, 'y_axis': {'label': 'Probability of keyed response', 'max': 1.02, 'min': 0.0}}",matplotlib,light
{'probability': 0.05},deterministic_reference_rubric_v1,"Parsed target JSON, compared fields to stored ground truth, and applied fixed rubric thresholds.",4pl_001_icc__matplotlib_light__probability_at_theta_0.0__noisy__deterministic_judge,5,0.8,True,4pl_001_icc__matplotlib_light__probability_at_theta_0.0__noisy,"{'field_scores': {'probability': 3}, 'reasoning_score': 1}",4pl_001_icc__matplotlib_light,local_noisy_baseline,4pl_001_icc__matplotlib_light__probability_at_theta_0.0,4,probability_at_theta_0.0,dichotomous_icc,4PL,matplotlib_light,"{'color_palette': 'tab10', 'gridlines': 'standard', 'height_px': 750, 'image_format': 'png', 'image_path': 'data/benchmark/images/4pl_001_icc__matplotlib_light.png', 'legend_position': 'best', 'line_width': 2.4, 'num_rendered_lines': 1, 'render_engine': 'matplotlib', 'style_context': 'default', 'style_profile_id': 'matplotlib_light', 'theme': 'light', 'tick_density': 'standard', 'width_px': 1125, 'x_axis': {'label': 'Ability (theta)', 'max': 4.0, 'min': -4.0}, 'y_axis': {'label': 'Probability of keyed response', 'max': 1.02, 'min': 0.0}}",matplotlib,light
{'probability': 0.9378},deterministic_reference_rubric_v1,"Parsed target JSON, compared fields to stored ground truth, and applied fixed rubric thresholds.",4pl_001_icc__matplotlib_light__probability_at_theta_0.0__blind__deterministic_judge,5,0.2,True,4pl_001_icc__matplotlib_light__probability_at_theta_0.0__blind,"{'field_scores': {'probability': 0}, 'reasoning_score': 1}",4pl_001_icc__matplotlib_light,local_blind_baseline,4pl_001_icc__matplotlib_light__probability_at_theta_0.0,1,probability_at_theta_0.0,dichotomous_icc,4PL,matplotlib_light,"{'color_palette': 'tab10', 'gridlines': 'standard', 'height_px': 750, 'image_format': 'png', 'image_path': 'data/benchmark/images/4pl_001_icc__matplotlib_light.png', 'legend_position': 'best', 'line_width': 2.4, 'num_rendered_lines': 1, 'render_engine': 'matplotlib', 'style_context': 'default', 'style_profile_id': 'matplotlib_light', 'theme': 'light', 'tick_density': 'standard', 'width_px': 1125, 'x_axis': {'label': 'Ability (theta)', 'max': 4.0, 'min': -4.0}, 'y_axis': {'label': 'Probability of keyed response', 'max': 1.02, 'min': 0.0}}",matplotlib,light
"{'irt_model': {'expected': '4PL', 'observed': '4PL'}}",deterministic_reference_rubric_v1,"Parsed target JSON, compared fields to stored ground truth, and applied fixed rubric thresholds.",4pl_001_icc__seaborn_whitegrid__model_identification__oracle__deterministic_judge,3,1.0,True,4pl_001_icc__seaborn_whitegrid__model_identification__oracle,"{'field_scores': {'irt_model': 1}, 'reasoning_score': 2}",4pl_001_icc__seaborn_whitegrid,local_oracle_baseline,4pl_001_icc__seaborn_whitegrid__model_identification,3,model_identification,dichotomous_icc,4PL,seaborn_whitegrid,"{'color_palette': 'deep', 'gridlines': 'standard', 'height_px': 750, 'image_format': 'png', 'image_path': 'data/benchmark/images/4pl_001_icc__seaborn_whitegrid.png', 'legend_position': 'right', 'line_width': 2.4, 'num_rendered_lines': 1, 'render_engine': 'seaborn', 'style_context': 'whitegrid', 'style_profile_id': 'seaborn_whitegrid', 'theme': 'light', 'tick_density': 'standard', 'width_px': 1125, 'x_axis': {'label': 'Ability (theta)', 'max': 4.0, 'min': -4.0}, 'y_axis': {'label': 'Probability of keyed response', 'max': 1.02, 'min': 0.0}}",seaborn,light
"{'irt_model': {'expected': '4PL', 'observed': '4PL'}}",deterministic_reference_rubric_v1,"Parsed target JSON, compared fields to stored ground truth, and applied fixed rubric thresholds.",4pl_001_icc__seaborn_whitegrid__model_identification__noisy__deterministic_judge,3,0.6667,True,4pl_001_icc__seaborn_whitegrid__model_identification__noisy,"{'field_scores': {'irt_model': 1}, 'reasoning_score': 1}",4pl_001_icc__seaborn_whitegrid,local_noisy_baseline,4pl_001_icc__seaborn_whitegrid__model_identification,2,model_identification,dichotomous_icc,4PL,seaborn_whitegrid,"{'color_palette': 'deep', 'gridlines': 'standard', 'height_px': 750, 'image_format': 'png', 'image_path': 'data/benchmark/images/4pl_001_icc__seaborn_whitegrid.png', 'legend_position': 'right', 'line_width': 2.4, 'num_rendered_lines': 1, 'render_engine': 'seaborn', 'style_context': 'whitegrid', 'style_profile_id': 'seaborn_whitegrid', 'theme': 'light', 'tick_density': 'standard', 'width_px': 1125, 'x_axis': {'label': 'Ability (theta)', 'max': 4.0, 'min': -4.0}, 'y_axis': {'label': 'Probability of keyed response', 'max': 1.02, 'min': 0.0}}",seaborn,light
"{'irt_model': {'expected': '4PL', 'observed': '2PL'}}",deterministic_reference_rubric_v1,"Parsed target JSON, compared fields to stored ground truth, and applied fixed rubric thresholds.",4pl_001_icc__seaborn_whitegrid__model_identification__blind__deterministic_judge,3,0.3333,True,4pl_001_icc__seaborn_whitegrid__model_identification__blind,"{'field_scores': {'irt_model': 0}, 'reasoning_score': 1}",4pl_001_icc__seaborn_whitegrid,local_blind_baseline,4pl_001_icc__seaborn_whitegrid__model_identification,1,model_identification,dichotomous_icc,4PL,seaborn_whitegrid,"{'color_palette': 'deep', 'gridlines': 'standard', 'height_px': 750, 'image_format': 'png', 'image_path': 'data/benchmark/images/4pl_001_icc__seaborn_whitegrid.png', 'legend_position': 'right', 'line_width': 2.4, 'num_rendered_lines': 1, 'render_engine': 'seaborn', 'style_context': 'whitegrid', 'style_profile_id': 'seaborn_whitegrid', 'theme': 'light', 'tick_density': 'standard', 'width_px': 1125, 'x_axis': {'label': 'Ability (theta)', 'max': 4.0, 'min': -4.0}, 'y_axis': {'label': 'Probability of keyed response', 'max': 1.02, 'min': 0.0}}",seaborn,light
"{'a': 0.0, 'b': 0.0, 'c': 0.0, 'd': 0.0, 'irt_model': {'expected': '4PL', 'observed': '4PL'}}",deterministic_reference_rubric_v1,"Parsed target JSON, compared fields to stored ground truth, and applied fixed rubric thresholds.",4pl_001_icc__seaborn_whitegrid__parameter_estimation__oracle__deterministic_judge,15,1.0,True,4pl_001_icc__seaborn_whitegrid__parameter_estimation__oracle,"{'field_scores': {'a': 3, 'b': 3, 'c': 3, 'd': 3, 'irt_model': 1}, 'reasoning_score': 2}",4pl_001_icc__seaborn_whitegrid,local_oracle_baseline,4pl_001_icc__seaborn_whitegrid__parameter_estimation,15,parameter_estimation,dichotomous_icc,4PL,seaborn_whitegrid,"{'color_palette': 'deep', 'gridlines': 'standard', 'height_px': 750, 'image_format': 'png', 'image_path': 'data/benchmark/images/4pl_001_icc__seaborn_whitegrid.png', 'legend_position': 'right', 'line_width': 2.4, 'num_rendered_lines': 1, 'render_engine': 'seaborn', 'style_context': 'whitegrid', 'style_profile_id': 'seaborn_whitegrid', 'theme': 'light', 'tick_density': 'standard', 'width_px': 1125, 'x_axis': {'label': 'Ability (theta)', 'max': 4.0, 'min': -4.0}, 'y_axis': {'label': 'Probability of keyed response', 'max': 1.02, 'min': 0.0}}",seaborn,light
"{'a': 0.224, 'b': 0.2306, 'c': 0.1401, 'd': 0.2375, 'irt_model': {'expected': '4PL', 'observed': '4PL'}}",deterministic_reference_rubric_v1,"Parsed target JSON, compared fields to stored ground truth, and applied fixed rubric thresholds.",4pl_001_icc__seaborn_whitegrid__parameter_estimation__noisy__deterministic_judge,15,0.7333,True,4pl_001_icc__seaborn_whitegrid__parameter_estimation__noisy,"{'field_scores': {'a': 2, 'b': 2, 'c': 3, 'd': 2, 'irt_model': 1}, 'reasoning_score': 1}",4pl_001_icc__seaborn_whitegrid,local_noisy_baseline,4pl_001_icc__seaborn_whitegrid__parameter_estimation,11,parameter_estimation,dichotomous_icc,4PL,seaborn_whitegrid,"{'color_palette': 'deep', 'gridlines': 'standard', 'height_px': 750, 'image_format': 'png', 'image_path': 'data/benchmark/images/4pl_001_icc__seaborn_whitegrid.png', 'legend_position': 'right', 'line_width': 2.4, 'num_rendered_lines': 1, 'render_engine': 'seaborn', 'style_context': 'whitegrid', 'style_profile_id': 'seaborn_whitegrid', 'theme': 'light', 'tick_density': 'standard', 'width_px': 1125, 'x_axis': {'label': 'Ability (theta)', 'max': 4.0, 'min': -4.0}, 'y_axis': {'label': 'Probability of keyed response', 'max': 1.02, 'min': 0.0}}",seaborn,light
"{'a': 0.4569, 'b': 1.0133, 'c': 0.8125, 'd': 0.0914, 'irt_model': {'expected': '4PL', 'observed': '2PL'}}",deterministic_reference_rubric_v1,"Parsed target JSON, compared fields to stored ground truth, and applied fixed rubric thresholds.",4pl_001_icc__seaborn_whitegrid__parameter_estimation__blind__deterministic_judge,15,0.3333,True,4pl_001_icc__seaborn_whitegrid__parameter_estimation__blind,"{'field_scores': {'a': 1, 'b': 0, 'c': 0, 'd': 3, 'irt_model': 0}, 'reasoning_score': 1}",4pl_001_icc__seaborn_whitegrid,local_blind_baseline,4pl_001_icc__seaborn_whitegrid__parameter_estimation,5,parameter_estimation,dichotomous_icc,4PL,seaborn_whitegrid,"{'color_palette': 'deep', 'gridlines': 'standard', 'height_px': 750, 'image_format': 'png', 'image_path': 'data/benchmark/images/4pl_001_icc__seaborn_whitegrid.png', 'legend_position': 'right', 'line_width': 2.4, 'num_rendered_lines': 1, 'render_engine': 'seaborn', 'style_context': 'whitegrid', 'style_profile_id': 'seaborn_whitegrid', 'theme': 'light', 'tick_density': 'standard', 'width_px': 1125, 'x_axis': {'label': 'Ability (theta)', 'max': 4.0, 'min': -4.0}, 'y_axis': {'label': 'Probability of keyed response', 'max': 1.02, 'min': 0.0}}",seaborn,light
{'probability': 0.0},deterministic_reference_rubric_v1,"Parsed target JSON, compared fields to stored ground truth, and applied fixed rubric thresholds.",4pl_001_icc__seaborn_whitegrid__probability_at_theta_0.0__oracle__deterministic_judge,5,1.0,True,4pl_001_icc__seaborn_whitegrid__probability_at_theta_0.0__oracle,"{'field_scores': {'probability': 3}, 'reasoning_score': 2}",4pl_001_icc__seaborn_whitegrid,local_oracle_baseline,4pl_001_icc__seaborn_whitegrid__probability_at_theta_0.0,5,probability_at_theta_0.0,dichotomous_icc,4PL,seaborn_whitegrid,"{'color_palette': 'deep', 'gridlines': 'standard', 'height_px': 750, 'image_format': 'png', 'image_path': 'data/benchmark/images/4pl_001_icc__seaborn_whitegrid.png', 'legend_position': 'right', 'line_width': 2.4, 'num_rendered_lines': 1, 'render_engine': 'seaborn', 'style_context': 'whitegrid', 'style_profile_id': 'seaborn_whitegrid', 'theme': 'light', 'tick_density': 'standard', 'width_px': 1125, 'x_axis': {'label': 'Ability (theta)', 'max': 4.0, 'min': -4.0}, 'y_axis': {'label': 'Probability of keyed response', 'max': 1.02, 'min': 0.0}}",seaborn,light
{'probability': 0.0221},deterministic_reference_rubric_v1,"Parsed target JSON, compared fields to stored ground truth, and applied fixed rubric thresholds.",4pl_001_icc__seaborn_whitegrid__probability_at_theta_0.0__noisy__deterministic_judge,5,0.8,True,4pl_001_icc__seaborn_whitegrid__probability_at_theta_0.0__noisy,"{'field_scores': {'probability': 3}, 'reasoning_score': 1}",4pl_001_icc__seaborn_whitegrid,local_noisy_baseline,4pl_001_icc__seaborn_whitegrid__probability_at_theta_0.0,4,probability_at_theta_0.0,dichotomous_icc,4PL,seaborn_whitegrid,"{'color_palette': 'deep', 'gridlines': 'standard', 'height_px': 750, 'image_format': 'png', 'image_path': 'data/benchmark/images/4pl_001_icc__seaborn_whitegrid.png', 'legend_position': 'right', 'line_width': 2.4, 'num_rendered_lines': 1, 'render_engine': 'seaborn', 'style_context': 'whitegrid', 'style_profile_id': 'seaborn_whitegrid', 'theme': 'light', 'tick_density': 'standard', 'width_px': 1125, 'x_axis': {'label': 'Ability (theta)', 'max': 4.0, 'min': -4.0}, 'y_axis': {'label': 'Probability of keyed response', 'max': 1.02, 'min': 0.0}}",seaborn,light
{'probability': 0.6002},deterministic_reference_rubric_v1,"Parsed target JSON, compared fields to stored ground truth, and applied fixed rubric thresholds.",4pl_001_icc__seaborn_whitegrid__probability_at_theta_0.0__blind__deterministic_judge,5,0.2,True,4pl_001_icc__seaborn_whitegrid__probability_at_theta_0.0__blind,"{'field_scores': {'probability': 0}, 'reasoning_score': 1}",4pl_001_icc__seaborn_whitegrid,local_blind_baseline,4pl_001_icc__seaborn_whitegrid__probability_at_theta_0.0,1,probability_at_theta_0.0,dichotomous_icc,4PL,seaborn_whitegrid,"{'color_palette': 'deep', 'gridlines': 'standard', 'height_px': 750, 'image_format': 'png', 'image_path': 'data/benchmark/images/4pl_001_icc__seaborn_whitegrid.png', 'legend_position': 'right', 'line_width': 2.4, 'num_rendered_lines': 1, 'render_engine': 'seaborn', 'style_context': 'whitegrid', 'style_profile_id': 'seaborn_whitegrid', 'theme': 'light', 'tick_density': 'standard', 'width_px': 1125, 'x_axis': {'label': 'Ability (theta)', 'max': 4.0, 'min': -4.0}, 'y_axis': {'label': 'Probability of keyed response', 'max': 1.02, 'min': 0.0}}",seaborn,light
"{'irt_model': {'expected': '4PL', 'observed': '4PL'}}",deterministic_reference_rubric_v1,"Parsed target JSON, compared fields to stored ground truth, and applied fixed rubric thresholds.",4pl_001_icc__ggplot_gray__model_identification__oracle__deterministic_judge,3,1.0,True,4pl_001_icc__ggplot_gray__model_identification__oracle,"{'field_scores': {'irt_model': 1}, 'reasoning_score': 2}",4pl_001_icc__ggplot_gray,local_oracle_baseline,4pl_001_icc__ggplot_gray__model_identification,3,model_identification,dichotomous_icc,4PL,ggplot_gray,"{'color_palette': 'muted', 'gridlines': 'heavy', 'height_px': 750, 'image_format': 'png', 'image_path': 'data/benchmark/images/4pl_001_icc__ggplot_gray.png', 'legend_position': 'best', 'line_width': 2.2, 'num_rendered_lines': 1, 'render_engine': 'matplotlib_ggplot_style', 'style_context': 'ggplot', 'style_profile_id': 'ggplot_gray', 'theme': 'light', 'tick_density': 'dense', 'width_px': 1125, 'x_axis': {'label': 'Ability (theta)', 'max': 4.0, 'min': -4.0}, 'y_axis': {'label': 'Probability of keyed response', 'max': 1.02, 'min': 0.0}}",matplotlib_ggplot_style,light
"{'irt_model': {'expected': '4PL', 'observed': '4PL'}}",deterministic_reference_rubric_v1,"Parsed target JSON, compared fields to stored ground truth, and applied fixed rubric thresholds.",4pl_001_icc__ggplot_gray__model_identification__noisy__deterministic_judge,3,0.6667,True,4pl_001_icc__ggplot_gray__model_identification__noisy,"{'field_scores': {'irt_model': 1}, 'reasoning_score': 1}",4pl_001_icc__ggplot_gray,local_noisy_baseline,4pl_001_icc__ggplot_gray__model_identification,2,model_identification,dichotomous_icc,4PL,ggplot_gray,"{'color_palette': 'muted', 'gridlines': 'heavy', 'height_px': 750, 'image_format': 'png', 'image_path': 'data/benchmark/images/4pl_001_icc__ggplot_gray.png', 'legend_position': 'best', 'line_width': 2.2, 'num_rendered_lines': 1, 'render_engine': 'matplotlib_ggplot_style', 'style_context': 'ggplot', 'style_profile_id': 'ggplot_gray', 'theme': 'light', 'tick_density': 'dense', 'width_px': 1125, 'x_axis': {'label': 'Ability (theta)', 'max': 4.0, 'min': -4.0}, 'y_axis': {'label': 'Probability of keyed response', 'max': 1.02, 'min': 0.0}}",matplotlib_ggplot_style,light
"{'irt_model': {'expected': '4PL', 'observed': '2PL'}}",deterministic_reference_rubric_v1,"Parsed target JSON, compared fields to stored ground truth, and applied fixed rubric thresholds.",4pl_001_icc__ggplot_gray__model_identification__blind__deterministic_judge,3,0.3333,True,4pl_001_icc__ggplot_gray__model_identification__blind,"{'field_scores': {'irt_model': 0}, 'reasoning_score': 1}",4pl_001_icc__ggplot_gray,local_blind_baseline,4pl_001_icc__ggplot_gray__model_identification,1,model_identification,dichotomous_icc,4PL,ggplot_gray,"{'color_palette': 'muted', 'gridlines': 'heavy', 'height_px': 750, 'image_format': 'png', 'image_path': 'data/benchmark/images/4pl_001_icc__ggplot_gray.png', 'legend_position': 'best', 'line_width': 2.2, 'num_rendered_lines': 1, 'render_engine': 'matplotlib_ggplot_style', 'style_context': 'ggplot', 'style_profile_id': 'ggplot_gray', 'theme': 'light', 'tick_density': 'dense', 'width_px': 1125, 'x_axis': {'label': 'Ability (theta)', 'max': 4.0, 'min': -4.0}, 'y_axis': {'label': 'Probability of keyed response', 'max': 1.02, 'min': 0.0}}",matplotlib_ggplot_style,light
"{'a': 0.0, 'b': 0.0, 'c': 0.0, 'd': 0.0, 'irt_model': {'expected': '4PL', 'observed': '4PL'}}",deterministic_reference_rubric_v1,"Parsed target JSON, compared fields to stored ground truth, and applied fixed rubric thresholds.",4pl_001_icc__ggplot_gray__parameter_estimation__oracle__deterministic_judge,15,1.0,True,4pl_001_icc__ggplot_gray__parameter_estimation__oracle,"{'field_scores': {'a': 3, 'b': 3, 'c': 3, 'd': 3, 'irt_model': 1}, 'reasoning_score': 2}",4pl_001_icc__ggplot_gray,local_oracle_baseline,4pl_001_icc__ggplot_gray__parameter_estimation,15,parameter_estimation,dichotomous_icc,4PL,ggplot_gray,"{'color_palette': 'muted', 'gridlines': 'heavy', 'height_px': 750, 'image_format': 'png', 'image_path': 'data/benchmark/images/4pl_001_icc__ggplot_gray.png', 'legend_position': 'best', 'line_width': 2.2, 'num_rendered_lines': 1, 'render_engine': 'matplotlib_ggplot_style', 'style_context': 'ggplot', 'style_profile_id': 'ggplot_gray', 'theme': 'light', 'tick_density': 'dense', 'width_px': 1125, 'x_axis': {'label': 'Ability (theta)', 'max': 4.0, 'min': -4.0}, 'y_axis': {'label': 'Probability of keyed response', 'max': 1.02, 'min': 0.0}}",matplotlib_ggplot_style,light
"{'a': 0.0474, 'b': 0.1688, 'c': 0.4141, 'd': 0.1761, 'irt_model': {'expected': '4PL', 'observed': '4PL'}}",deterministic_reference_rubric_v1,"Parsed target JSON, compared fields to stored ground truth, and applied fixed rubric thresholds.",4pl_001_icc__ggplot_gray__parameter_estimation__noisy__deterministic_judge,15,0.6667,True,4pl_001_icc__ggplot_gray__parameter_estimation__noisy,"{'field_scores': {'a': 3, 'b': 2, 'c': 1, 'd': 2, 'irt_model': 1}, 'reasoning_score': 1}",4pl_001_icc__ggplot_gray,local_noisy_baseline,4pl_001_icc__ggplot_gray__parameter_estimation,10,parameter_estimation,dichotomous_icc,4PL,ggplot_gray,"{'color_palette': 'muted', 'gridlines': 'heavy', 'height_px': 750, 'image_format': 'png', 'image_path': 'data/benchmark/images/4pl_001_icc__ggplot_gray.png', 'legend_position': 'best', 'line_width': 2.2, 'num_rendered_lines': 1, 'render_engine': 'matplotlib_ggplot_style', 'style_context': 'ggplot', 'style_profile_id': 'ggplot_gray', 'theme': 'light', 'tick_density': 'dense', 'width_px': 1125, 'x_axis': {'label': 'Ability (theta)', 'max': 4.0, 'min': -4.0}, 'y_axis': {'label': 'Probability of keyed response', 'max': 1.02, 'min': 0.0}}",matplotlib_ggplot_style,light
"{'a': 0.6252, 'b': 0.028, 'c': 0.5524, 'd': 0.5801, 'irt_model': {'expected': '4PL', 'observed': '2PL'}}",deterministic_reference_rubric_v1,"Parsed target JSON, compared fields to stored ground truth, and applied fixed rubric thresholds.",4pl_001_icc__ggplot_gray__parameter_estimation__blind__deterministic_judge,15,0.2667,True,4pl_001_icc__ggplot_gray__parameter_estimation__blind,"{'field_scores': {'a': 0, 'b': 3, 'c': 0, 'd': 0, 'irt_model': 0}, 'reasoning_score': 1}",4pl_001_icc__ggplot_gray,local_blind_baseline,4pl_001_icc__ggplot_gray__parameter_estimation,4,parameter_estimation,dichotomous_icc,4PL,ggplot_gray,"{'color_palette': 'muted', 'gridlines': 'heavy', 'height_px': 750, 'image_format': 'png', 'image_path': 'data/benchmark/images/4pl_001_icc__ggplot_gray.png', 'legend_position': 'best', 'line_width': 2.2, 'num_rendered_lines': 1, 'render_engine': 'matplotlib_ggplot_style', 'style_context': 'ggplot', 'style_profile_id': 'ggplot_gray', 'theme': 'light', 'tick_density': 'dense', 'width_px': 1125, 'x_axis': {'label': 'Ability (theta)', 'max': 4.0, 'min': -4.0}, 'y_axis': {'label': 'Probability of keyed response', 'max': 1.02, 'min': 0.0}}",matplotlib_ggplot_style,light
{'probability': 0.0},deterministic_reference_rubric_v1,"Parsed target JSON, compared fields to stored ground truth, and applied fixed rubric thresholds.",4pl_001_icc__ggplot_gray__probability_at_theta_0.0__oracle__deterministic_judge,5,1.0,True,4pl_001_icc__ggplot_gray__probability_at_theta_0.0__oracle,"{'field_scores': {'probability': 3}, 'reasoning_score': 2}",4pl_001_icc__ggplot_gray,local_oracle_baseline,4pl_001_icc__ggplot_gray__probability_at_theta_0.0,5,probability_at_theta_0.0,dichotomous_icc,4PL,ggplot_gray,"{'color_palette': 'muted', 'gridlines': 'heavy', 'height_px': 750, 'image_format': 'png', 'image_path': 'data/benchmark/images/4pl_001_icc__ggplot_gray.png', 'legend_position': 'best', 'line_width': 2.2, 'num_rendered_lines': 1, 'render_engine': 'matplotlib_ggplot_style', 'style_context': 'ggplot', 'style_profile_id': 'ggplot_gray', 'theme': 'light', 'tick_density': 'dense', 'width_px': 1125, 'x_axis': {'label': 'Ability (theta)', 'max': 4.0, 'min': -4.0}, 'y_axis': {'label': 'Probability of keyed response', 'max': 1.02, 'min': 0.0}}",matplotlib_ggplot_style,light
{'probability': 0.0221},deterministic_reference_rubric_v1,"Parsed target JSON, compared fields to stored ground truth, and applied fixed rubric thresholds.",4pl_001_icc__ggplot_gray__probability_at_theta_0.0__noisy__deterministic_judge,5,0.8,True,4pl_001_icc__ggplot_gray__probability_at_theta_0.0__noisy,"{'field_scores': {'probability': 3}, 'reasoning_score': 1}",4pl_001_icc__ggplot_gray,local_noisy_baseline,4pl_001_icc__ggplot_gray__probability_at_theta_0.0,4,probability_at_theta_0.0,dichotomous_icc,4PL,ggplot_gray,"{'color_palette': 'muted', 'gridlines': 'heavy', 'height_px': 750, 'image_format': 'png', 'image_path': 'data/benchmark/images/4pl_001_icc__ggplot_gray.png', 'legend_position': 'best', 'line_width': 2.2, 'num_rendered_lines': 1, 'render_engine': 'matplotlib_ggplot_style', 'style_context': 'ggplot', 'style_profile_id': 'ggplot_gray', 'theme': 'light', 'tick_density': 'dense', 'width_px': 1125, 'x_axis': {'label': 'Ability (theta)', 'max': 4.0, 'min': -4.0}, 'y_axis': {'label': 'Probability of keyed response', 'max': 1.02, 'min': 0.0}}",matplotlib_ggplot_style,light
{'probability': 1.3055},deterministic_reference_rubric_v1,"Parsed target JSON, compared fields to stored ground truth, and applied fixed rubric thresholds.",4pl_001_icc__ggplot_gray__probability_at_theta_0.0__blind__deterministic_judge,5,0.2,True,4pl_001_icc__ggplot_gray__probability_at_theta_0.0__blind,"{'field_scores': {'probability': 0}, 'reasoning_score': 1}",4pl_001_icc__ggplot_gray,local_blind_baseline,4pl_001_icc__ggplot_gray__probability_at_theta_0.0,1,probability_at_theta_0.0,dichotomous_icc,4PL,ggplot_gray,"{'color_palette': 'muted', 'gridlines': 'heavy', 'height_px': 750, 'image_format': 'png', 'image_path': 'data/benchmark/images/4pl_001_icc__ggplot_gray.png', 'legend_position': 'best', 'line_width': 2.2, 'num_rendered_lines': 1, 'render_engine': 'matplotlib_ggplot_style', 'style_context': 'ggplot', 'style_profile_id': 'ggplot_gray', 'theme': 'light', 'tick_density': 'dense', 'width_px': 1125, 'x_axis': {'label': 'Ability (theta)', 'max': 4.0, 'min': -4.0}, 'y_axis': {'label': 'Probability of keyed response', 'max': 1.02, 'min': 0.0}}",matplotlib_ggplot_style,light
"{'irt_model': {'expected': '4PL', 'observed': '4PL'}}",deterministic_reference_rubric_v1,"Parsed target JSON, compared fields to stored ground truth, and applied fixed rubric thresholds.",4pl_001_icc__grayscale_no_grid__model_identification__oracle__deterministic_judge,3,1.0,True,4pl_001_icc__grayscale_no_grid__model_identification__oracle,"{'field_scores': {'irt_model': 1}, 'reasoning_score': 2}",4pl_001_icc__grayscale_no_grid,local_oracle_baseline,4pl_001_icc__grayscale_no_grid__model_identification,3,model_identification,dichotomous_icc,4PL,grayscale_no_grid,"{'color_palette': 'grayscale', 'gridlines': 'none', 'height_px': 750, 'image_format': 'png', 'image_path': 'data/benchmark/images/4pl_001_icc__grayscale_no_grid.png', 'legend_position': 'bottom', 'line_width': 2.6, 'num_rendered_lines': 1, 'render_engine': 'matplotlib', 'style_context': 'default', 'style_profile_id': 'grayscale_no_grid', 'theme': 'light', 'tick_density': 'sparse', 'width_px': 1125, 'x_axis': {'label': 'Ability (theta)', 'max': 4.0, 'min': -4.0}, 'y_axis': {'label': 'Probability of keyed response', 'max': 1.02, 'min': 0.0}}",matplotlib,light
"{'irt_model': {'expected': '4PL', 'observed': '4PL'}}",deterministic_reference_rubric_v1,"Parsed target JSON, compared fields to stored ground truth, and applied fixed rubric thresholds.",4pl_001_icc__grayscale_no_grid__model_identification__noisy__deterministic_judge,3,0.6667,True,4pl_001_icc__grayscale_no_grid__model_identification__noisy,"{'field_scores': {'irt_model': 1}, 'reasoning_score': 1}",4pl_001_icc__grayscale_no_grid,local_noisy_baseline,4pl_001_icc__grayscale_no_grid__model_identification,2,model_identification,dichotomous_icc,4PL,grayscale_no_grid,"{'color_palette': 'grayscale', 'gridlines': 'none', 'height_px': 750, 'image_format': 'png', 'image_path': 'data/benchmark/images/4pl_001_icc__grayscale_no_grid.png', 'legend_position': 'bottom', 'line_width': 2.6, 'num_rendered_lines': 1, 'render_engine': 'matplotlib', 'style_context': 'default', 'style_profile_id': 'grayscale_no_grid', 'theme': 'light', 'tick_density': 'sparse', 'width_px': 1125, 'x_axis': {'label': 'Ability (theta)', 'max': 4.0, 'min': -4.0}, 'y_axis': {'label': 'Probability of keyed response', 'max': 1.02, 'min': 0.0}}",matplotlib,light
"{'irt_model': {'expected': '4PL', 'observed': '2PL'}}",deterministic_reference_rubric_v1,"Parsed target JSON, compared fields to stored ground truth, and applied fixed rubric thresholds.",4pl_001_icc__grayscale_no_grid__model_identification__blind__deterministic_judge,3,0.3333,True,4pl_001_icc__grayscale_no_grid__model_identification__blind,"{'field_scores': {'irt_model': 0}, 'reasoning_score': 1}",4pl_001_icc__grayscale_no_grid,local_blind_baseline,4pl_001_icc__grayscale_no_grid__model_identification,1,model_identification,dichotomous_icc,4PL,grayscale_no_grid,"{'color_palette': 'grayscale', 'gridlines': 'none', 'height_px': 750, 'image_format': 'png', 'image_path': 'data/benchmark/images/4pl_001_icc__grayscale_no_grid.png', 'legend_position': 'bottom', 'line_width': 2.6, 'num_rendered_lines': 1, 'render_engine': 'matplotlib', 'style_context': 'default', 'style_profile_id': 'grayscale_no_grid', 'theme': 'light', 'tick_density': 'sparse', 'width_px': 1125, 'x_axis': {'label': 'Ability (theta)', 'max': 4.0, 'min': -4.0}, 'y_axis': {'label': 'Probability of keyed response', 'max': 1.02, 'min': 0.0}}",matplotlib,light
"{'a': 0.0, 'b': 0.0, 'c': 0.0, 'd': 0.0, 'irt_model': {'expected': '4PL', 'observed': '4PL'}}",deterministic_reference_rubric_v1,"Parsed target JSON, compared fields to stored ground truth, and applied fixed rubric thresholds.",4pl_001_icc__grayscale_no_grid__parameter_estimation__oracle__deterministic_judge,15,1.0,True,4pl_001_icc__grayscale_no_grid__parameter_estimation__oracle,"{'field_scores': {'a': 3, 'b': 3, 'c': 3, 'd': 3, 'irt_model': 1}, 'reasoning_score': 2}",4pl_001_icc__grayscale_no_grid,local_oracle_baseline,4pl_001_icc__grayscale_no_grid__parameter_estimation,15,parameter_estimation,dichotomous_icc,4PL,grayscale_no_grid,"{'color_palette': 'grayscale', 'gridlines': 'none', 'height_px': 750, 'image_format': 'png', 'image_path': 'data/benchmark/images/4pl_001_icc__grayscale_no_grid.png', 'legend_position': 'bottom', 'line_width': 2.6, 'num_rendered_lines': 1, 'render_engine': 'matplotlib', 'style_context': 'default', 'style_profile_id': 'grayscale_no_grid', 'theme': 'light', 'tick_density': 'sparse', 'width_px': 1125, 'x_axis': {'label': 'Ability (theta)', 'max': 4.0, 'min': -4.0}, 'y_axis': {'label': 'Probability of keyed response', 'max': 1.02, 'min': 0.0}}",matplotlib,light
"{'a': 0.0976, 'b': 0.1891, 'c': 0.0499, 'd': 0.1693, 'irt_model': {'expected': '4PL', 'observed': '4PL'}}",deterministic_reference_rubric_v1,"Parsed target JSON, compared fields to stored ground truth, and applied fixed rubric thresholds.",4pl_001_icc__grayscale_no_grid__parameter_estimation__noisy__deterministic_judge,15,0.8,True,4pl_001_icc__grayscale_no_grid__parameter_estimation__noisy,"{'field_scores': {'a': 3, 'b': 2, 'c': 3, 'd': 2, 'irt_model': 1}, 'reasoning_score': 1}",4pl_001_icc__grayscale_no_grid,local_noisy_baseline,4pl_001_icc__grayscale_no_grid__parameter_estimation,12,parameter_estimation,dichotomous_icc,4PL,grayscale_no_grid,"{'color_palette': 'grayscale', 'gridlines': 'none', 'height_px': 750, 'image_format': 'png', 'image_path': 'data/benchmark/images/4pl_001_icc__grayscale_no_grid.png', 'legend_position': 'bottom', 'line_width': 2.6, 'num_rendered_lines': 1, 'render_engine': 'matplotlib', 'style_context': 'default', 'style_profile_id': 'grayscale_no_grid', 'theme': 'light', 'tick_density': 'sparse', 'width_px': 1125, 'x_axis': {'label': 'Ability (theta)', 'max': 4.0, 'min': -4.0}, 'y_axis': {'label': 'Probability of keyed response', 'max': 1.02, 'min': 0.0}}",matplotlib,light
"{'a': 0.5932, 'b': 0.9255, 'c': 0.9607, 'd': 0.7743, 'irt_model': {'expected': '4PL', 'observed': '2PL'}}",deterministic_reference_rubric_v1,"Parsed target JSON, compared fields to stored ground truth, and applied fixed rubric thresholds.",4pl_001_icc__grayscale_no_grid__parameter_estimation__blind__deterministic_judge,15,0.0667,True,4pl_001_icc__grayscale_no_grid__parameter_estimation__blind,"{'field_scores': {'a': 0, 'b': 0, 'c': 0, 'd': 0, 'irt_model': 0}, 'reasoning_score': 1}",4pl_001_icc__grayscale_no_grid,local_blind_baseline,4pl_001_icc__grayscale_no_grid__parameter_estimation,1,parameter_estimation,dichotomous_icc,4PL,grayscale_no_grid,"{'color_palette': 'grayscale', 'gridlines': 'none', 'height_px': 750, 'image_format': 'png', 'image_path': 'data/benchmark/images/4pl_001_icc__grayscale_no_grid.png', 'legend_position': 'bottom', 'line_width': 2.6, 'num_rendered_lines': 1, 'render_engine': 'matplotlib', 'style_context': 'default', 'style_profile_id': 'grayscale_no_grid', 'theme': 'light', 'tick_density': 'sparse', 'width_px': 1125, 'x_axis': {'label': 'Ability (theta)', 'max': 4.0, 'min': -4.0}, 'y_axis': {'label': 'Probability of keyed response', 'max': 1.02, 'min': 0.0}}",matplotlib,light
{'probability': 0.0},deterministic_reference_rubric_v1,"Parsed target JSON, compared fields to stored ground truth, and applied fixed rubric thresholds.",4pl_001_icc__grayscale_no_grid__probability_at_theta_0.0__oracle__deterministic_judge,5,1.0,True,4pl_001_icc__grayscale_no_grid__probability_at_theta_0.0__oracle,"{'field_scores': {'probability': 3}, 'reasoning_score': 2}",4pl_001_icc__grayscale_no_grid,local_oracle_baseline,4pl_001_icc__grayscale_no_grid__probability_at_theta_0.0,5,probability_at_theta_0.0,dichotomous_icc,4PL,grayscale_no_grid,"{'color_palette': 'grayscale', 'gridlines': 'none', 'height_px': 750, 'image_format': 'png', 'image_path': 'data/benchmark/images/4pl_001_icc__grayscale_no_grid.png', 'legend_position': 'bottom', 'line_width': 2.6, 'num_rendered_lines': 1, 'render_engine': 'matplotlib', 'style_context': 'default', 'style_profile_id': 'grayscale_no_grid', 'theme': 'light', 'tick_density': 'sparse', 'width_px': 1125, 'x_axis': {'label': 'Ability (theta)', 'max': 4.0, 'min': -4.0}, 'y_axis': {'label': 'Probability of keyed response', 'max': 1.02, 'min': 0.0}}",matplotlib,light
{'probability': 0.0296},deterministic_reference_rubric_v1,"Parsed target JSON, compared fields to stored ground truth, and applied fixed rubric thresholds.",4pl_001_icc__grayscale_no_grid__probability_at_theta_0.0__noisy__deterministic_judge,5,0.8,True,4pl_001_icc__grayscale_no_grid__probability_at_theta_0.0__noisy,"{'field_scores': {'probability': 3}, 'reasoning_score': 1}",4pl_001_icc__grayscale_no_grid,local_noisy_baseline,4pl_001_icc__grayscale_no_grid__probability_at_theta_0.0,4,probability_at_theta_0.0,dichotomous_icc,4PL,grayscale_no_grid,"{'color_palette': 'grayscale', 'gridlines': 'none', 'height_px': 750, 'image_format': 'png', 'image_path': 'data/benchmark/images/4pl_001_icc__grayscale_no_grid.png', 'legend_position': 'bottom', 'line_width': 2.6, 'num_rendered_lines': 1, 'render_engine': 'matplotlib', 'style_context': 'default', 'style_profile_id': 'grayscale_no_grid', 'theme': 'light', 'tick_density': 'sparse', 'width_px': 1125, 'x_axis': {'label': 'Ability (theta)', 'max': 4.0, 'min': -4.0}, 'y_axis': {'label': 'Probability of keyed response', 'max': 1.02, 'min': 0.0}}",matplotlib,light
{'probability': 1.0779},deterministic_reference_rubric_v1,"Parsed target JSON, compared fields to stored ground truth, and applied fixed rubric thresholds.",4pl_001_icc__grayscale_no_grid__probability_at_theta_0.0__blind__deterministic_judge,5,0.2,True,4pl_001_icc__grayscale_no_grid__probability_at_theta_0.0__blind,"{'field_scores': {'probability': 0}, 'reasoning_score': 1}",4pl_001_icc__grayscale_no_grid,local_blind_baseline,4pl_001_icc__grayscale_no_grid__probability_at_theta_0.0,1,probability_at_theta_0.0,dichotomous_icc,4PL,grayscale_no_grid,"{'color_palette': 'grayscale', 'gridlines': 'none', 'height_px': 750, 'image_format': 'png', 'image_path': 'data/benchmark/images/4pl_001_icc__grayscale_no_grid.png', 'legend_position': 'bottom', 'line_width': 2.6, 'num_rendered_lines': 1, 'render_engine': 'matplotlib', 'style_context': 'default', 'style_profile_id': 'grayscale_no_grid', 'theme': 'light', 'tick_density': 'sparse', 'width_px': 1125, 'x_axis': {'label': 'Ability (theta)', 'max': 4.0, 'min': -4.0}, 'y_axis': {'label': 'Probability of keyed response', 'max': 1.02, 'min': 0.0}}",matplotlib,light
"{'irt_model': {'expected': '4PL', 'observed': '4PL'}}",deterministic_reference_rubric_v1,"Parsed target JSON, compared fields to stored ground truth, and applied fixed rubric thresholds.",4pl_001_icc__dark_high_contrast__model_identification__oracle__deterministic_judge,3,1.0,True,4pl_001_icc__dark_high_contrast__model_identification__oracle,"{'field_scores': {'irt_model': 1}, 'reasoning_score': 2}",4pl_001_icc__dark_high_contrast,local_oracle_baseline,4pl_001_icc__dark_high_contrast__model_identification,3,model_identification,dichotomous_icc,4PL,dark_high_contrast,"{'color_palette': 'bright', 'gridlines': 'faint', 'height_px': 750, 'image_format': 'png', 'image_path': 'data/benchmark/images/4pl_001_icc__dark_high_contrast.png', 'legend_position': 'best', 'line_width': 2.6, 'num_rendered_lines': 1, 'render_engine': 'matplotlib', 'style_context': 'dark_background', 'style_profile_id': 'dark_high_contrast', 'theme': 'dark', 'tick_density': 'standard', 'width_px': 1125, 'x_axis': {'label': 'Ability (theta)', 'max': 4.0, 'min': -4.0}, 'y_axis': {'label': 'Probability of keyed response', 'max': 1.02, 'min': 0.0}}",matplotlib,dark
"{'irt_model': {'expected': '4PL', 'observed': '4PL'}}",deterministic_reference_rubric_v1,"Parsed target JSON, compared fields to stored ground truth, and applied fixed rubric thresholds.",4pl_001_icc__dark_high_contrast__model_identification__noisy__deterministic_judge,3,0.6667,True,4pl_001_icc__dark_high_contrast__model_identification__noisy,"{'field_scores': {'irt_model': 1}, 'reasoning_score': 1}",4pl_001_icc__dark_high_contrast,local_noisy_baseline,4pl_001_icc__dark_high_contrast__model_identification,2,model_identification,dichotomous_icc,4PL,dark_high_contrast,"{'color_palette': 'bright', 'gridlines': 'faint', 'height_px': 750, 'image_format': 'png', 'image_path': 'data/benchmark/images/4pl_001_icc__dark_high_contrast.png', 'legend_position': 'best', 'line_width': 2.6, 'num_rendered_lines': 1, 'render_engine': 'matplotlib', 'style_context': 'dark_background', 'style_profile_id': 'dark_high_contrast', 'theme': 'dark', 'tick_density': 'standard', 'width_px': 1125, 'x_axis': {'label': 'Ability (theta)', 'max': 4.0, 'min': -4.0}, 'y_axis': {'label': 'Probability of keyed response', 'max': 1.02, 'min': 0.0}}",matplotlib,dark
"{'irt_model': {'expected': '4PL', 'observed': '2PL'}}",deterministic_reference_rubric_v1,"Parsed target JSON, compared fields to stored ground truth, and applied fixed rubric thresholds.",4pl_001_icc__dark_high_contrast__model_identification__blind__deterministic_judge,3,0.3333,True,4pl_001_icc__dark_high_contrast__model_identification__blind,"{'field_scores': {'irt_model': 0}, 'reasoning_score': 1}",4pl_001_icc__dark_high_contrast,local_blind_baseline,4pl_001_icc__dark_high_contrast__model_identification,1,model_identification,dichotomous_icc,4PL,dark_high_contrast,"{'color_palette': 'bright', 'gridlines': 'faint', 'height_px': 750, 'image_format': 'png', 'image_path': 'data/benchmark/images/4pl_001_icc__dark_high_contrast.png', 'legend_position': 'best', 'line_width': 2.6, 'num_rendered_lines': 1, 'render_engine': 'matplotlib', 'style_context': 'dark_background', 'style_profile_id': 'dark_high_contrast', 'theme': 'dark', 'tick_density': 'standard', 'width_px': 1125, 'x_axis': {'label': 'Ability (theta)', 'max': 4.0, 'min': -4.0}, 'y_axis': {'label': 'Probability of keyed response', 'max': 1.02, 'min': 0.0}}",matplotlib,dark
"{'a': 0.0, 'b': 0.0, 'c': 0.0, 'd': 0.0, 'irt_model': {'expected': '4PL', 'observed': '4PL'}}",deterministic_reference_rubric_v1,"Parsed target JSON, compared fields to stored ground truth, and applied fixed rubric thresholds.",4pl_001_icc__dark_high_contrast__parameter_estimation__oracle__deterministic_judge,15,1.0,True,4pl_001_icc__dark_high_contrast__parameter_estimation__oracle,"{'field_scores': {'a': 3, 'b': 3, 'c': 3, 'd': 3, 'irt_model': 1}, 'reasoning_score': 2}",4pl_001_icc__dark_high_contrast,local_oracle_baseline,4pl_001_icc__dark_high_contrast__parameter_estimation,15,parameter_estimation,dichotomous_icc,4PL,dark_high_contrast,"{'color_palette': 'bright', 'gridlines': 'faint', 'height_px': 750, 'image_format': 'png', 'image_path': 'data/benchmark/images/4pl_001_icc__dark_high_contrast.png', 'legend_position': 'best', 'line_width': 2.6, 'num_rendered_lines': 1, 'render_engine': 'matplotlib', 'style_context': 'dark_background', 'style_profile_id': 'dark_high_contrast', 'theme': 'dark', 'tick_density': 'standard', 'width_px': 1125, 'x_axis': {'label': 'Ability (theta)', 'max': 4.0, 'min': -4.0}, 'y_axis': {'label': 'Probability of keyed response', 'max': 1.02, 'min': 0.0}}",matplotlib,dark
"{'a': 0.0891, 'b': 0.3073, 'c': 0.2021, 'd': 0.1831, 'irt_model': {'expected': '4PL', 'observed': '4PL'}}",deterministic_reference_rubric_v1,"Parsed target JSON, compared fields to stored ground truth, and applied fixed rubric thresholds.",4pl_001_icc__dark_high_contrast__parameter_estimation__noisy__deterministic_judge,15,0.6667,True,4pl_001_icc__dark_high_contrast__parameter_estimation__noisy,"{'field_scores': {'a': 3, 'b': 1, 'c': 2, 'd': 2, 'irt_model': 1}, 'reasoning_score': 1}",4pl_001_icc__dark_high_contrast,local_noisy_baseline,4pl_001_icc__dark_high_contrast__parameter_estimation,10,parameter_estimation,dichotomous_icc,4PL,dark_high_contrast,"{'color_palette': 'bright', 'gridlines': 'faint', 'height_px': 750, 'image_format': 'png', 'image_path': 'data/benchmark/images/4pl_001_icc__dark_high_contrast.png', 'legend_position': 'best', 'line_width': 2.6, 'num_rendered_lines': 1, 'render_engine': 'matplotlib', 'style_context': 'dark_background', 'style_profile_id': 'dark_high_contrast', 'theme': 'dark', 'tick_density': 'standard', 'width_px': 1125, 'x_axis': {'label': 'Ability (theta)', 'max': 4.0, 'min': -4.0}, 'y_axis': {'label': 'Probability of keyed response', 'max': 1.02, 'min': 0.0}}",matplotlib,dark
"{'a': 0.3233, 'b': 0.1148, 'c': 1.6803, 'd': 0.9212, 'irt_model': {'expected': '4PL', 'observed': '2PL'}}",deterministic_reference_rubric_v1,"Parsed target JSON, compared fields to stored ground truth, and applied fixed rubric thresholds.",4pl_001_icc__dark_high_contrast__parameter_estimation__blind__deterministic_judge,15,0.3333,True,4pl_001_icc__dark_high_contrast__parameter_estimation__blind,"{'field_scores': {'a': 1, 'b': 3, 'c': 0, 'd': 0, 'irt_model': 0}, 'reasoning_score': 1}",4pl_001_icc__dark_high_contrast,local_blind_baseline,4pl_001_icc__dark_high_contrast__parameter_estimation,5,parameter_estimation,dichotomous_icc,4PL,dark_high_contrast,"{'color_palette': 'bright', 'gridlines': 'faint', 'height_px': 750, 'image_format': 'png', 'image_path': 'data/benchmark/images/4pl_001_icc__dark_high_contrast.png', 'legend_position': 'best', 'line_width': 2.6, 'num_rendered_lines': 1, 'render_engine': 'matplotlib', 'style_context': 'dark_background', 'style_profile_id': 'dark_high_contrast', 'theme': 'dark', 'tick_density': 'standard', 'width_px': 1125, 'x_axis': {'label': 'Ability (theta)', 'max': 4.0, 'min': -4.0}, 'y_axis': {'label': 'Probability of keyed response', 'max': 1.02, 'min': 0.0}}",matplotlib,dark
{'probability': 0.0},deterministic_reference_rubric_v1,"Parsed target JSON, compared fields to stored ground truth, and applied fixed rubric thresholds.",4pl_001_icc__dark_high_contrast__probability_at_theta_0.0__oracle__deterministic_judge,5,1.0,True,4pl_001_icc__dark_high_contrast__probability_at_theta_0.0__oracle,"{'field_scores': {'probability': 3}, 'reasoning_score': 2}",4pl_001_icc__dark_high_contrast,local_oracle_baseline,4pl_001_icc__dark_high_contrast__probability_at_theta_0.0,5,probability_at_theta_0.0,dichotomous_icc,4PL,dark_high_contrast,"{'color_palette': 'bright', 'gridlines': 'faint', 'height_px': 750, 'image_format': 'png', 'image_path': 'data/benchmark/images/4pl_001_icc__dark_high_contrast.png', 'legend_position': 'best', 'line_width': 2.6, 'num_rendered_lines': 1, 'render_engine': 'matplotlib', 'style_context': 'dark_background', 'style_profile_id': 'dark_high_contrast', 'theme': 'dark', 'tick_density': 'standard', 'width_px': 1125, 'x_axis': {'label': 'Ability (theta)', 'max': 4.0, 'min': -4.0}, 'y_axis': {'label': 'Probability of keyed response', 'max': 1.02, 'min': 0.0}}",matplotlib,dark
{'probability': 0.0542},deterministic_reference_rubric_v1,"Parsed target JSON, compared fields to stored ground truth, and applied fixed rubric thresholds.",4pl_001_icc__dark_high_contrast__probability_at_theta_0.0__noisy__deterministic_judge,5,0.6,True,4pl_001_icc__dark_high_contrast__probability_at_theta_0.0__noisy,"{'field_scores': {'probability': 2}, 'reasoning_score': 1}",4pl_001_icc__dark_high_contrast,local_noisy_baseline,4pl_001_icc__dark_high_contrast__probability_at_theta_0.0,3,probability_at_theta_0.0,dichotomous_icc,4PL,dark_high_contrast,"{'color_palette': 'bright', 'gridlines': 'faint', 'height_px': 750, 'image_format': 'png', 'image_path': 'data/benchmark/images/4pl_001_icc__dark_high_contrast.png', 'legend_position': 'best', 'line_width': 2.6, 'num_rendered_lines': 1, 'render_engine': 'matplotlib', 'style_context': 'dark_background', 'style_profile_id': 'dark_high_contrast', 'theme': 'dark', 'tick_density': 'standard', 'width_px': 1125, 'x_axis': {'label': 'Ability (theta)', 'max': 4.0, 'min': -4.0}, 'y_axis': {'label': 'Probability of keyed response', 'max': 1.02, 'min': 0.0}}",matplotlib,dark
{'probability': 0.1492},deterministic_reference_rubric_v1,"Parsed target JSON, compared fields to stored ground truth, and applied fixed rubric thresholds.",4pl_001_icc__dark_high_contrast__probability_at_theta_0.0__blind__deterministic_judge,5,0.4,True,4pl_001_icc__dark_high_contrast__probability_at_theta_0.0__blind,"{'field_scores': {'probability': 1}, 'reasoning_score': 1}",4pl_001_icc__dark_high_contrast,local_blind_baseline,4pl_001_icc__dark_high_contrast__probability_at_theta_0.0,2,probability_at_theta_0.0,dichotomous_icc,4PL,dark_high_contrast,"{'color_palette': 'bright', 'gridlines': 'faint', 'height_px': 750, 'image_format': 'png', 'image_path': 'data/benchmark/images/4pl_001_icc__dark_high_contrast.png', 'legend_position': 'best', 'line_width': 2.6, 'num_rendered_lines': 1, 'render_engine': 'matplotlib', 'style_context': 'dark_background', 'style_profile_id': 'dark_high_contrast', 'theme': 'dark', 'tick_density': 'standard', 'width_px': 1125, 'x_axis': {'label': 'Ability (theta)', 'max': 4.0, 'min': -4.0}, 'y_axis': {'label': 'Probability of keyed response', 'max': 1.02, 'min': 0.0}}",matplotlib,dark
"{'irt_model': {'expected': '4PL', 'observed': '4PL'}}",deterministic_reference_rubric_v1,"Parsed target JSON, compared fields to stored ground truth, and applied fixed rubric thresholds.",4pl_001_icc__lattice_emulation__model_identification__oracle__deterministic_judge,3,1.0,True,4pl_001_icc__lattice_emulation__model_identification__oracle,"{'field_scores': {'irt_model': 1}, 'reasoning_score': 2}",4pl_001_icc__lattice_emulation,local_oracle_baseline,4pl_001_icc__lattice_emulation__model_identification,3,model_identification,dichotomous_icc,4PL,lattice_emulation,"{'color_palette': 'colorblind', 'gridlines': 'faint', 'height_px': 750, 'image_format': 'png', 'image_path': 'data/benchmark/images/4pl_001_icc__lattice_emulation.png', 'legend_position': 'outside', 'line_width': 2.0, 'num_rendered_lines': 1, 'render_engine': 'matplotlib_lattice_emulation', 'style_context': 'classic', 'style_profile_id': 'lattice_emulation', 'theme': 'light', 'tick_density': 'standard', 'width_px': 1125, 'x_axis': {'label': 'Ability (theta)', 'max': 4.0, 'min': -4.0}, 'y_axis': {'label': 'Probability of keyed response', 'max': 1.02, 'min': 0.0}}",matplotlib_lattice_emulation,light
"{'irt_model': {'expected': '4PL', 'observed': '4PL'}}",deterministic_reference_rubric_v1,"Parsed target JSON, compared fields to stored ground truth, and applied fixed rubric thresholds.",4pl_001_icc__lattice_emulation__model_identification__noisy__deterministic_judge,3,0.6667,True,4pl_001_icc__lattice_emulation__model_identification__noisy,"{'field_scores': {'irt_model': 1}, 'reasoning_score': 1}",4pl_001_icc__lattice_emulation,local_noisy_baseline,4pl_001_icc__lattice_emulation__model_identification,2,model_identification,dichotomous_icc,4PL,lattice_emulation,"{'color_palette': 'colorblind', 'gridlines': 'faint', 'height_px': 750, 'image_format': 'png', 'image_path': 'data/benchmark/images/4pl_001_icc__lattice_emulation.png', 'legend_position': 'outside', 'line_width': 2.0, 'num_rendered_lines': 1, 'render_engine': 'matplotlib_lattice_emulation', 'style_context': 'classic', 'style_profile_id': 'lattice_emulation', 'theme': 'light', 'tick_density': 'standard', 'width_px': 1125, 'x_axis': {'label': 'Ability (theta)', 'max': 4.0, 'min': -4.0}, 'y_axis': {'label': 'Probability of keyed response', 'max': 1.02, 'min': 0.0}}",matplotlib_lattice_emulation,light
"{'irt_model': {'expected': '4PL', 'observed': '2PL'}}",deterministic_reference_rubric_v1,"Parsed target JSON, compared fields to stored ground truth, and applied fixed rubric thresholds.",4pl_001_icc__lattice_emulation__model_identification__blind__deterministic_judge,3,0.3333,True,4pl_001_icc__lattice_emulation__model_identification__blind,"{'field_scores': {'irt_model': 0}, 'reasoning_score': 1}",4pl_001_icc__lattice_emulation,local_blind_baseline,4pl_001_icc__lattice_emulation__model_identification,1,model_identification,dichotomous_icc,4PL,lattice_emulation,"{'color_palette': 'colorblind', 'gridlines': 'faint', 'height_px': 750, 'image_format': 'png', 'image_path': 'data/benchmark/images/4pl_001_icc__lattice_emulation.png', 'legend_position': 'outside', 'line_width': 2.0, 'num_rendered_lines': 1, 'render_engine': 'matplotlib_lattice_emulation', 'style_context': 'classic', 'style_profile_id': 'lattice_emulation', 'theme': 'light', 'tick_density': 'standard', 'width_px': 1125, 'x_axis': {'label': 'Ability (theta)', 'max': 4.0, 'min': -4.0}, 'y_axis': {'label': 'Probability of keyed response', 'max': 1.02, 'min': 0.0}}",matplotlib_lattice_emulation,light
"{'a': 0.0, 'b': 0.0, 'c': 0.0, 'd': 0.0, 'irt_model': {'expected': '4PL', 'observed': '4PL'}}",deterministic_reference_rubric_v1,"Parsed target JSON, compared fields to stored ground truth, and applied fixed rubric thresholds.",4pl_001_icc__lattice_emulation__parameter_estimation__oracle__deterministic_judge,15,1.0,True,4pl_001_icc__lattice_emulation__parameter_estimation__oracle,"{'field_scores': {'a': 3, 'b': 3, 'c': 3, 'd': 3, 'irt_model': 1}, 'reasoning_score': 2}",4pl_001_icc__lattice_emulation,local_oracle_baseline,4pl_001_icc__lattice_emulation__parameter_estimation,15,parameter_estimation,dichotomous_icc,4PL,lattice_emulation,"{'color_palette': 'colorblind', 'gridlines': 'faint', 'height_px': 750, 'image_format': 'png', 'image_path': 'data/benchmark/images/4pl_001_icc__lattice_emulation.png', 'legend_position': 'outside', 'line_width': 2.0, 'num_rendered_lines': 1, 'render_engine': 'matplotlib_lattice_emulation', 'style_context': 'classic', 'style_profile_id': 'lattice_emulation', 'theme': 'light', 'tick_density': 'standard', 'width_px': 1125, 'x_axis': {'label': 'Ability (theta)', 'max': 4.0, 'min': -4.0}, 'y_axis': {'label': 'Probability of keyed response', 'max': 1.02, 'min': 0.0}}",matplotlib_lattice_emulation,light
"{'a': 0.2142, 'b': 0.0764, 'c': 0.0492, 'd': 0.1471, 'irt_model': {'expected': '4PL', 'observed': '4PL'}}",deterministic_reference_rubric_v1,"Parsed target JSON, compared fields to stored ground truth, and applied fixed rubric thresholds.",4pl_001_icc__lattice_emulation__parameter_estimation__noisy__deterministic_judge,15,0.8667,True,4pl_001_icc__lattice_emulation__parameter_estimation__noisy,"{'field_scores': {'a': 2, 'b': 3, 'c': 3, 'd': 3, 'irt_model': 1}, 'reasoning_score': 1}",4pl_001_icc__lattice_emulation,local_noisy_baseline,4pl_001_icc__lattice_emulation__parameter_estimation,13,parameter_estimation,dichotomous_icc,4PL,lattice_emulation,"{'color_palette': 'colorblind', 'gridlines': 'faint', 'height_px': 750, 'image_format': 'png', 'image_path': 'data/benchmark/images/4pl_001_icc__lattice_emulation.png', 'legend_position': 'outside', 'line_width': 2.0, 'num_rendered_lines': 1, 'render_engine': 'matplotlib_lattice_emulation', 'style_context': 'classic', 'style_profile_id': 'lattice_emulation', 'theme': 'light', 'tick_density': 'standard', 'width_px': 1125, 'x_axis': {'label': 'Ability (theta)', 'max': 4.0, 'min': -4.0}, 'y_axis': {'label': 'Probability of keyed response', 'max': 1.02, 'min': 0.0}}",matplotlib_lattice_emulation,light
"{'a': 0.8534, 'b': 0.0164, 'c': 0.9841, 'd': 0.818, 'irt_model': {'expected': '4PL', 'observed': '2PL'}}",deterministic_reference_rubric_v1,"Parsed target JSON, compared fields to stored ground truth, and applied fixed rubric thresholds.",4pl_001_icc__lattice_emulation__parameter_estimation__blind__deterministic_judge,15,0.2667,True,4pl_001_icc__lattice_emulation__parameter_estimation__blind,"{'field_scores': {'a': 0, 'b': 3, 'c': 0, 'd': 0, 'irt_model': 0}, 'reasoning_score': 1}",4pl_001_icc__lattice_emulation,local_blind_baseline,4pl_001_icc__lattice_emulation__parameter_estimation,4,parameter_estimation,dichotomous_icc,4PL,lattice_emulation,"{'color_palette': 'colorblind', 'gridlines': 'faint', 'height_px': 750, 'image_format': 'png', 'image_path': 'data/benchmark/images/4pl_001_icc__lattice_emulation.png', 'legend_position': 'outside', 'line_width': 2.0, 'num_rendered_lines': 1, 'render_engine': 'matplotlib_lattice_emulation', 'style_context': 'classic', 'style_profile_id': 'lattice_emulation', 'theme': 'light', 'tick_density': 'standard', 'width_px': 1125, 'x_axis': {'label': 'Ability (theta)', 'max': 4.0, 'min': -4.0}, 'y_axis': {'label': 'Probability of keyed response', 'max': 1.02, 'min': 0.0}}",matplotlib_lattice_emulation,light
{'probability': 0.0},deterministic_reference_rubric_v1,"Parsed target JSON, compared fields to stored ground truth, and applied fixed rubric thresholds.",4pl_001_icc__lattice_emulation__probability_at_theta_0.0__oracle__deterministic_judge,5,1.0,True,4pl_001_icc__lattice_emulation__probability_at_theta_0.0__oracle,"{'field_scores': {'probability': 3}, 'reasoning_score': 2}",4pl_001_icc__lattice_emulation,local_oracle_baseline,4pl_001_icc__lattice_emulation__probability_at_theta_0.0,5,probability_at_theta_0.0,dichotomous_icc,4PL,lattice_emulation,"{'color_palette': 'colorblind', 'gridlines': 'faint', 'height_px': 750, 'image_format': 'png', 'image_path': 'data/benchmark/images/4pl_001_icc__lattice_emulation.png', 'legend_position': 'outside', 'line_width': 2.0, 'num_rendered_lines': 1, 'render_engine': 'matplotlib_lattice_emulation', 'style_context': 'classic', 'style_profile_id': 'lattice_emulation', 'theme': 'light', 'tick_density': 'standard', 'width_px': 1125, 'x_axis': {'label': 'Ability (theta)', 'max': 4.0, 'min': -4.0}, 'y_axis': {'label': 'Probability of keyed response', 'max': 1.02, 'min': 0.0}}",matplotlib_lattice_emulation,light
{'probability': 0.0504},deterministic_reference_rubric_v1,"Parsed target JSON, compared fields to stored ground truth, and applied fixed rubric thresholds.",4pl_001_icc__lattice_emulation__probability_at_theta_0.0__noisy__deterministic_judge,5,0.6,True,4pl_001_icc__lattice_emulation__probability_at_theta_0.0__noisy,"{'field_scores': {'probability': 2}, 'reasoning_score': 1}",4pl_001_icc__lattice_emulation,local_noisy_baseline,4pl_001_icc__lattice_emulation__probability_at_theta_0.0,3,probability_at_theta_0.0,dichotomous_icc,4PL,lattice_emulation,"{'color_palette': 'colorblind', 'gridlines': 'faint', 'height_px': 750, 'image_format': 'png', 'image_path': 'data/benchmark/images/4pl_001_icc__lattice_emulation.png', 'legend_position': 'outside', 'line_width': 2.0, 'num_rendered_lines': 1, 'render_engine': 'matplotlib_lattice_emulation', 'style_context': 'classic', 'style_profile_id': 'lattice_emulation', 'theme': 'light', 'tick_density': 'standard', 'width_px': 1125, 'x_axis': {'label': 'Ability (theta)', 'max': 4.0, 'min': -4.0}, 'y_axis': {'label': 'Probability of keyed response', 'max': 1.02, 'min': 0.0}}",matplotlib_lattice_emulation,light
{'probability': 0.0068},deterministic_reference_rubric_v1,"Parsed target JSON, compared fields to stored ground truth, and applied fixed rubric thresholds.",4pl_001_icc__lattice_emulation__probability_at_theta_0.0__blind__deterministic_judge,5,0.8,True,4pl_001_icc__lattice_emulation__probability_at_theta_0.0__blind,"{'field_scores': {'probability': 3}, 'reasoning_score': 1}",4pl_001_icc__lattice_emulation,local_blind_baseline,4pl_001_icc__lattice_emulation__probability_at_theta_0.0,4,probability_at_theta_0.0,dichotomous_icc,4PL,lattice_emulation,"{'color_palette': 'colorblind', 'gridlines': 'faint', 'height_px': 750, 'image_format': 'png', 'image_path': 'data/benchmark/images/4pl_001_icc__lattice_emulation.png', 'legend_position': 'outside', 'line_width': 2.0, 'num_rendered_lines': 1, 'render_engine': 'matplotlib_lattice_emulation', 'style_context': 'classic', 'style_profile_id': 'lattice_emulation', 'theme': 'light', 'tick_density': 'standard', 'width_px': 1125, 'x_axis': {'label': 'Ability (theta)', 'max': 4.0, 'min': -4.0}, 'y_axis': {'label': 'Probability of keyed response', 'max': 1.02, 'min': 0.0}}",matplotlib_lattice_emulation,light
"{'irt_model': {'expected': '4PL', 'observed': '4PL'}}",deterministic_reference_rubric_v1,"Parsed target JSON, compared fields to stored ground truth, and applied fixed rubric thresholds.",4pl_001_iif__matplotlib_light__model_identification__oracle__deterministic_judge,3,1.0,True,4pl_001_iif__matplotlib_light__model_identification__oracle,"{'field_scores': {'irt_model': 1}, 'reasoning_score': 2}",4pl_001_iif__matplotlib_light,local_oracle_baseline,4pl_001_iif__matplotlib_light__model_identification,3,model_identification,item_information,4PL,matplotlib_light,"{'color_palette': 'tab10', 'gridlines': 'standard', 'height_px': 750, 'image_format': 'png', 'image_path': 'data/benchmark/images/4pl_001_iif__matplotlib_light.png', 'legend_position': 'best', 'line_width': 2.4, 'num_rendered_lines': 1, 'render_engine': 'matplotlib', 'style_context': 'default', 'style_profile_id': 'matplotlib_light', 'theme': 'light', 'tick_density': 'standard', 'width_px': 1125, 'x_axis': {'label': 'Ability (theta)', 'max': 4.0, 'min': -4.0}, 'y_axis': {'label': 'Information', 'max': 0.3426, 'min': 0.0}}",matplotlib,light
"{'irt_model': {'expected': '4PL', 'observed': '4PL'}}",deterministic_reference_rubric_v1,"Parsed target JSON, compared fields to stored ground truth, and applied fixed rubric thresholds.",4pl_001_iif__matplotlib_light__model_identification__noisy__deterministic_judge,3,0.6667,True,4pl_001_iif__matplotlib_light__model_identification__noisy,"{'field_scores': {'irt_model': 1}, 'reasoning_score': 1}",4pl_001_iif__matplotlib_light,local_noisy_baseline,4pl_001_iif__matplotlib_light__model_identification,2,model_identification,item_information,4PL,matplotlib_light,"{'color_palette': 'tab10', 'gridlines': 'standard', 'height_px': 750, 'image_format': 'png', 'image_path': 'data/benchmark/images/4pl_001_iif__matplotlib_light.png', 'legend_position': 'best', 'line_width': 2.4, 'num_rendered_lines': 1, 'render_engine': 'matplotlib', 'style_context': 'default', 'style_profile_id': 'matplotlib_light', 'theme': 'light', 'tick_density': 'standard', 'width_px': 1125, 'x_axis': {'label': 'Ability (theta)', 'max': 4.0, 'min': -4.0}, 'y_axis': {'label': 'Information', 'max': 0.3426, 'min': 0.0}}",matplotlib,light
"{'irt_model': {'expected': '4PL', 'observed': '2PL'}}",deterministic_reference_rubric_v1,"Parsed target JSON, compared fields to stored ground truth, and applied fixed rubric thresholds.",4pl_001_iif__matplotlib_light__model_identification__blind__deterministic_judge,3,0.3333,True,4pl_001_iif__matplotlib_light__model_identification__blind,"{'field_scores': {'irt_model': 0}, 'reasoning_score': 1}",4pl_001_iif__matplotlib_light,local_blind_baseline,4pl_001_iif__matplotlib_light__model_identification,1,model_identification,item_information,4PL,matplotlib_light,"{'color_palette': 'tab10', 'gridlines': 'standard', 'height_px': 750, 'image_format': 'png', 'image_path': 'data/benchmark/images/4pl_001_iif__matplotlib_light.png', 'legend_position': 'best', 'line_width': 2.4, 'num_rendered_lines': 1, 'render_engine': 'matplotlib', 'style_context': 'default', 'style_profile_id': 'matplotlib_light', 'theme': 'light', 'tick_density': 'standard', 'width_px': 1125, 'x_axis': {'label': 'Ability (theta)', 'max': 4.0, 'min': -4.0}, 'y_axis': {'label': 'Information', 'max': 0.3426, 'min': 0.0}}",matplotlib,light
"{'peak_information': 0.0, 'peak_theta': 0.0}",deterministic_reference_rubric_v1,"Parsed target JSON, compared fields to stored ground truth, and applied fixed rubric thresholds.",4pl_001_iif__matplotlib_light__information_peak__oracle__deterministic_judge,8,1.0,True,4pl_001_iif__matplotlib_light__information_peak__oracle,"{'field_scores': {'peak_information': 3, 'peak_theta': 3}, 'reasoning_score': 2}",4pl_001_iif__matplotlib_light,local_oracle_baseline,4pl_001_iif__matplotlib_light__information_peak,8,information_peak,item_information,4PL,matplotlib_light,"{'color_palette': 'tab10', 'gridlines': 'standard', 'height_px': 750, 'image_format': 'png', 'image_path': 'data/benchmark/images/4pl_001_iif__matplotlib_light.png', 'legend_position': 'best', 'line_width': 2.4, 'num_rendered_lines': 1, 'render_engine': 'matplotlib', 'style_context': 'default', 'style_profile_id': 'matplotlib_light', 'theme': 'light', 'tick_density': 'standard', 'width_px': 1125, 'x_axis': {'label': 'Ability (theta)', 'max': 4.0, 'min': -4.0}, 'y_axis': {'label': 'Information', 'max': 0.3426, 'min': 0.0}}",matplotlib,light
"{'peak_information': 0.0661, 'peak_theta': 0.0478}",deterministic_reference_rubric_v1,"Parsed target JSON, compared fields to stored ground truth, and applied fixed rubric thresholds.",4pl_001_iif__matplotlib_light__information_peak__noisy__deterministic_judge,8,0.875,True,4pl_001_iif__matplotlib_light__information_peak__noisy,"{'field_scores': {'peak_information': 3, 'peak_theta': 3}, 'reasoning_score': 1}",4pl_001_iif__matplotlib_light,local_noisy_baseline,4pl_001_iif__matplotlib_light__information_peak,7,information_peak,item_information,4PL,matplotlib_light,"{'color_palette': 'tab10', 'gridlines': 'standard', 'height_px': 750, 'image_format': 'png', 'image_path': 'data/benchmark/images/4pl_001_iif__matplotlib_light.png', 'legend_position': 'best', 'line_width': 2.4, 'num_rendered_lines': 1, 'render_engine': 'matplotlib', 'style_context': 'default', 'style_profile_id': 'matplotlib_light', 'theme': 'light', 'tick_density': 'standard', 'width_px': 1125, 'x_axis': {'label': 'Ability (theta)', 'max': 4.0, 'min': -4.0}, 'y_axis': {'label': 'Information', 'max': 0.3426, 'min': 0.0}}",matplotlib,light
"{'peak_information': 0.3517, 'peak_theta': 0.7496}",deterministic_reference_rubric_v1,"Parsed target JSON, compared fields to stored ground truth, and applied fixed rubric thresholds.",4pl_001_iif__matplotlib_light__information_peak__blind__deterministic_judge,8,0.375,True,4pl_001_iif__matplotlib_light__information_peak__blind,"{'field_scores': {'peak_information': 1, 'peak_theta': 1}, 'reasoning_score': 1}",4pl_001_iif__matplotlib_light,local_blind_baseline,4pl_001_iif__matplotlib_light__information_peak,3,information_peak,item_information,4PL,matplotlib_light,"{'color_palette': 'tab10', 'gridlines': 'standard', 'height_px': 750, 'image_format': 'png', 'image_path': 'data/benchmark/images/4pl_001_iif__matplotlib_light.png', 'legend_position': 'best', 'line_width': 2.4, 'num_rendered_lines': 1, 'render_engine': 'matplotlib', 'style_context': 'default', 'style_profile_id': 'matplotlib_light', 'theme': 'light', 'tick_density': 'standard', 'width_px': 1125, 'x_axis': {'label': 'Ability (theta)', 'max': 4.0, 'min': -4.0}, 'y_axis': {'label': 'Information', 'max': 0.3426, 'min': 0.0}}",matplotlib,light
"{'irt_model': {'expected': '4PL', 'observed': '4PL'}}",deterministic_reference_rubric_v1,"Parsed target JSON, compared fields to stored ground truth, and applied fixed rubric thresholds.",4pl_001_iif__seaborn_whitegrid__model_identification__oracle__deterministic_judge,3,1.0,True,4pl_001_iif__seaborn_whitegrid__model_identification__oracle,"{'field_scores': {'irt_model': 1}, 'reasoning_score': 2}",4pl_001_iif__seaborn_whitegrid,local_oracle_baseline,4pl_001_iif__seaborn_whitegrid__model_identification,3,model_identification,item_information,4PL,seaborn_whitegrid,"{'color_palette': 'deep', 'gridlines': 'standard', 'height_px': 750, 'image_format': 'png', 'image_path': 'data/benchmark/images/4pl_001_iif__seaborn_whitegrid.png', 'legend_position': 'right', 'line_width': 2.4, 'num_rendered_lines': 1, 'render_engine': 'seaborn', 'style_context': 'whitegrid', 'style_profile_id': 'seaborn_whitegrid', 'theme': 'light', 'tick_density': 'standard', 'width_px': 1125, 'x_axis': {'label': 'Ability (theta)', 'max': 4.0, 'min': -4.0}, 'y_axis': {'label': 'Information', 'max': 0.3426, 'min': 0.0}}",seaborn,light
"{'irt_model': {'expected': '4PL', 'observed': '4PL'}}",deterministic_reference_rubric_v1,"Parsed target JSON, compared fields to stored ground truth, and applied fixed rubric thresholds.",4pl_001_iif__seaborn_whitegrid__model_identification__noisy__deterministic_judge,3,0.6667,True,4pl_001_iif__seaborn_whitegrid__model_identification__noisy,"{'field_scores': {'irt_model': 1}, 'reasoning_score': 1}",4pl_001_iif__seaborn_whitegrid,local_noisy_baseline,4pl_001_iif__seaborn_whitegrid__model_identification,2,model_identification,item_information,4PL,seaborn_whitegrid,"{'color_palette': 'deep', 'gridlines': 'standard', 'height_px': 750, 'image_format': 'png', 'image_path': 'data/benchmark/images/4pl_001_iif__seaborn_whitegrid.png', 'legend_position': 'right', 'line_width': 2.4, 'num_rendered_lines': 1, 'render_engine': 'seaborn', 'style_context': 'whitegrid', 'style_profile_id': 'seaborn_whitegrid', 'theme': 'light', 'tick_density': 'standard', 'width_px': 1125, 'x_axis': {'label': 'Ability (theta)', 'max': 4.0, 'min': -4.0}, 'y_axis': {'label': 'Information', 'max': 0.3426, 'min': 0.0}}",seaborn,light
"{'irt_model': {'expected': '4PL', 'observed': '2PL'}}",deterministic_reference_rubric_v1,"Parsed target JSON, compared fields to stored ground truth, and applied fixed rubric thresholds.",4pl_001_iif__seaborn_whitegrid__model_identification__blind__deterministic_judge,3,0.3333,True,4pl_001_iif__seaborn_whitegrid__model_identification__blind,"{'field_scores': {'irt_model': 0}, 'reasoning_score': 1}",4pl_001_iif__seaborn_whitegrid,local_blind_baseline,4pl_001_iif__seaborn_whitegrid__model_identification,1,model_identification,item_information,4PL,seaborn_whitegrid,"{'color_palette': 'deep', 'gridlines': 'standard', 'height_px': 750, 'image_format': 'png', 'image_path': 'data/benchmark/images/4pl_001_iif__seaborn_whitegrid.png', 'legend_position': 'right', 'line_width': 2.4, 'num_rendered_lines': 1, 'render_engine': 'seaborn', 'style_context': 'whitegrid', 'style_profile_id': 'seaborn_whitegrid', 'theme': 'light', 'tick_density': 'standard', 'width_px': 1125, 'x_axis': {'label': 'Ability (theta)', 'max': 4.0, 'min': -4.0}, 'y_axis': {'label': 'Information', 'max': 0.3426, 'min': 0.0}}",seaborn,light
"{'peak_information': 0.0, 'peak_theta': 0.0}",deterministic_reference_rubric_v1,"Parsed target JSON, compared fields to stored ground truth, and applied fixed rubric thresholds.",4pl_001_iif__seaborn_whitegrid__information_peak__oracle__deterministic_judge,8,1.0,True,4pl_001_iif__seaborn_whitegrid__information_peak__oracle,"{'field_scores': {'peak_information': 3, 'peak_theta': 3}, 'reasoning_score': 2}",4pl_001_iif__seaborn_whitegrid,local_oracle_baseline,4pl_001_iif__seaborn_whitegrid__information_peak,8,information_peak,item_information,4PL,seaborn_whitegrid,"{'color_palette': 'deep', 'gridlines': 'standard', 'height_px': 750, 'image_format': 'png', 'image_path': 'data/benchmark/images/4pl_001_iif__seaborn_whitegrid.png', 'legend_position': 'right', 'line_width': 2.4, 'num_rendered_lines': 1, 'render_engine': 'seaborn', 'style_context': 'whitegrid', 'style_profile_id': 'seaborn_whitegrid', 'theme': 'light', 'tick_density': 'standard', 'width_px': 1125, 'x_axis': {'label': 'Ability (theta)', 'max': 4.0, 'min': -4.0}, 'y_axis': {'label': 'Information', 'max': 0.3426, 'min': 0.0}}",seaborn,light
"{'peak_information': 0.0421, 'peak_theta': 0.0407}",deterministic_reference_rubric_v1,"Parsed target JSON, compared fields to stored ground truth, and applied fixed rubric thresholds.",4pl_001_iif__seaborn_whitegrid__information_peak__noisy__deterministic_judge,8,0.875,True,4pl_001_iif__seaborn_whitegrid__information_peak__noisy,"{'field_scores': {'peak_information': 3, 'peak_theta': 3}, 'reasoning_score': 1}",4pl_001_iif__seaborn_whitegrid,local_noisy_baseline,4pl_001_iif__seaborn_whitegrid__information_peak,7,information_peak,item_information,4PL,seaborn_whitegrid,"{'color_palette': 'deep', 'gridlines': 'standard', 'height_px': 750, 'image_format': 'png', 'image_path': 'data/benchmark/images/4pl_001_iif__seaborn_whitegrid.png', 'legend_position': 'right', 'line_width': 2.4, 'num_rendered_lines': 1, 'render_engine': 'seaborn', 'style_context': 'whitegrid', 'style_profile_id': 'seaborn_whitegrid', 'theme': 'light', 'tick_density': 'standard', 'width_px': 1125, 'x_axis': {'label': 'Ability (theta)', 'max': 4.0, 'min': -4.0}, 'y_axis': {'label': 'Information', 'max': 0.3426, 'min': 0.0}}",seaborn,light
"{'peak_information': 0.2565, 'peak_theta': 0.3422}",deterministic_reference_rubric_v1,"Parsed target JSON, compared fields to stored ground truth, and applied fixed rubric thresholds.",4pl_001_iif__seaborn_whitegrid__information_peak__blind__deterministic_judge,8,0.625,True,4pl_001_iif__seaborn_whitegrid__information_peak__blind,"{'field_scores': {'peak_information': 2, 'peak_theta': 2}, 'reasoning_score': 1}",4pl_001_iif__seaborn_whitegrid,local_blind_baseline,4pl_001_iif__seaborn_whitegrid__information_peak,5,information_peak,item_information,4PL,seaborn_whitegrid,"{'color_palette': 'deep', 'gridlines': 'standard', 'height_px': 750, 'image_format': 'png', 'image_path': 'data/benchmark/images/4pl_001_iif__seaborn_whitegrid.png', 'legend_position': 'right', 'line_width': 2.4, 'num_rendered_lines': 1, 'render_engine': 'seaborn', 'style_context': 'whitegrid', 'style_profile_id': 'seaborn_whitegrid', 'theme': 'light', 'tick_density': 'standard', 'width_px': 1125, 'x_axis': {'label': 'Ability (theta)', 'max': 4.0, 'min': -4.0}, 'y_axis': {'label': 'Information', 'max': 0.3426, 'min': 0.0}}",seaborn,light
"{'irt_model': {'expected': '4PL', 'observed': '4PL'}}",deterministic_reference_rubric_v1,"Parsed target JSON, compared fields to stored ground truth, and applied fixed rubric thresholds.",4pl_001_iif__ggplot_gray__model_identification__oracle__deterministic_judge,3,1.0,True,4pl_001_iif__ggplot_gray__model_identification__oracle,"{'field_scores': {'irt_model': 1}, 'reasoning_score': 2}",4pl_001_iif__ggplot_gray,local_oracle_baseline,4pl_001_iif__ggplot_gray__model_identification,3,model_identification,item_information,4PL,ggplot_gray,"{'color_palette': 'muted', 'gridlines': 'heavy', 'height_px': 750, 'image_format': 'png', 'image_path': 'data/benchmark/images/4pl_001_iif__ggplot_gray.png', 'legend_position': 'best', 'line_width': 2.2, 'num_rendered_lines': 1, 'render_engine': 'matplotlib_ggplot_style', 'style_context': 'ggplot', 'style_profile_id': 'ggplot_gray', 'theme': 'light', 'tick_density': 'dense', 'width_px': 1125, 'x_axis': {'label': 'Ability (theta)', 'max': 4.0, 'min': -4.0}, 'y_axis': {'label': 'Information', 'max': 0.3426, 'min': 0.0}}",matplotlib_ggplot_style,light
"{'irt_model': {'expected': '4PL', 'observed': '4PL'}}",deterministic_reference_rubric_v1,"Parsed target JSON, compared fields to stored ground truth, and applied fixed rubric thresholds.",4pl_001_iif__ggplot_gray__model_identification__noisy__deterministic_judge,3,0.6667,True,4pl_001_iif__ggplot_gray__model_identification__noisy,"{'field_scores': {'irt_model': 1}, 'reasoning_score': 1}",4pl_001_iif__ggplot_gray,local_noisy_baseline,4pl_001_iif__ggplot_gray__model_identification,2,model_identification,item_information,4PL,ggplot_gray,"{'color_palette': 'muted', 'gridlines': 'heavy', 'height_px': 750, 'image_format': 'png', 'image_path': 'data/benchmark/images/4pl_001_iif__ggplot_gray.png', 'legend_position': 'best', 'line_width': 2.2, 'num_rendered_lines': 1, 'render_engine': 'matplotlib_ggplot_style', 'style_context': 'ggplot', 'style_profile_id': 'ggplot_gray', 'theme': 'light', 'tick_density': 'dense', 'width_px': 1125, 'x_axis': {'label': 'Ability (theta)', 'max': 4.0, 'min': -4.0}, 'y_axis': {'label': 'Information', 'max': 0.3426, 'min': 0.0}}",matplotlib_ggplot_style,light
"{'irt_model': {'expected': '4PL', 'observed': '2PL'}}",deterministic_reference_rubric_v1,"Parsed target JSON, compared fields to stored ground truth, and applied fixed rubric thresholds.",4pl_001_iif__ggplot_gray__model_identification__blind__deterministic_judge,3,0.3333,True,4pl_001_iif__ggplot_gray__model_identification__blind,"{'field_scores': {'irt_model': 0}, 'reasoning_score': 1}",4pl_001_iif__ggplot_gray,local_blind_baseline,4pl_001_iif__ggplot_gray__model_identification,1,model_identification,item_information,4PL,ggplot_gray,"{'color_palette': 'muted', 'gridlines': 'heavy', 'height_px': 750, 'image_format': 'png', 'image_path': 'data/benchmark/images/4pl_001_iif__ggplot_gray.png', 'legend_position': 'best', 'line_width': 2.2, 'num_rendered_lines': 1, 'render_engine': 'matplotlib_ggplot_style', 'style_context': 'ggplot', 'style_profile_id': 'ggplot_gray', 'theme': 'light', 'tick_density': 'dense', 'width_px': 1125, 'x_axis': {'label': 'Ability (theta)', 'max': 4.0, 'min': -4.0}, 'y_axis': {'label': 'Information', 'max': 0.3426, 'min': 0.0}}",matplotlib_ggplot_style,light
"{'peak_information': 0.0, 'peak_theta': 0.0}",deterministic_reference_rubric_v1,"Parsed target JSON, compared fields to stored ground truth, and applied fixed rubric thresholds.",4pl_001_iif__ggplot_gray__information_peak__oracle__deterministic_judge,8,1.0,True,4pl_001_iif__ggplot_gray__information_peak__oracle,"{'field_scores': {'peak_information': 3, 'peak_theta': 3}, 'reasoning_score': 2}",4pl_001_iif__ggplot_gray,local_oracle_baseline,4pl_001_iif__ggplot_gray__information_peak,8,information_peak,item_information,4PL,ggplot_gray,"{'color_palette': 'muted', 'gridlines': 'heavy', 'height_px': 750, 'image_format': 'png', 'image_path': 'data/benchmark/images/4pl_001_iif__ggplot_gray.png', 'legend_position': 'best', 'line_width': 2.2, 'num_rendered_lines': 1, 'render_engine': 'matplotlib_ggplot_style', 'style_context': 'ggplot', 'style_profile_id': 'ggplot_gray', 'theme': 'light', 'tick_density': 'dense', 'width_px': 1125, 'x_axis': {'label': 'Ability (theta)', 'max': 4.0, 'min': -4.0}, 'y_axis': {'label': 'Information', 'max': 0.3426, 'min': 0.0}}",matplotlib_ggplot_style,light
"{'peak_information': 0.3258, 'peak_theta': 0.2482}",deterministic_reference_rubric_v1,"Parsed target JSON, compared fields to stored ground truth, and applied fixed rubric thresholds.",4pl_001_iif__ggplot_gray__information_peak__noisy__deterministic_judge,8,0.625,True,4pl_001_iif__ggplot_gray__information_peak__noisy,"{'field_scores': {'peak_information': 2, 'peak_theta': 2}, 'reasoning_score': 1}",4pl_001_iif__ggplot_gray,local_noisy_baseline,4pl_001_iif__ggplot_gray__information_peak,5,information_peak,item_information,4PL,ggplot_gray,"{'color_palette': 'muted', 'gridlines': 'heavy', 'height_px': 750, 'image_format': 'png', 'image_path': 'data/benchmark/images/4pl_001_iif__ggplot_gray.png', 'legend_position': 'best', 'line_width': 2.2, 'num_rendered_lines': 1, 'render_engine': 'matplotlib_ggplot_style', 'style_context': 'ggplot', 'style_profile_id': 'ggplot_gray', 'theme': 'light', 'tick_density': 'dense', 'width_px': 1125, 'x_axis': {'label': 'Ability (theta)', 'max': 4.0, 'min': -4.0}, 'y_axis': {'label': 'Information', 'max': 0.3426, 'min': 0.0}}",matplotlib_ggplot_style,light
"{'peak_information': 0.5958, 'peak_theta': 1.6851}",deterministic_reference_rubric_v1,"Parsed target JSON, compared fields to stored ground truth, and applied fixed rubric thresholds.",4pl_001_iif__ggplot_gray__information_peak__blind__deterministic_judge,8,0.25,True,4pl_001_iif__ggplot_gray__information_peak__blind,"{'field_scores': {'peak_information': 1, 'peak_theta': 0}, 'reasoning_score': 1}",4pl_001_iif__ggplot_gray,local_blind_baseline,4pl_001_iif__ggplot_gray__information_peak,2,information_peak,item_information,4PL,ggplot_gray,"{'color_palette': 'muted', 'gridlines': 'heavy', 'height_px': 750, 'image_format': 'png', 'image_path': 'data/benchmark/images/4pl_001_iif__ggplot_gray.png', 'legend_position': 'best', 'line_width': 2.2, 'num_rendered_lines': 1, 'render_engine': 'matplotlib_ggplot_style', 'style_context': 'ggplot', 'style_profile_id': 'ggplot_gray', 'theme': 'light', 'tick_density': 'dense', 'width_px': 1125, 'x_axis': {'label': 'Ability (theta)', 'max': 4.0, 'min': -4.0}, 'y_axis': {'label': 'Information', 'max': 0.3426, 'min': 0.0}}",matplotlib_ggplot_style,light
"{'irt_model': {'expected': '4PL', 'observed': '4PL'}}",deterministic_reference_rubric_v1,"Parsed target JSON, compared fields to stored ground truth, and applied fixed rubric thresholds.",4pl_001_iif__grayscale_no_grid__model_identification__oracle__deterministic_judge,3,1.0,True,4pl_001_iif__grayscale_no_grid__model_identification__oracle,"{'field_scores': {'irt_model': 1}, 'reasoning_score': 2}",4pl_001_iif__grayscale_no_grid,local_oracle_baseline,4pl_001_iif__grayscale_no_grid__model_identification,3,model_identification,item_information,4PL,grayscale_no_grid,"{'color_palette': 'grayscale', 'gridlines': 'none', 'height_px': 750, 'image_format': 'png', 'image_path': 'data/benchmark/images/4pl_001_iif__grayscale_no_grid.png', 'legend_position': 'bottom', 'line_width': 2.6, 'num_rendered_lines': 1, 'render_engine': 'matplotlib', 'style_context': 'default', 'style_profile_id': 'grayscale_no_grid', 'theme': 'light', 'tick_density': 'sparse', 'width_px': 1125, 'x_axis': {'label': 'Ability (theta)', 'max': 4.0, 'min': -4.0}, 'y_axis': {'label': 'Information', 'max': 0.3426, 'min': 0.0}}",matplotlib,light
"{'irt_model': {'expected': '4PL', 'observed': '4PL'}}",deterministic_reference_rubric_v1,"Parsed target JSON, compared fields to stored ground truth, and applied fixed rubric thresholds.",4pl_001_iif__grayscale_no_grid__model_identification__noisy__deterministic_judge,3,0.6667,True,4pl_001_iif__grayscale_no_grid__model_identification__noisy,"{'field_scores': {'irt_model': 1}, 'reasoning_score': 1}",4pl_001_iif__grayscale_no_grid,local_noisy_baseline,4pl_001_iif__grayscale_no_grid__model_identification,2,model_identification,item_information,4PL,grayscale_no_grid,"{'color_palette': 'grayscale', 'gridlines': 'none', 'height_px': 750, 'image_format': 'png', 'image_path': 'data/benchmark/images/4pl_001_iif__grayscale_no_grid.png', 'legend_position': 'bottom', 'line_width': 2.6, 'num_rendered_lines': 1, 'render_engine': 'matplotlib', 'style_context': 'default', 'style_profile_id': 'grayscale_no_grid', 'theme': 'light', 'tick_density': 'sparse', 'width_px': 1125, 'x_axis': {'label': 'Ability (theta)', 'max': 4.0, 'min': -4.0}, 'y_axis': {'label': 'Information', 'max': 0.3426, 'min': 0.0}}",matplotlib,light
"{'irt_model': {'expected': '4PL', 'observed': '2PL'}}",deterministic_reference_rubric_v1,"Parsed target JSON, compared fields to stored ground truth, and applied fixed rubric thresholds.",4pl_001_iif__grayscale_no_grid__model_identification__blind__deterministic_judge,3,0.3333,True,4pl_001_iif__grayscale_no_grid__model_identification__blind,"{'field_scores': {'irt_model': 0}, 'reasoning_score': 1}",4pl_001_iif__grayscale_no_grid,local_blind_baseline,4pl_001_iif__grayscale_no_grid__model_identification,1,model_identification,item_information,4PL,grayscale_no_grid,"{'color_palette': 'grayscale', 'gridlines': 'none', 'height_px': 750, 'image_format': 'png', 'image_path': 'data/benchmark/images/4pl_001_iif__grayscale_no_grid.png', 'legend_position': 'bottom', 'line_width': 2.6, 'num_rendered_lines': 1, 'render_engine': 'matplotlib', 'style_context': 'default', 'style_profile_id': 'grayscale_no_grid', 'theme': 'light', 'tick_density': 'sparse', 'width_px': 1125, 'x_axis': {'label': 'Ability (theta)', 'max': 4.0, 'min': -4.0}, 'y_axis': {'label': 'Information', 'max': 0.3426, 'min': 0.0}}",matplotlib,light
"{'peak_information': 0.0, 'peak_theta': 0.0}",deterministic_reference_rubric_v1,"Parsed target JSON, compared fields to stored ground truth, and applied fixed rubric thresholds.",4pl_001_iif__grayscale_no_grid__information_peak__oracle__deterministic_judge,8,1.0,True,4pl_001_iif__grayscale_no_grid__information_peak__oracle,"{'field_scores': {'peak_information': 3, 'peak_theta': 3}, 'reasoning_score': 2}",4pl_001_iif__grayscale_no_grid,local_oracle_baseline,4pl_001_iif__grayscale_no_grid__information_peak,8,information_peak,item_information,4PL,grayscale_no_grid,"{'color_palette': 'grayscale', 'gridlines': 'none', 'height_px': 750, 'image_format': 'png', 'image_path': 'data/benchmark/images/4pl_001_iif__grayscale_no_grid.png', 'legend_position': 'bottom', 'line_width': 2.6, 'num_rendered_lines': 1, 'render_engine': 'matplotlib', 'style_context': 'default', 'style_profile_id': 'grayscale_no_grid', 'theme': 'light', 'tick_density': 'sparse', 'width_px': 1125, 'x_axis': {'label': 'Ability (theta)', 'max': 4.0, 'min': -4.0}, 'y_axis': {'label': 'Information', 'max': 0.3426, 'min': 0.0}}",matplotlib,light
"{'peak_information': 0.2531, 'peak_theta': 0.1982}",deterministic_reference_rubric_v1,"Parsed target JSON, compared fields to stored ground truth, and applied fixed rubric thresholds.",4pl_001_iif__grayscale_no_grid__information_peak__noisy__deterministic_judge,8,0.75,True,4pl_001_iif__grayscale_no_grid__information_peak__noisy,"{'field_scores': {'peak_information': 2, 'peak_theta': 3}, 'reasoning_score': 1}",4pl_001_iif__grayscale_no_grid,local_noisy_baseline,4pl_001_iif__grayscale_no_grid__information_peak,6,information_peak,item_information,4PL,grayscale_no_grid,"{'color_palette': 'grayscale', 'gridlines': 'none', 'height_px': 750, 'image_format': 'png', 'image_path': 'data/benchmark/images/4pl_001_iif__grayscale_no_grid.png', 'legend_position': 'bottom', 'line_width': 2.6, 'num_rendered_lines': 1, 'render_engine': 'matplotlib', 'style_context': 'default', 'style_profile_id': 'grayscale_no_grid', 'theme': 'light', 'tick_density': 'sparse', 'width_px': 1125, 'x_axis': {'label': 'Ability (theta)', 'max': 4.0, 'min': -4.0}, 'y_axis': {'label': 'Information', 'max': 0.3426, 'min': 0.0}}",matplotlib,light
"{'peak_information': 1.4302, 'peak_theta': 0.9552}",deterministic_reference_rubric_v1,"Parsed target JSON, compared fields to stored ground truth, and applied fixed rubric thresholds.",4pl_001_iif__grayscale_no_grid__information_peak__blind__deterministic_judge,8,0.125,True,4pl_001_iif__grayscale_no_grid__information_peak__blind,"{'field_scores': {'peak_information': 0, 'peak_theta': 0}, 'reasoning_score': 1}",4pl_001_iif__grayscale_no_grid,local_blind_baseline,4pl_001_iif__grayscale_no_grid__information_peak,1,information_peak,item_information,4PL,grayscale_no_grid,"{'color_palette': 'grayscale', 'gridlines': 'none', 'height_px': 750, 'image_format': 'png', 'image_path': 'data/benchmark/images/4pl_001_iif__grayscale_no_grid.png', 'legend_position': 'bottom', 'line_width': 2.6, 'num_rendered_lines': 1, 'render_engine': 'matplotlib', 'style_context': 'default', 'style_profile_id': 'grayscale_no_grid', 'theme': 'light', 'tick_density': 'sparse', 'width_px': 1125, 'x_axis': {'label': 'Ability (theta)', 'max': 4.0, 'min': -4.0}, 'y_axis': {'label': 'Information', 'max': 0.3426, 'min': 0.0}}",matplotlib,light
"{'irt_model': {'expected': '4PL', 'observed': '4PL'}}",deterministic_reference_rubric_v1,"Parsed target JSON, compared fields to stored ground truth, and applied fixed rubric thresholds.",4pl_001_iif__dark_high_contrast__model_identification__oracle__deterministic_judge,3,1.0,True,4pl_001_iif__dark_high_contrast__model_identification__oracle,"{'field_scores': {'irt_model': 1}, 'reasoning_score': 2}",4pl_001_iif__dark_high_contrast,local_oracle_baseline,4pl_001_iif__dark_high_contrast__model_identification,3,model_identification,item_information,4PL,dark_high_contrast,"{'color_palette': 'bright', 'gridlines': 'faint', 'height_px': 750, 'image_format': 'png', 'image_path': 'data/benchmark/images/4pl_001_iif__dark_high_contrast.png', 'legend_position': 'best', 'line_width': 2.6, 'num_rendered_lines': 1, 'render_engine': 'matplotlib', 'style_context': 'dark_background', 'style_profile_id': 'dark_high_contrast', 'theme': 'dark', 'tick_density': 'standard', 'width_px': 1125, 'x_axis': {'label': 'Ability (theta)', 'max': 4.0, 'min': -4.0}, 'y_axis': {'label': 'Information', 'max': 0.3426, 'min': 0.0}}",matplotlib,dark
"{'irt_model': {'expected': '4PL', 'observed': '4PL'}}",deterministic_reference_rubric_v1,"Parsed target JSON, compared fields to stored ground truth, and applied fixed rubric thresholds.",4pl_001_iif__dark_high_contrast__model_identification__noisy__deterministic_judge,3,0.6667,True,4pl_001_iif__dark_high_contrast__model_identification__noisy,"{'field_scores': {'irt_model': 1}, 'reasoning_score': 1}",4pl_001_iif__dark_high_contrast,local_noisy_baseline,4pl_001_iif__dark_high_contrast__model_identification,2,model_identification,item_information,4PL,dark_high_contrast,"{'color_palette': 'bright', 'gridlines': 'faint', 'height_px': 750, 'image_format': 'png', 'image_path': 'data/benchmark/images/4pl_001_iif__dark_high_contrast.png', 'legend_position': 'best', 'line_width': 2.6, 'num_rendered_lines': 1, 'render_engine': 'matplotlib', 'style_context': 'dark_background', 'style_profile_id': 'dark_high_contrast', 'theme': 'dark', 'tick_density': 'standard', 'width_px': 1125, 'x_axis': {'label': 'Ability (theta)', 'max': 4.0, 'min': -4.0}, 'y_axis': {'label': 'Information', 'max': 0.3426, 'min': 0.0}}",matplotlib,dark
"{'irt_model': {'expected': '4PL', 'observed': '2PL'}}",deterministic_reference_rubric_v1,"Parsed target JSON, compared fields to stored ground truth, and applied fixed rubric thresholds.",4pl_001_iif__dark_high_contrast__model_identification__blind__deterministic_judge,3,0.3333,True,4pl_001_iif__dark_high_contrast__model_identification__blind,"{'field_scores': {'irt_model': 0}, 'reasoning_score': 1}",4pl_001_iif__dark_high_contrast,local_blind_baseline,4pl_001_iif__dark_high_contrast__model_identification,1,model_identification,item_information,4PL,dark_high_contrast,"{'color_palette': 'bright', 'gridlines': 'faint', 'height_px': 750, 'image_format': 'png', 'image_path': 'data/benchmark/images/4pl_001_iif__dark_high_contrast.png', 'legend_position': 'best', 'line_width': 2.6, 'num_rendered_lines': 1, 'render_engine': 'matplotlib', 'style_context': 'dark_background', 'style_profile_id': 'dark_high_contrast', 'theme': 'dark', 'tick_density': 'standard', 'width_px': 1125, 'x_axis': {'label': 'Ability (theta)', 'max': 4.0, 'min': -4.0}, 'y_axis': {'label': 'Information', 'max': 0.3426, 'min': 0.0}}",matplotlib,dark
"{'peak_information': 0.0, 'peak_theta': 0.0}",deterministic_reference_rubric_v1,"Parsed target JSON, compared fields to stored ground truth, and applied fixed rubric thresholds.",4pl_001_iif__dark_high_contrast__information_peak__oracle__deterministic_judge,8,1.0,True,4pl_001_iif__dark_high_contrast__information_peak__oracle,"{'field_scores': {'peak_information': 3, 'peak_theta': 3}, 'reasoning_score': 2}",4pl_001_iif__dark_high_contrast,local_oracle_baseline,4pl_001_iif__dark_high_contrast__information_peak,8,information_peak,item_information,4PL,dark_high_contrast,"{'color_palette': 'bright', 'gridlines': 'faint', 'height_px': 750, 'image_format': 'png', 'image_path': 'data/benchmark/images/4pl_001_iif__dark_high_contrast.png', 'legend_position': 'best', 'line_width': 2.6, 'num_rendered_lines': 1, 'render_engine': 'matplotlib', 'style_context': 'dark_background', 'style_profile_id': 'dark_high_contrast', 'theme': 'dark', 'tick_density': 'standard', 'width_px': 1125, 'x_axis': {'label': 'Ability (theta)', 'max': 4.0, 'min': -4.0}, 'y_axis': {'label': 'Information', 'max': 0.3426, 'min': 0.0}}",matplotlib,dark
"{'peak_information': 0.2086, 'peak_theta': 0.1646}",deterministic_reference_rubric_v1,"Parsed target JSON, compared fields to stored ground truth, and applied fixed rubric thresholds.",4pl_001_iif__dark_high_contrast__information_peak__noisy__deterministic_judge,8,0.75,True,4pl_001_iif__dark_high_contrast__information_peak__noisy,"{'field_scores': {'peak_information': 2, 'peak_theta': 3}, 'reasoning_score': 1}",4pl_001_iif__dark_high_contrast,local_noisy_baseline,4pl_001_iif__dark_high_contrast__information_peak,6,information_peak,item_information,4PL,dark_high_contrast,"{'color_palette': 'bright', 'gridlines': 'faint', 'height_px': 750, 'image_format': 'png', 'image_path': 'data/benchmark/images/4pl_001_iif__dark_high_contrast.png', 'legend_position': 'best', 'line_width': 2.6, 'num_rendered_lines': 1, 'render_engine': 'matplotlib', 'style_context': 'dark_background', 'style_profile_id': 'dark_high_contrast', 'theme': 'dark', 'tick_density': 'standard', 'width_px': 1125, 'x_axis': {'label': 'Ability (theta)', 'max': 4.0, 'min': -4.0}, 'y_axis': {'label': 'Information', 'max': 0.3426, 'min': 0.0}}",matplotlib,dark
"{'peak_information': 0.1199, 'peak_theta': 0.2966}",deterministic_reference_rubric_v1,"Parsed target JSON, compared fields to stored ground truth, and applied fixed rubric thresholds.",4pl_001_iif__dark_high_contrast__information_peak__blind__deterministic_judge,8,0.75,True,4pl_001_iif__dark_high_contrast__information_peak__blind,"{'field_scores': {'peak_information': 3, 'peak_theta': 2}, 'reasoning_score': 1}",4pl_001_iif__dark_high_contrast,local_blind_baseline,4pl_001_iif__dark_high_contrast__information_peak,6,information_peak,item_information,4PL,dark_high_contrast,"{'color_palette': 'bright', 'gridlines': 'faint', 'height_px': 750, 'image_format': 'png', 'image_path': 'data/benchmark/images/4pl_001_iif__dark_high_contrast.png', 'legend_position': 'best', 'line_width': 2.6, 'num_rendered_lines': 1, 'render_engine': 'matplotlib', 'style_context': 'dark_background', 'style_profile_id': 'dark_high_contrast', 'theme': 'dark', 'tick_density': 'standard', 'width_px': 1125, 'x_axis': {'label': 'Ability (theta)', 'max': 4.0, 'min': -4.0}, 'y_axis': {'label': 'Information', 'max': 0.3426, 'min': 0.0}}",matplotlib,dark
"{'irt_model': {'expected': '4PL', 'observed': '4PL'}}",deterministic_reference_rubric_v1,"Parsed target JSON, compared fields to stored ground truth, and applied fixed rubric thresholds.",4pl_001_iif__lattice_emulation__model_identification__oracle__deterministic_judge,3,1.0,True,4pl_001_iif__lattice_emulation__model_identification__oracle,"{'field_scores': {'irt_model': 1}, 'reasoning_score': 2}",4pl_001_iif__lattice_emulation,local_oracle_baseline,4pl_001_iif__lattice_emulation__model_identification,3,model_identification,item_information,4PL,lattice_emulation,"{'color_palette': 'colorblind', 'gridlines': 'faint', 'height_px': 750, 'image_format': 'png', 'image_path': 'data/benchmark/images/4pl_001_iif__lattice_emulation.png', 'legend_position': 'outside', 'line_width': 2.0, 'num_rendered_lines': 1, 'render_engine': 'matplotlib_lattice_emulation', 'style_context': 'classic', 'style_profile_id': 'lattice_emulation', 'theme': 'light', 'tick_density': 'standard', 'width_px': 1125, 'x_axis': {'label': 'Ability (theta)', 'max': 4.0, 'min': -4.0}, 'y_axis': {'label': 'Information', 'max': 0.3426, 'min': 0.0}}",matplotlib_lattice_emulation,light
"{'irt_model': {'expected': '4PL', 'observed': '4PL'}}",deterministic_reference_rubric_v1,"Parsed target JSON, compared fields to stored ground truth, and applied fixed rubric thresholds.",4pl_001_iif__lattice_emulation__model_identification__noisy__deterministic_judge,3,0.6667,True,4pl_001_iif__lattice_emulation__model_identification__noisy,"{'field_scores': {'irt_model': 1}, 'reasoning_score': 1}",4pl_001_iif__lattice_emulation,local_noisy_baseline,4pl_001_iif__lattice_emulation__model_identification,2,model_identification,item_information,4PL,lattice_emulation,"{'color_palette': 'colorblind', 'gridlines': 'faint', 'height_px': 750, 'image_format': 'png', 'image_path': 'data/benchmark/images/4pl_001_iif__lattice_emulation.png', 'legend_position': 'outside', 'line_width': 2.0, 'num_rendered_lines': 1, 'render_engine': 'matplotlib_lattice_emulation', 'style_context': 'classic', 'style_profile_id': 'lattice_emulation', 'theme': 'light', 'tick_density': 'standard', 'width_px': 1125, 'x_axis': {'label': 'Ability (theta)', 'max': 4.0, 'min': -4.0}, 'y_axis': {'label': 'Information', 'max': 0.3426, 'min': 0.0}}",matplotlib_lattice_emulation,light
"{'irt_model': {'expected': '4PL', 'observed': '2PL'}}",deterministic_reference_rubric_v1,"Parsed target JSON, compared fields to stored ground truth, and applied fixed rubric thresholds.",4pl_001_iif__lattice_emulation__model_identification__blind__deterministic_judge,3,0.3333,True,4pl_001_iif__lattice_emulation__model_identification__blind,"{'field_scores': {'irt_model': 0}, 'reasoning_score': 1}",4pl_001_iif__lattice_emulation,local_blind_baseline,4pl_001_iif__lattice_emulation__model_identification,1,model_identification,item_information,4PL,lattice_emulation,"{'color_palette': 'colorblind', 'gridlines': 'faint', 'height_px': 750, 'image_format': 'png', 'image_path': 'data/benchmark/images/4pl_001_iif__lattice_emulation.png', 'legend_position': 'outside', 'line_width': 2.0, 'num_rendered_lines': 1, 'render_engine': 'matplotlib_lattice_emulation', 'style_context': 'classic', 'style_profile_id': 'lattice_emulation', 'theme': 'light', 'tick_density': 'standard', 'width_px': 1125, 'x_axis': {'label': 'Ability (theta)', 'max': 4.0, 'min': -4.0}, 'y_axis': {'label': 'Information', 'max': 0.3426, 'min': 0.0}}",matplotlib_lattice_emulation,light
"{'peak_information': 0.0, 'peak_theta': 0.0}",deterministic_reference_rubric_v1,"Parsed target JSON, compared fields to stored ground truth, and applied fixed rubric thresholds.",4pl_001_iif__lattice_emulation__information_peak__oracle__deterministic_judge,8,1.0,True,4pl_001_iif__lattice_emulation__information_peak__oracle,"{'field_scores': {'peak_information': 3, 'peak_theta': 3}, 'reasoning_score': 2}",4pl_001_iif__lattice_emulation,local_oracle_baseline,4pl_001_iif__lattice_emulation__information_peak,8,information_peak,item_information,4PL,lattice_emulation,"{'color_palette': 'colorblind', 'gridlines': 'faint', 'height_px': 750, 'image_format': 'png', 'image_path': 'data/benchmark/images/4pl_001_iif__lattice_emulation.png', 'legend_position': 'outside', 'line_width': 2.0, 'num_rendered_lines': 1, 'render_engine': 'matplotlib_lattice_emulation', 'style_context': 'classic', 'style_profile_id': 'lattice_emulation', 'theme': 'light', 'tick_density': 'standard', 'width_px': 1125, 'x_axis': {'label': 'Ability (theta)', 'max': 4.0, 'min': -4.0}, 'y_axis': {'label': 'Information', 'max': 0.3426, 'min': 0.0}}",matplotlib_lattice_emulation,light
"{'peak_information': 0.0611, 'peak_theta': 0.0064}",deterministic_reference_rubric_v1,"Parsed target JSON, compared fields to stored ground truth, and applied fixed rubric thresholds.",4pl_001_iif__lattice_emulation__information_peak__noisy__deterministic_judge,8,0.875,True,4pl_001_iif__lattice_emulation__information_peak__noisy,"{'field_scores': {'peak_information': 3, 'peak_theta': 3}, 'reasoning_score': 1}",4pl_001_iif__lattice_emulation,local_noisy_baseline,4pl_001_iif__lattice_emulation__information_peak,7,information_peak,item_information,4PL,lattice_emulation,"{'color_palette': 'colorblind', 'gridlines': 'faint', 'height_px': 750, 'image_format': 'png', 'image_path': 'data/benchmark/images/4pl_001_iif__lattice_emulation.png', 'legend_position': 'outside', 'line_width': 2.0, 'num_rendered_lines': 1, 'render_engine': 'matplotlib_lattice_emulation', 'style_context': 'classic', 'style_profile_id': 'lattice_emulation', 'theme': 'light', 'tick_density': 'standard', 'width_px': 1125, 'x_axis': {'label': 'Ability (theta)', 'max': 4.0, 'min': -4.0}, 'y_axis': {'label': 'Information', 'max': 0.3426, 'min': 0.0}}",matplotlib_lattice_emulation,light
"{'peak_information': 0.4458, 'peak_theta': 0.0058}",deterministic_reference_rubric_v1,"Parsed target JSON, compared fields to stored ground truth, and applied fixed rubric thresholds.",4pl_001_iif__lattice_emulation__information_peak__blind__deterministic_judge,8,0.625,True,4pl_001_iif__lattice_emulation__information_peak__blind,"{'field_scores': {'peak_information': 1, 'peak_theta': 3}, 'reasoning_score': 1}",4pl_001_iif__lattice_emulation,local_blind_baseline,4pl_001_iif__lattice_emulation__information_peak,5,information_peak,item_information,4PL,lattice_emulation,"{'color_palette': 'colorblind', 'gridlines': 'faint', 'height_px': 750, 'image_format': 'png', 'image_path': 'data/benchmark/images/4pl_001_iif__lattice_emulation.png', 'legend_position': 'outside', 'line_width': 2.0, 'num_rendered_lines': 1, 'render_engine': 'matplotlib_lattice_emulation', 'style_context': 'classic', 'style_profile_id': 'lattice_emulation', 'theme': 'light', 'tick_density': 'standard', 'width_px': 1125, 'x_axis': {'label': 'Ability (theta)', 'max': 4.0, 'min': -4.0}, 'y_axis': {'label': 'Information', 'max': 0.3426, 'min': 0.0}}",matplotlib_lattice_emulation,light
"{'irt_model': {'expected': 'PCM', 'observed': 'PCM'}}",deterministic_reference_rubric_v1,"Parsed target JSON, compared fields to stored ground truth, and applied fixed rubric thresholds.",pcm_001_crc__matplotlib_light__model_identification__oracle__deterministic_judge,3,1.0,True,pcm_001_crc__matplotlib_light__model_identification__oracle,"{'field_scores': {'irt_model': 1}, 'reasoning_score': 2}",pcm_001_crc__matplotlib_light,local_oracle_baseline,pcm_001_crc__matplotlib_light__model_identification,3,model_identification,polytomous_crc,PCM,matplotlib_light,"{'color_palette': 'tab10', 'gridlines': 'standard', 'height_px': 750, 'image_format': 'png', 'image_path': 'data/benchmark/images/pcm_001_crc__matplotlib_light.png', 'legend_position': 'best', 'line_width': 2.4, 'num_rendered_lines': 4, 'render_engine': 'matplotlib', 'style_context': 'default', 'style_profile_id': 'matplotlib_light', 'theme': 'light', 'tick_density': 'standard', 'width_px': 1125, 'x_axis': {'label': 'Ability (theta)', 'max': 4.0, 'min': -4.0}, 'y_axis': {'label': 'Category probability', 'max': 1.02, 'min': 0.0}}",matplotlib,light
"{'irt_model': {'expected': 'PCM', 'observed': 'PCM'}}",deterministic_reference_rubric_v1,"Parsed target JSON, compared fields to stored ground truth, and applied fixed rubric thresholds.",pcm_001_crc__matplotlib_light__model_identification__noisy__deterministic_judge,3,0.6667,True,pcm_001_crc__matplotlib_light__model_identification__noisy,"{'field_scores': {'irt_model': 1}, 'reasoning_score': 1}",pcm_001_crc__matplotlib_light,local_noisy_baseline,pcm_001_crc__matplotlib_light__model_identification,2,model_identification,polytomous_crc,PCM,matplotlib_light,"{'color_palette': 'tab10', 'gridlines': 'standard', 'height_px': 750, 'image_format': 'png', 'image_path': 'data/benchmark/images/pcm_001_crc__matplotlib_light.png', 'legend_position': 'best', 'line_width': 2.4, 'num_rendered_lines': 4, 'render_engine': 'matplotlib', 'style_context': 'default', 'style_profile_id': 'matplotlib_light', 'theme': 'light', 'tick_density': 'standard', 'width_px': 1125, 'x_axis': {'label': 'Ability (theta)', 'max': 4.0, 'min': -4.0}, 'y_axis': {'label': 'Category probability', 'max': 1.02, 'min': 0.0}}",matplotlib,light
"{'irt_model': {'expected': 'PCM', 'observed': '2PL'}}",deterministic_reference_rubric_v1,"Parsed target JSON, compared fields to stored ground truth, and applied fixed rubric thresholds.",pcm_001_crc__matplotlib_light__model_identification__blind__deterministic_judge,3,0.3333,True,pcm_001_crc__matplotlib_light__model_identification__blind,"{'field_scores': {'irt_model': 0}, 'reasoning_score': 1}",pcm_001_crc__matplotlib_light,local_blind_baseline,pcm_001_crc__matplotlib_light__model_identification,1,model_identification,polytomous_crc,PCM,matplotlib_light,"{'color_palette': 'tab10', 'gridlines': 'standard', 'height_px': 750, 'image_format': 'png', 'image_path': 'data/benchmark/images/pcm_001_crc__matplotlib_light.png', 'legend_position': 'best', 'line_width': 2.4, 'num_rendered_lines': 4, 'render_engine': 'matplotlib', 'style_context': 'default', 'style_profile_id': 'matplotlib_light', 'theme': 'light', 'tick_density': 'standard', 'width_px': 1125, 'x_axis': {'label': 'Ability (theta)', 'max': 4.0, 'min': -4.0}, 'y_axis': {'label': 'Category probability', 'max': 1.02, 'min': 0.0}}",matplotlib,light
"{'expected_score_at_theta_0': 0.0, 'irt_model': {'expected': 'PCM', 'observed': 'PCM'}, 'most_likely_category_at_theta_0': 0, 'num_categories': 0}",deterministic_reference_rubric_v1,"Parsed target JSON, compared fields to stored ground truth, and applied fixed rubric thresholds.",pcm_001_crc__matplotlib_light__category_curve_reasoning__oracle__deterministic_judge,8,1.0,True,pcm_001_crc__matplotlib_light__category_curve_reasoning__oracle,"{'field_scores': {'expected_score_at_theta_0': 3, 'irt_model': 1, 'most_likely_category_at_theta_0': 1, 'num_categories': 1}, 'reasoning_score': 2}",pcm_001_crc__matplotlib_light,local_oracle_baseline,pcm_001_crc__matplotlib_light__category_curve_reasoning,8,category_curve_reasoning,polytomous_crc,PCM,matplotlib_light,"{'color_palette': 'tab10', 'gridlines': 'standard', 'height_px': 750, 'image_format': 'png', 'image_path': 'data/benchmark/images/pcm_001_crc__matplotlib_light.png', 'legend_position': 'best', 'line_width': 2.4, 'num_rendered_lines': 4, 'render_engine': 'matplotlib', 'style_context': 'default', 'style_profile_id': 'matplotlib_light', 'theme': 'light', 'tick_density': 'standard', 'width_px': 1125, 'x_axis': {'label': 'Ability (theta)', 'max': 4.0, 'min': -4.0}, 'y_axis': {'label': 'Category probability', 'max': 1.02, 'min': 0.0}}",matplotlib,light
"{'expected_score_at_theta_0': 0.0712, 'irt_model': {'expected': 'PCM', 'observed': 'PCM'}, 'most_likely_category_at_theta_0': 0, 'num_categories': 0}",deterministic_reference_rubric_v1,"Parsed target JSON, compared fields to stored ground truth, and applied fixed rubric thresholds.",pcm_001_crc__matplotlib_light__category_curve_reasoning__noisy__deterministic_judge,8,0.875,True,pcm_001_crc__matplotlib_light__category_curve_reasoning__noisy,"{'field_scores': {'expected_score_at_theta_0': 3, 'irt_model': 1, 'most_likely_category_at_theta_0': 1, 'num_categories': 1}, 'reasoning_score': 1}",pcm_001_crc__matplotlib_light,local_noisy_baseline,pcm_001_crc__matplotlib_light__category_curve_reasoning,7,category_curve_reasoning,polytomous_crc,PCM,matplotlib_light,"{'color_palette': 'tab10', 'gridlines': 'standard', 'height_px': 750, 'image_format': 'png', 'image_path': 'data/benchmark/images/pcm_001_crc__matplotlib_light.png', 'legend_position': 'best', 'line_width': 2.4, 'num_rendered_lines': 4, 'render_engine': 'matplotlib', 'style_context': 'default', 'style_profile_id': 'matplotlib_light', 'theme': 'light', 'tick_density': 'standard', 'width_px': 1125, 'x_axis': {'label': 'Ability (theta)', 'max': 4.0, 'min': -4.0}, 'y_axis': {'label': 'Category probability', 'max': 1.02, 'min': 0.0}}",matplotlib,light
"{'expected_score_at_theta_0': 1.3749, 'irt_model': {'expected': 'PCM', 'observed': '2PL'}, 'most_likely_category_at_theta_0': -1, 'num_categories': -1}",deterministic_reference_rubric_v1,"Parsed target JSON, compared fields to stored ground truth, and applied fixed rubric thresholds.",pcm_001_crc__matplotlib_light__category_curve_reasoning__blind__deterministic_judge,8,0.125,True,pcm_001_crc__matplotlib_light__category_curve_reasoning__blind,"{'field_scores': {'expected_score_at_theta_0': 0, 'irt_model': 0, 'most_likely_category_at_theta_0': 0, 'num_categories': 0}, 'reasoning_score': 1}",pcm_001_crc__matplotlib_light,local_blind_baseline,pcm_001_crc__matplotlib_light__category_curve_reasoning,1,category_curve_reasoning,polytomous_crc,PCM,matplotlib_light,"{'color_palette': 'tab10', 'gridlines': 'standard', 'height_px': 750, 'image_format': 'png', 'image_path': 'data/benchmark/images/pcm_001_crc__matplotlib_light.png', 'legend_position': 'best', 'line_width': 2.4, 'num_rendered_lines': 4, 'render_engine': 'matplotlib', 'style_context': 'default', 'style_profile_id': 'matplotlib_light', 'theme': 'light', 'tick_density': 'standard', 'width_px': 1125, 'x_axis': {'label': 'Ability (theta)', 'max': 4.0, 'min': -4.0}, 'y_axis': {'label': 'Category probability', 'max': 1.02, 'min': 0.0}}",matplotlib,light
"{'irt_model': {'expected': 'PCM', 'observed': 'PCM'}}",deterministic_reference_rubric_v1,"Parsed target JSON, compared fields to stored ground truth, and applied fixed rubric thresholds.",pcm_001_crc__seaborn_whitegrid__model_identification__oracle__deterministic_judge,3,1.0,True,pcm_001_crc__seaborn_whitegrid__model_identification__oracle,"{'field_scores': {'irt_model': 1}, 'reasoning_score': 2}",pcm_001_crc__seaborn_whitegrid,local_oracle_baseline,pcm_001_crc__seaborn_whitegrid__model_identification,3,model_identification,polytomous_crc,PCM,seaborn_whitegrid,"{'color_palette': 'deep', 'gridlines': 'standard', 'height_px': 750, 'image_format': 'png', 'image_path': 'data/benchmark/images/pcm_001_crc__seaborn_whitegrid.png', 'legend_position': 'right', 'line_width': 2.4, 'num_rendered_lines': 4, 'render_engine': 'seaborn', 'style_context': 'whitegrid', 'style_profile_id': 'seaborn_whitegrid', 'theme': 'light', 'tick_density': 'standard', 'width_px': 1125, 'x_axis': {'label': 'Ability (theta)', 'max': 4.0, 'min': -4.0}, 'y_axis': {'label': 'Category probability', 'max': 1.02, 'min': 0.0}}",seaborn,light
"{'irt_model': {'expected': 'PCM', 'observed': 'PCM'}}",deterministic_reference_rubric_v1,"Parsed target JSON, compared fields to stored ground truth, and applied fixed rubric thresholds.",pcm_001_crc__seaborn_whitegrid__model_identification__noisy__deterministic_judge,3,0.6667,True,pcm_001_crc__seaborn_whitegrid__model_identification__noisy,"{'field_scores': {'irt_model': 1}, 'reasoning_score': 1}",pcm_001_crc__seaborn_whitegrid,local_noisy_baseline,pcm_001_crc__seaborn_whitegrid__model_identification,2,model_identification,polytomous_crc,PCM,seaborn_whitegrid,"{'color_palette': 'deep', 'gridlines': 'standard', 'height_px': 750, 'image_format': 'png', 'image_path': 'data/benchmark/images/pcm_001_crc__seaborn_whitegrid.png', 'legend_position': 'right', 'line_width': 2.4, 'num_rendered_lines': 4, 'render_engine': 'seaborn', 'style_context': 'whitegrid', 'style_profile_id': 'seaborn_whitegrid', 'theme': 'light', 'tick_density': 'standard', 'width_px': 1125, 'x_axis': {'label': 'Ability (theta)', 'max': 4.0, 'min': -4.0}, 'y_axis': {'label': 'Category probability', 'max': 1.02, 'min': 0.0}}",seaborn,light
"{'irt_model': {'expected': 'PCM', 'observed': '2PL'}}",deterministic_reference_rubric_v1,"Parsed target JSON, compared fields to stored ground truth, and applied fixed rubric thresholds.",pcm_001_crc__seaborn_whitegrid__model_identification__blind__deterministic_judge,3,0.3333,True,pcm_001_crc__seaborn_whitegrid__model_identification__blind,"{'field_scores': {'irt_model': 0}, 'reasoning_score': 1}",pcm_001_crc__seaborn_whitegrid,local_blind_baseline,pcm_001_crc__seaborn_whitegrid__model_identification,1,model_identification,polytomous_crc,PCM,seaborn_whitegrid,"{'color_palette': 'deep', 'gridlines': 'standard', 'height_px': 750, 'image_format': 'png', 'image_path': 'data/benchmark/images/pcm_001_crc__seaborn_whitegrid.png', 'legend_position': 'right', 'line_width': 2.4, 'num_rendered_lines': 4, 'render_engine': 'seaborn', 'style_context': 'whitegrid', 'style_profile_id': 'seaborn_whitegrid', 'theme': 'light', 'tick_density': 'standard', 'width_px': 1125, 'x_axis': {'label': 'Ability (theta)', 'max': 4.0, 'min': -4.0}, 'y_axis': {'label': 'Category probability', 'max': 1.02, 'min': 0.0}}",seaborn,light
"{'expected_score_at_theta_0': 0.0, 'irt_model': {'expected': 'PCM', 'observed': 'PCM'}, 'most_likely_category_at_theta_0': 0, 'num_categories': 0}",deterministic_reference_rubric_v1,"Parsed target JSON, compared fields to stored ground truth, and applied fixed rubric thresholds.",pcm_001_crc__seaborn_whitegrid__category_curve_reasoning__oracle__deterministic_judge,8,1.0,True,pcm_001_crc__seaborn_whitegrid__category_curve_reasoning__oracle,"{'field_scores': {'expected_score_at_theta_0': 3, 'irt_model': 1, 'most_likely_category_at_theta_0': 1, 'num_categories': 1}, 'reasoning_score': 2}",pcm_001_crc__seaborn_whitegrid,local_oracle_baseline,pcm_001_crc__seaborn_whitegrid__category_curve_reasoning,8,category_curve_reasoning,polytomous_crc,PCM,seaborn_whitegrid,"{'color_palette': 'deep', 'gridlines': 'standard', 'height_px': 750, 'image_format': 'png', 'image_path': 'data/benchmark/images/pcm_001_crc__seaborn_whitegrid.png', 'legend_position': 'right', 'line_width': 2.4, 'num_rendered_lines': 4, 'render_engine': 'seaborn', 'style_context': 'whitegrid', 'style_profile_id': 'seaborn_whitegrid', 'theme': 'light', 'tick_density': 'standard', 'width_px': 1125, 'x_axis': {'label': 'Ability (theta)', 'max': 4.0, 'min': -4.0}, 'y_axis': {'label': 'Category probability', 'max': 1.02, 'min': 0.0}}",seaborn,light
"{'expected_score_at_theta_0': 0.1294, 'irt_model': {'expected': 'PCM', 'observed': 'PCM'}, 'most_likely_category_at_theta_0': 0, 'num_categories': 0}",deterministic_reference_rubric_v1,"Parsed target JSON, compared fields to stored ground truth, and applied fixed rubric thresholds.",pcm_001_crc__seaborn_whitegrid__category_curve_reasoning__noisy__deterministic_judge,8,0.875,True,pcm_001_crc__seaborn_whitegrid__category_curve_reasoning__noisy,"{'field_scores': {'expected_score_at_theta_0': 3, 'irt_model': 1, 'most_likely_category_at_theta_0': 1, 'num_categories': 1}, 'reasoning_score': 1}",pcm_001_crc__seaborn_whitegrid,local_noisy_baseline,pcm_001_crc__seaborn_whitegrid__category_curve_reasoning,7,category_curve_reasoning,polytomous_crc,PCM,seaborn_whitegrid,"{'color_palette': 'deep', 'gridlines': 'standard', 'height_px': 750, 'image_format': 'png', 'image_path': 'data/benchmark/images/pcm_001_crc__seaborn_whitegrid.png', 'legend_position': 'right', 'line_width': 2.4, 'num_rendered_lines': 4, 'render_engine': 'seaborn', 'style_context': 'whitegrid', 'style_profile_id': 'seaborn_whitegrid', 'theme': 'light', 'tick_density': 'standard', 'width_px': 1125, 'x_axis': {'label': 'Ability (theta)', 'max': 4.0, 'min': -4.0}, 'y_axis': {'label': 'Category probability', 'max': 1.02, 'min': 0.0}}",seaborn,light
"{'expected_score_at_theta_0': 0.8695, 'irt_model': {'expected': 'PCM', 'observed': '2PL'}, 'most_likely_category_at_theta_0': 1, 'num_categories': 1}",deterministic_reference_rubric_v1,"Parsed target JSON, compared fields to stored ground truth, and applied fixed rubric thresholds.",pcm_001_crc__seaborn_whitegrid__category_curve_reasoning__blind__deterministic_judge,8,0.25,True,pcm_001_crc__seaborn_whitegrid__category_curve_reasoning__blind,"{'field_scores': {'expected_score_at_theta_0': 1, 'irt_model': 0, 'most_likely_category_at_theta_0': 0, 'num_categories': 0}, 'reasoning_score': 1}",pcm_001_crc__seaborn_whitegrid,local_blind_baseline,pcm_001_crc__seaborn_whitegrid__category_curve_reasoning,2,category_curve_reasoning,polytomous_crc,PCM,seaborn_whitegrid,"{'color_palette': 'deep', 'gridlines': 'standard', 'height_px': 750, 'image_format': 'png', 'image_path': 'data/benchmark/images/pcm_001_crc__seaborn_whitegrid.png', 'legend_position': 'right', 'line_width': 2.4, 'num_rendered_lines': 4, 'render_engine': 'seaborn', 'style_context': 'whitegrid', 'style_profile_id': 'seaborn_whitegrid', 'theme': 'light', 'tick_density': 'standard', 'width_px': 1125, 'x_axis': {'label': 'Ability (theta)', 'max': 4.0, 'min': -4.0}, 'y_axis': {'label': 'Category probability', 'max': 1.02, 'min': 0.0}}",seaborn,light
"{'irt_model': {'expected': 'PCM', 'observed': 'PCM'}}",deterministic_reference_rubric_v1,"Parsed target JSON, compared fields to stored ground truth, and applied fixed rubric thresholds.",pcm_001_crc__ggplot_gray__model_identification__oracle__deterministic_judge,3,1.0,True,pcm_001_crc__ggplot_gray__model_identification__oracle,"{'field_scores': {'irt_model': 1}, 'reasoning_score': 2}",pcm_001_crc__ggplot_gray,local_oracle_baseline,pcm_001_crc__ggplot_gray__model_identification,3,model_identification,polytomous_crc,PCM,ggplot_gray,"{'color_palette': 'muted', 'gridlines': 'heavy', 'height_px': 750, 'image_format': 'png', 'image_path': 'data/benchmark/images/pcm_001_crc__ggplot_gray.png', 'legend_position': 'best', 'line_width': 2.2, 'num_rendered_lines': 4, 'render_engine': 'matplotlib_ggplot_style', 'style_context': 'ggplot', 'style_profile_id': 'ggplot_gray', 'theme': 'light', 'tick_density': 'dense', 'width_px': 1125, 'x_axis': {'label': 'Ability (theta)', 'max': 4.0, 'min': -4.0}, 'y_axis': {'label': 'Category probability', 'max': 1.02, 'min': 0.0}}",matplotlib_ggplot_style,light
"{'irt_model': {'expected': 'PCM', 'observed': 'PCM'}}",deterministic_reference_rubric_v1,"Parsed target JSON, compared fields to stored ground truth, and applied fixed rubric thresholds.",pcm_001_crc__ggplot_gray__model_identification__noisy__deterministic_judge,3,0.6667,True,pcm_001_crc__ggplot_gray__model_identification__noisy,"{'field_scores': {'irt_model': 1}, 'reasoning_score': 1}",pcm_001_crc__ggplot_gray,local_noisy_baseline,pcm_001_crc__ggplot_gray__model_identification,2,model_identification,polytomous_crc,PCM,ggplot_gray,"{'color_palette': 'muted', 'gridlines': 'heavy', 'height_px': 750, 'image_format': 'png', 'image_path': 'data/benchmark/images/pcm_001_crc__ggplot_gray.png', 'legend_position': 'best', 'line_width': 2.2, 'num_rendered_lines': 4, 'render_engine': 'matplotlib_ggplot_style', 'style_context': 'ggplot', 'style_profile_id': 'ggplot_gray', 'theme': 'light', 'tick_density': 'dense', 'width_px': 1125, 'x_axis': {'label': 'Ability (theta)', 'max': 4.0, 'min': -4.0}, 'y_axis': {'label': 'Category probability', 'max': 1.02, 'min': 0.0}}",matplotlib_ggplot_style,light
"{'irt_model': {'expected': 'PCM', 'observed': '2PL'}}",deterministic_reference_rubric_v1,"Parsed target JSON, compared fields to stored ground truth, and applied fixed rubric thresholds.",pcm_001_crc__ggplot_gray__model_identification__blind__deterministic_judge,3,0.3333,True,pcm_001_crc__ggplot_gray__model_identification__blind,"{'field_scores': {'irt_model': 0}, 'reasoning_score': 1}",pcm_001_crc__ggplot_gray,local_blind_baseline,pcm_001_crc__ggplot_gray__model_identification,1,model_identification,polytomous_crc,PCM,ggplot_gray,"{'color_palette': 'muted', 'gridlines': 'heavy', 'height_px': 750, 'image_format': 'png', 'image_path': 'data/benchmark/images/pcm_001_crc__ggplot_gray.png', 'legend_position': 'best', 'line_width': 2.2, 'num_rendered_lines': 4, 'render_engine': 'matplotlib_ggplot_style', 'style_context': 'ggplot', 'style_profile_id': 'ggplot_gray', 'theme': 'light', 'tick_density': 'dense', 'width_px': 1125, 'x_axis': {'label': 'Ability (theta)', 'max': 4.0, 'min': -4.0}, 'y_axis': {'label': 'Category probability', 'max': 1.02, 'min': 0.0}}",matplotlib_ggplot_style,light
"{'expected_score_at_theta_0': 0.0, 'irt_model': {'expected': 'PCM', 'observed': 'PCM'}, 'most_likely_category_at_theta_0': 0, 'num_categories': 0}",deterministic_reference_rubric_v1,"Parsed target JSON, compared fields to stored ground truth, and applied fixed rubric thresholds.",pcm_001_crc__ggplot_gray__category_curve_reasoning__oracle__deterministic_judge,8,1.0,True,pcm_001_crc__ggplot_gray__category_curve_reasoning__oracle,"{'field_scores': {'expected_score_at_theta_0': 3, 'irt_model': 1, 'most_likely_category_at_theta_0': 1, 'num_categories': 1}, 'reasoning_score': 2}",pcm_001_crc__ggplot_gray,local_oracle_baseline,pcm_001_crc__ggplot_gray__category_curve_reasoning,8,category_curve_reasoning,polytomous_crc,PCM,ggplot_gray,"{'color_palette': 'muted', 'gridlines': 'heavy', 'height_px': 750, 'image_format': 'png', 'image_path': 'data/benchmark/images/pcm_001_crc__ggplot_gray.png', 'legend_position': 'best', 'line_width': 2.2, 'num_rendered_lines': 4, 'render_engine': 'matplotlib_ggplot_style', 'style_context': 'ggplot', 'style_profile_id': 'ggplot_gray', 'theme': 'light', 'tick_density': 'dense', 'width_px': 1125, 'x_axis': {'label': 'Ability (theta)', 'max': 4.0, 'min': -4.0}, 'y_axis': {'label': 'Category probability', 'max': 1.02, 'min': 0.0}}",matplotlib_ggplot_style,light
"{'expected_score_at_theta_0': 0.0907, 'irt_model': {'expected': 'PCM', 'observed': 'PCM'}, 'most_likely_category_at_theta_0': 0, 'num_categories': 0}",deterministic_reference_rubric_v1,"Parsed target JSON, compared fields to stored ground truth, and applied fixed rubric thresholds.",pcm_001_crc__ggplot_gray__category_curve_reasoning__noisy__deterministic_judge,8,0.875,True,pcm_001_crc__ggplot_gray__category_curve_reasoning__noisy,"{'field_scores': {'expected_score_at_theta_0': 3, 'irt_model': 1, 'most_likely_category_at_theta_0': 1, 'num_categories': 1}, 'reasoning_score': 1}",pcm_001_crc__ggplot_gray,local_noisy_baseline,pcm_001_crc__ggplot_gray__category_curve_reasoning,7,category_curve_reasoning,polytomous_crc,PCM,ggplot_gray,"{'color_palette': 'muted', 'gridlines': 'heavy', 'height_px': 750, 'image_format': 'png', 'image_path': 'data/benchmark/images/pcm_001_crc__ggplot_gray.png', 'legend_position': 'best', 'line_width': 2.2, 'num_rendered_lines': 4, 'render_engine': 'matplotlib_ggplot_style', 'style_context': 'ggplot', 'style_profile_id': 'ggplot_gray', 'theme': 'light', 'tick_density': 'dense', 'width_px': 1125, 'x_axis': {'label': 'Ability (theta)', 'max': 4.0, 'min': -4.0}, 'y_axis': {'label': 'Category probability', 'max': 1.02, 'min': 0.0}}",matplotlib_ggplot_style,light
"{'expected_score_at_theta_0': 0.2591, 'irt_model': {'expected': 'PCM', 'observed': '2PL'}, 'most_likely_category_at_theta_0': 1, 'num_categories': 1}",deterministic_reference_rubric_v1,"Parsed target JSON, compared fields to stored ground truth, and applied fixed rubric thresholds.",pcm_001_crc__ggplot_gray__category_curve_reasoning__blind__deterministic_judge,8,0.375,True,pcm_001_crc__ggplot_gray__category_curve_reasoning__blind,"{'field_scores': {'expected_score_at_theta_0': 2, 'irt_model': 0, 'most_likely_category_at_theta_0': 0, 'num_categories': 0}, 'reasoning_score': 1}",pcm_001_crc__ggplot_gray,local_blind_baseline,pcm_001_crc__ggplot_gray__category_curve_reasoning,3,category_curve_reasoning,polytomous_crc,PCM,ggplot_gray,"{'color_palette': 'muted', 'gridlines': 'heavy', 'height_px': 750, 'image_format': 'png', 'image_path': 'data/benchmark/images/pcm_001_crc__ggplot_gray.png', 'legend_position': 'best', 'line_width': 2.2, 'num_rendered_lines': 4, 'render_engine': 'matplotlib_ggplot_style', 'style_context': 'ggplot', 'style_profile_id': 'ggplot_gray', 'theme': 'light', 'tick_density': 'dense', 'width_px': 1125, 'x_axis': {'label': 'Ability (theta)', 'max': 4.0, 'min': -4.0}, 'y_axis': {'label': 'Category probability', 'max': 1.02, 'min': 0.0}}",matplotlib_ggplot_style,light
"{'irt_model': {'expected': 'PCM', 'observed': 'PCM'}}",deterministic_reference_rubric_v1,"Parsed target JSON, compared fields to stored ground truth, and applied fixed rubric thresholds.",pcm_001_crc__grayscale_no_grid__model_identification__oracle__deterministic_judge,3,1.0,True,pcm_001_crc__grayscale_no_grid__model_identification__oracle,"{'field_scores': {'irt_model': 1}, 'reasoning_score': 2}",pcm_001_crc__grayscale_no_grid,local_oracle_baseline,pcm_001_crc__grayscale_no_grid__model_identification,3,model_identification,polytomous_crc,PCM,grayscale_no_grid,"{'color_palette': 'grayscale', 'gridlines': 'none', 'height_px': 750, 'image_format': 'png', 'image_path': 'data/benchmark/images/pcm_001_crc__grayscale_no_grid.png', 'legend_position': 'bottom', 'line_width': 2.6, 'num_rendered_lines': 4, 'render_engine': 'matplotlib', 'style_context': 'default', 'style_profile_id': 'grayscale_no_grid', 'theme': 'light', 'tick_density': 'sparse', 'width_px': 1125, 'x_axis': {'label': 'Ability (theta)', 'max': 4.0, 'min': -4.0}, 'y_axis': {'label': 'Category probability', 'max': 1.02, 'min': 0.0}}",matplotlib,light
"{'irt_model': {'expected': 'PCM', 'observed': 'PCM'}}",deterministic_reference_rubric_v1,"Parsed target JSON, compared fields to stored ground truth, and applied fixed rubric thresholds.",pcm_001_crc__grayscale_no_grid__model_identification__noisy__deterministic_judge,3,0.6667,True,pcm_001_crc__grayscale_no_grid__model_identification__noisy,"{'field_scores': {'irt_model': 1}, 'reasoning_score': 1}",pcm_001_crc__grayscale_no_grid,local_noisy_baseline,pcm_001_crc__grayscale_no_grid__model_identification,2,model_identification,polytomous_crc,PCM,grayscale_no_grid,"{'color_palette': 'grayscale', 'gridlines': 'none', 'height_px': 750, 'image_format': 'png', 'image_path': 'data/benchmark/images/pcm_001_crc__grayscale_no_grid.png', 'legend_position': 'bottom', 'line_width': 2.6, 'num_rendered_lines': 4, 'render_engine': 'matplotlib', 'style_context': 'default', 'style_profile_id': 'grayscale_no_grid', 'theme': 'light', 'tick_density': 'sparse', 'width_px': 1125, 'x_axis': {'label': 'Ability (theta)', 'max': 4.0, 'min': -4.0}, 'y_axis': {'label': 'Category probability', 'max': 1.02, 'min': 0.0}}",matplotlib,light
"{'irt_model': {'expected': 'PCM', 'observed': '2PL'}}",deterministic_reference_rubric_v1,"Parsed target JSON, compared fields to stored ground truth, and applied fixed rubric thresholds.",pcm_001_crc__grayscale_no_grid__model_identification__blind__deterministic_judge,3,0.3333,True,pcm_001_crc__grayscale_no_grid__model_identification__blind,"{'field_scores': {'irt_model': 0}, 'reasoning_score': 1}",pcm_001_crc__grayscale_no_grid,local_blind_baseline,pcm_001_crc__grayscale_no_grid__model_identification,1,model_identification,polytomous_crc,PCM,grayscale_no_grid,"{'color_palette': 'grayscale', 'gridlines': 'none', 'height_px': 750, 'image_format': 'png', 'image_path': 'data/benchmark/images/pcm_001_crc__grayscale_no_grid.png', 'legend_position': 'bottom', 'line_width': 2.6, 'num_rendered_lines': 4, 'render_engine': 'matplotlib', 'style_context': 'default', 'style_profile_id': 'grayscale_no_grid', 'theme': 'light', 'tick_density': 'sparse', 'width_px': 1125, 'x_axis': {'label': 'Ability (theta)', 'max': 4.0, 'min': -4.0}, 'y_axis': {'label': 'Category probability', 'max': 1.02, 'min': 0.0}}",matplotlib,light
"{'expected_score_at_theta_0': 0.0, 'irt_model': {'expected': 'PCM', 'observed': 'PCM'}, 'most_likely_category_at_theta_0': 0, 'num_categories': 0}",deterministic_reference_rubric_v1,"Parsed target JSON, compared fields to stored ground truth, and applied fixed rubric thresholds.",pcm_001_crc__grayscale_no_grid__category_curve_reasoning__oracle__deterministic_judge,8,1.0,True,pcm_001_crc__grayscale_no_grid__category_curve_reasoning__oracle,"{'field_scores': {'expected_score_at_theta_0': 3, 'irt_model': 1, 'most_likely_category_at_theta_0': 1, 'num_categories': 1}, 'reasoning_score': 2}",pcm_001_crc__grayscale_no_grid,local_oracle_baseline,pcm_001_crc__grayscale_no_grid__category_curve_reasoning,8,category_curve_reasoning,polytomous_crc,PCM,grayscale_no_grid,"{'color_palette': 'grayscale', 'gridlines': 'none', 'height_px': 750, 'image_format': 'png', 'image_path': 'data/benchmark/images/pcm_001_crc__grayscale_no_grid.png', 'legend_position': 'bottom', 'line_width': 2.6, 'num_rendered_lines': 4, 'render_engine': 'matplotlib', 'style_context': 'default', 'style_profile_id': 'grayscale_no_grid', 'theme': 'light', 'tick_density': 'sparse', 'width_px': 1125, 'x_axis': {'label': 'Ability (theta)', 'max': 4.0, 'min': -4.0}, 'y_axis': {'label': 'Category probability', 'max': 1.02, 'min': 0.0}}",matplotlib,light
"{'expected_score_at_theta_0': 0.1024, 'irt_model': {'expected': 'PCM', 'observed': 'PCM'}, 'most_likely_category_at_theta_0': 0, 'num_categories': 0}",deterministic_reference_rubric_v1,"Parsed target JSON, compared fields to stored ground truth, and applied fixed rubric thresholds.",pcm_001_crc__grayscale_no_grid__category_curve_reasoning__noisy__deterministic_judge,8,0.875,True,pcm_001_crc__grayscale_no_grid__category_curve_reasoning__noisy,"{'field_scores': {'expected_score_at_theta_0': 3, 'irt_model': 1, 'most_likely_category_at_theta_0': 1, 'num_categories': 1}, 'reasoning_score': 1}",pcm_001_crc__grayscale_no_grid,local_noisy_baseline,pcm_001_crc__grayscale_no_grid__category_curve_reasoning,7,category_curve_reasoning,polytomous_crc,PCM,grayscale_no_grid,"{'color_palette': 'grayscale', 'gridlines': 'none', 'height_px': 750, 'image_format': 'png', 'image_path': 'data/benchmark/images/pcm_001_crc__grayscale_no_grid.png', 'legend_position': 'bottom', 'line_width': 2.6, 'num_rendered_lines': 4, 'render_engine': 'matplotlib', 'style_context': 'default', 'style_profile_id': 'grayscale_no_grid', 'theme': 'light', 'tick_density': 'sparse', 'width_px': 1125, 'x_axis': {'label': 'Ability (theta)', 'max': 4.0, 'min': -4.0}, 'y_axis': {'label': 'Category probability', 'max': 1.02, 'min': 0.0}}",matplotlib,light
"{'expected_score_at_theta_0': 0.7528, 'irt_model': {'expected': 'PCM', 'observed': '2PL'}, 'most_likely_category_at_theta_0': 1, 'num_categories': -1}",deterministic_reference_rubric_v1,"Parsed target JSON, compared fields to stored ground truth, and applied fixed rubric thresholds.",pcm_001_crc__grayscale_no_grid__category_curve_reasoning__blind__deterministic_judge,8,0.25,True,pcm_001_crc__grayscale_no_grid__category_curve_reasoning__blind,"{'field_scores': {'expected_score_at_theta_0': 1, 'irt_model': 0, 'most_likely_category_at_theta_0': 0, 'num_categories': 0}, 'reasoning_score': 1}",pcm_001_crc__grayscale_no_grid,local_blind_baseline,pcm_001_crc__grayscale_no_grid__category_curve_reasoning,2,category_curve_reasoning,polytomous_crc,PCM,grayscale_no_grid,"{'color_palette': 'grayscale', 'gridlines': 'none', 'height_px': 750, 'image_format': 'png', 'image_path': 'data/benchmark/images/pcm_001_crc__grayscale_no_grid.png', 'legend_position': 'bottom', 'line_width': 2.6, 'num_rendered_lines': 4, 'render_engine': 'matplotlib', 'style_context': 'default', 'style_profile_id': 'grayscale_no_grid', 'theme': 'light', 'tick_density': 'sparse', 'width_px': 1125, 'x_axis': {'label': 'Ability (theta)', 'max': 4.0, 'min': -4.0}, 'y_axis': {'label': 'Category probability', 'max': 1.02, 'min': 0.0}}",matplotlib,light
"{'irt_model': {'expected': 'PCM', 'observed': 'PCM'}}",deterministic_reference_rubric_v1,"Parsed target JSON, compared fields to stored ground truth, and applied fixed rubric thresholds.",pcm_001_crc__dark_high_contrast__model_identification__oracle__deterministic_judge,3,1.0,True,pcm_001_crc__dark_high_contrast__model_identification__oracle,"{'field_scores': {'irt_model': 1}, 'reasoning_score': 2}",pcm_001_crc__dark_high_contrast,local_oracle_baseline,pcm_001_crc__dark_high_contrast__model_identification,3,model_identification,polytomous_crc,PCM,dark_high_contrast,"{'color_palette': 'bright', 'gridlines': 'faint', 'height_px': 750, 'image_format': 'png', 'image_path': 'data/benchmark/images/pcm_001_crc__dark_high_contrast.png', 'legend_position': 'best', 'line_width': 2.6, 'num_rendered_lines': 4, 'render_engine': 'matplotlib', 'style_context': 'dark_background', 'style_profile_id': 'dark_high_contrast', 'theme': 'dark', 'tick_density': 'standard', 'width_px': 1125, 'x_axis': {'label': 'Ability (theta)', 'max': 4.0, 'min': -4.0}, 'y_axis': {'label': 'Category probability', 'max': 1.02, 'min': 0.0}}",matplotlib,dark
"{'irt_model': {'expected': 'PCM', 'observed': 'PCM'}}",deterministic_reference_rubric_v1,"Parsed target JSON, compared fields to stored ground truth, and applied fixed rubric thresholds.",pcm_001_crc__dark_high_contrast__model_identification__noisy__deterministic_judge,3,0.6667,True,pcm_001_crc__dark_high_contrast__model_identification__noisy,"{'field_scores': {'irt_model': 1}, 'reasoning_score': 1}",pcm_001_crc__dark_high_contrast,local_noisy_baseline,pcm_001_crc__dark_high_contrast__model_identification,2,model_identification,polytomous_crc,PCM,dark_high_contrast,"{'color_palette': 'bright', 'gridlines': 'faint', 'height_px': 750, 'image_format': 'png', 'image_path': 'data/benchmark/images/pcm_001_crc__dark_high_contrast.png', 'legend_position': 'best', 'line_width': 2.6, 'num_rendered_lines': 4, 'render_engine': 'matplotlib', 'style_context': 'dark_background', 'style_profile_id': 'dark_high_contrast', 'theme': 'dark', 'tick_density': 'standard', 'width_px': 1125, 'x_axis': {'label': 'Ability (theta)', 'max': 4.0, 'min': -4.0}, 'y_axis': {'label': 'Category probability', 'max': 1.02, 'min': 0.0}}",matplotlib,dark
"{'irt_model': {'expected': 'PCM', 'observed': '2PL'}}",deterministic_reference_rubric_v1,"Parsed target JSON, compared fields to stored ground truth, and applied fixed rubric thresholds.",pcm_001_crc__dark_high_contrast__model_identification__blind__deterministic_judge,3,0.3333,True,pcm_001_crc__dark_high_contrast__model_identification__blind,"{'field_scores': {'irt_model': 0}, 'reasoning_score': 1}",pcm_001_crc__dark_high_contrast,local_blind_baseline,pcm_001_crc__dark_high_contrast__model_identification,1,model_identification,polytomous_crc,PCM,dark_high_contrast,"{'color_palette': 'bright', 'gridlines': 'faint', 'height_px': 750, 'image_format': 'png', 'image_path': 'data/benchmark/images/pcm_001_crc__dark_high_contrast.png', 'legend_position': 'best', 'line_width': 2.6, 'num_rendered_lines': 4, 'render_engine': 'matplotlib', 'style_context': 'dark_background', 'style_profile_id': 'dark_high_contrast', 'theme': 'dark', 'tick_density': 'standard', 'width_px': 1125, 'x_axis': {'label': 'Ability (theta)', 'max': 4.0, 'min': -4.0}, 'y_axis': {'label': 'Category probability', 'max': 1.02, 'min': 0.0}}",matplotlib,dark
"{'expected_score_at_theta_0': 0.0, 'irt_model': {'expected': 'PCM', 'observed': 'PCM'}, 'most_likely_category_at_theta_0': 0, 'num_categories': 0}",deterministic_reference_rubric_v1,"Parsed target JSON, compared fields to stored ground truth, and applied fixed rubric thresholds.",pcm_001_crc__dark_high_contrast__category_curve_reasoning__oracle__deterministic_judge,8,1.0,True,pcm_001_crc__dark_high_contrast__category_curve_reasoning__oracle,"{'field_scores': {'expected_score_at_theta_0': 3, 'irt_model': 1, 'most_likely_category_at_theta_0': 1, 'num_categories': 1}, 'reasoning_score': 2}",pcm_001_crc__dark_high_contrast,local_oracle_baseline,pcm_001_crc__dark_high_contrast__category_curve_reasoning,8,category_curve_reasoning,polytomous_crc,PCM,dark_high_contrast,"{'color_palette': 'bright', 'gridlines': 'faint', 'height_px': 750, 'image_format': 'png', 'image_path': 'data/benchmark/images/pcm_001_crc__dark_high_contrast.png', 'legend_position': 'best', 'line_width': 2.6, 'num_rendered_lines': 4, 'render_engine': 'matplotlib', 'style_context': 'dark_background', 'style_profile_id': 'dark_high_contrast', 'theme': 'dark', 'tick_density': 'standard', 'width_px': 1125, 'x_axis': {'label': 'Ability (theta)', 'max': 4.0, 'min': -4.0}, 'y_axis': {'label': 'Category probability', 'max': 1.02, 'min': 0.0}}",matplotlib,dark
"{'expected_score_at_theta_0': 0.4019, 'irt_model': {'expected': 'PCM', 'observed': 'PCM'}, 'most_likely_category_at_theta_0': 0, 'num_categories': 0}",deterministic_reference_rubric_v1,"Parsed target JSON, compared fields to stored ground truth, and applied fixed rubric thresholds.",pcm_001_crc__dark_high_contrast__category_curve_reasoning__noisy__deterministic_judge,8,0.75,True,pcm_001_crc__dark_high_contrast__category_curve_reasoning__noisy,"{'field_scores': {'expected_score_at_theta_0': 2, 'irt_model': 1, 'most_likely_category_at_theta_0': 1, 'num_categories': 1}, 'reasoning_score': 1}",pcm_001_crc__dark_high_contrast,local_noisy_baseline,pcm_001_crc__dark_high_contrast__category_curve_reasoning,6,category_curve_reasoning,polytomous_crc,PCM,dark_high_contrast,"{'color_palette': 'bright', 'gridlines': 'faint', 'height_px': 750, 'image_format': 'png', 'image_path': 'data/benchmark/images/pcm_001_crc__dark_high_contrast.png', 'legend_position': 'best', 'line_width': 2.6, 'num_rendered_lines': 4, 'render_engine': 'matplotlib', 'style_context': 'dark_background', 'style_profile_id': 'dark_high_contrast', 'theme': 'dark', 'tick_density': 'standard', 'width_px': 1125, 'x_axis': {'label': 'Ability (theta)', 'max': 4.0, 'min': -4.0}, 'y_axis': {'label': 'Category probability', 'max': 1.02, 'min': 0.0}}",matplotlib,dark
"{'expected_score_at_theta_0': 0.1323, 'irt_model': {'expected': 'PCM', 'observed': '2PL'}, 'most_likely_category_at_theta_0': 2, 'num_categories': 1}",deterministic_reference_rubric_v1,"Parsed target JSON, compared fields to stored ground truth, and applied fixed rubric thresholds.",pcm_001_crc__dark_high_contrast__category_curve_reasoning__blind__deterministic_judge,8,0.5,True,pcm_001_crc__dark_high_contrast__category_curve_reasoning__blind,"{'field_scores': {'expected_score_at_theta_0': 3, 'irt_model': 0, 'most_likely_category_at_theta_0': 0, 'num_categories': 0}, 'reasoning_score': 1}",pcm_001_crc__dark_high_contrast,local_blind_baseline,pcm_001_crc__dark_high_contrast__category_curve_reasoning,4,category_curve_reasoning,polytomous_crc,PCM,dark_high_contrast,"{'color_palette': 'bright', 'gridlines': 'faint', 'height_px': 750, 'image_format': 'png', 'image_path': 'data/benchmark/images/pcm_001_crc__dark_high_contrast.png', 'legend_position': 'best', 'line_width': 2.6, 'num_rendered_lines': 4, 'render_engine': 'matplotlib', 'style_context': 'dark_background', 'style_profile_id': 'dark_high_contrast', 'theme': 'dark', 'tick_density': 'standard', 'width_px': 1125, 'x_axis': {'label': 'Ability (theta)', 'max': 4.0, 'min': -4.0}, 'y_axis': {'label': 'Category probability', 'max': 1.02, 'min': 0.0}}",matplotlib,dark
"{'irt_model': {'expected': 'PCM', 'observed': 'PCM'}}",deterministic_reference_rubric_v1,"Parsed target JSON, compared fields to stored ground truth, and applied fixed rubric thresholds.",pcm_001_crc__lattice_emulation__model_identification__oracle__deterministic_judge,3,1.0,True,pcm_001_crc__lattice_emulation__model_identification__oracle,"{'field_scores': {'irt_model': 1}, 'reasoning_score': 2}",pcm_001_crc__lattice_emulation,local_oracle_baseline,pcm_001_crc__lattice_emulation__model_identification,3,model_identification,polytomous_crc,PCM,lattice_emulation,"{'color_palette': 'colorblind', 'gridlines': 'faint', 'height_px': 750, 'image_format': 'png', 'image_path': 'data/benchmark/images/pcm_001_crc__lattice_emulation.png', 'legend_position': 'outside', 'line_width': 2.0, 'num_rendered_lines': 4, 'render_engine': 'matplotlib_lattice_emulation', 'style_context': 'classic', 'style_profile_id': 'lattice_emulation', 'theme': 'light', 'tick_density': 'standard', 'width_px': 1125, 'x_axis': {'label': 'Ability (theta)', 'max': 4.0, 'min': -4.0}, 'y_axis': {'label': 'Category probability', 'max': 1.02, 'min': 0.0}}",matplotlib_lattice_emulation,light
"{'irt_model': {'expected': 'PCM', 'observed': 'PCM'}}",deterministic_reference_rubric_v1,"Parsed target JSON, compared fields to stored ground truth, and applied fixed rubric thresholds.",pcm_001_crc__lattice_emulation__model_identification__noisy__deterministic_judge,3,0.6667,True,pcm_001_crc__lattice_emulation__model_identification__noisy,"{'field_scores': {'irt_model': 1}, 'reasoning_score': 1}",pcm_001_crc__lattice_emulation,local_noisy_baseline,pcm_001_crc__lattice_emulation__model_identification,2,model_identification,polytomous_crc,PCM,lattice_emulation,"{'color_palette': 'colorblind', 'gridlines': 'faint', 'height_px': 750, 'image_format': 'png', 'image_path': 'data/benchmark/images/pcm_001_crc__lattice_emulation.png', 'legend_position': 'outside', 'line_width': 2.0, 'num_rendered_lines': 4, 'render_engine': 'matplotlib_lattice_emulation', 'style_context': 'classic', 'style_profile_id': 'lattice_emulation', 'theme': 'light', 'tick_density': 'standard', 'width_px': 1125, 'x_axis': {'label': 'Ability (theta)', 'max': 4.0, 'min': -4.0}, 'y_axis': {'label': 'Category probability', 'max': 1.02, 'min': 0.0}}",matplotlib_lattice_emulation,light
"{'irt_model': {'expected': 'PCM', 'observed': '2PL'}}",deterministic_reference_rubric_v1,"Parsed target JSON, compared fields to stored ground truth, and applied fixed rubric thresholds.",pcm_001_crc__lattice_emulation__model_identification__blind__deterministic_judge,3,0.3333,True,pcm_001_crc__lattice_emulation__model_identification__blind,"{'field_scores': {'irt_model': 0}, 'reasoning_score': 1}",pcm_001_crc__lattice_emulation,local_blind_baseline,pcm_001_crc__lattice_emulation__model_identification,1,model_identification,polytomous_crc,PCM,lattice_emulation,"{'color_palette': 'colorblind', 'gridlines': 'faint', 'height_px': 750, 'image_format': 'png', 'image_path': 'data/benchmark/images/pcm_001_crc__lattice_emulation.png', 'legend_position': 'outside', 'line_width': 2.0, 'num_rendered_lines': 4, 'render_engine': 'matplotlib_lattice_emulation', 'style_context': 'classic', 'style_profile_id': 'lattice_emulation', 'theme': 'light', 'tick_density': 'standard', 'width_px': 1125, 'x_axis': {'label': 'Ability (theta)', 'max': 4.0, 'min': -4.0}, 'y_axis': {'label': 'Category probability', 'max': 1.02, 'min': 0.0}}",matplotlib_lattice_emulation,light
"{'expected_score_at_theta_0': 0.0, 'irt_model': {'expected': 'PCM', 'observed': 'PCM'}, 'most_likely_category_at_theta_0': 0, 'num_categories': 0}",deterministic_reference_rubric_v1,"Parsed target JSON, compared fields to stored ground truth, and applied fixed rubric thresholds.",pcm_001_crc__lattice_emulation__category_curve_reasoning__oracle__deterministic_judge,8,1.0,True,pcm_001_crc__lattice_emulation__category_curve_reasoning__oracle,"{'field_scores': {'expected_score_at_theta_0': 3, 'irt_model': 1, 'most_likely_category_at_theta_0': 1, 'num_categories': 1}, 'reasoning_score': 2}",pcm_001_crc__lattice_emulation,local_oracle_baseline,pcm_001_crc__lattice_emulation__category_curve_reasoning,8,category_curve_reasoning,polytomous_crc,PCM,lattice_emulation,"{'color_palette': 'colorblind', 'gridlines': 'faint', 'height_px': 750, 'image_format': 'png', 'image_path': 'data/benchmark/images/pcm_001_crc__lattice_emulation.png', 'legend_position': 'outside', 'line_width': 2.0, 'num_rendered_lines': 4, 'render_engine': 'matplotlib_lattice_emulation', 'style_context': 'classic', 'style_profile_id': 'lattice_emulation', 'theme': 'light', 'tick_density': 'standard', 'width_px': 1125, 'x_axis': {'label': 'Ability (theta)', 'max': 4.0, 'min': -4.0}, 'y_axis': {'label': 'Category probability', 'max': 1.02, 'min': 0.0}}",matplotlib_lattice_emulation,light
"{'expected_score_at_theta_0': 0.0976, 'irt_model': {'expected': 'PCM', 'observed': 'PCM'}, 'most_likely_category_at_theta_0': 0, 'num_categories': 0}",deterministic_reference_rubric_v1,"Parsed target JSON, compared fields to stored ground truth, and applied fixed rubric thresholds.",pcm_001_crc__lattice_emulation__category_curve_reasoning__noisy__deterministic_judge,8,0.875,True,pcm_001_crc__lattice_emulation__category_curve_reasoning__noisy,"{'field_scores': {'expected_score_at_theta_0': 3, 'irt_model': 1, 'most_likely_category_at_theta_0': 1, 'num_categories': 1}, 'reasoning_score': 1}",pcm_001_crc__lattice_emulation,local_noisy_baseline,pcm_001_crc__lattice_emulation__category_curve_reasoning,7,category_curve_reasoning,polytomous_crc,PCM,lattice_emulation,"{'color_palette': 'colorblind', 'gridlines': 'faint', 'height_px': 750, 'image_format': 'png', 'image_path': 'data/benchmark/images/pcm_001_crc__lattice_emulation.png', 'legend_position': 'outside', 'line_width': 2.0, 'num_rendered_lines': 4, 'render_engine': 'matplotlib_lattice_emulation', 'style_context': 'classic', 'style_profile_id': 'lattice_emulation', 'theme': 'light', 'tick_density': 'standard', 'width_px': 1125, 'x_axis': {'label': 'Ability (theta)', 'max': 4.0, 'min': -4.0}, 'y_axis': {'label': 'Category probability', 'max': 1.02, 'min': 0.0}}",matplotlib_lattice_emulation,light
"{'expected_score_at_theta_0': 0.162, 'irt_model': {'expected': 'PCM', 'observed': '2PL'}, 'most_likely_category_at_theta_0': 1, 'num_categories': -2}",deterministic_reference_rubric_v1,"Parsed target JSON, compared fields to stored ground truth, and applied fixed rubric thresholds.",pcm_001_crc__lattice_emulation__category_curve_reasoning__blind__deterministic_judge,8,0.5,True,pcm_001_crc__lattice_emulation__category_curve_reasoning__blind,"{'field_scores': {'expected_score_at_theta_0': 3, 'irt_model': 0, 'most_likely_category_at_theta_0': 0, 'num_categories': 0}, 'reasoning_score': 1}",pcm_001_crc__lattice_emulation,local_blind_baseline,pcm_001_crc__lattice_emulation__category_curve_reasoning,4,category_curve_reasoning,polytomous_crc,PCM,lattice_emulation,"{'color_palette': 'colorblind', 'gridlines': 'faint', 'height_px': 750, 'image_format': 'png', 'image_path': 'data/benchmark/images/pcm_001_crc__lattice_emulation.png', 'legend_position': 'outside', 'line_width': 2.0, 'num_rendered_lines': 4, 'render_engine': 'matplotlib_lattice_emulation', 'style_context': 'classic', 'style_profile_id': 'lattice_emulation', 'theme': 'light', 'tick_density': 'standard', 'width_px': 1125, 'x_axis': {'label': 'Ability (theta)', 'max': 4.0, 'min': -4.0}, 'y_axis': {'label': 'Category probability', 'max': 1.02, 'min': 0.0}}",matplotlib_lattice_emulation,light
"{'irt_model': {'expected': 'GPCM', 'observed': 'GPCM'}}",deterministic_reference_rubric_v1,"Parsed target JSON, compared fields to stored ground truth, and applied fixed rubric thresholds.",gpcm_001_crc__matplotlib_light__model_identification__oracle__deterministic_judge,3,1.0,True,gpcm_001_crc__matplotlib_light__model_identification__oracle,"{'field_scores': {'irt_model': 1}, 'reasoning_score': 2}",gpcm_001_crc__matplotlib_light,local_oracle_baseline,gpcm_001_crc__matplotlib_light__model_identification,3,model_identification,polytomous_crc,GPCM,matplotlib_light,"{'color_palette': 'tab10', 'gridlines': 'standard', 'height_px': 750, 'image_format': 'png', 'image_path': 'data/benchmark/images/gpcm_001_crc__matplotlib_light.png', 'legend_position': 'best', 'line_width': 2.4, 'num_rendered_lines': 4, 'render_engine': 'matplotlib', 'style_context': 'default', 'style_profile_id': 'matplotlib_light', 'theme': 'light', 'tick_density': 'standard', 'width_px': 1125, 'x_axis': {'label': 'Ability (theta)', 'max': 4.0, 'min': -4.0}, 'y_axis': {'label': 'Category probability', 'max': 1.02, 'min': 0.0}}",matplotlib,light
"{'irt_model': {'expected': 'GPCM', 'observed': 'GPCM'}}",deterministic_reference_rubric_v1,"Parsed target JSON, compared fields to stored ground truth, and applied fixed rubric thresholds.",gpcm_001_crc__matplotlib_light__model_identification__noisy__deterministic_judge,3,0.6667,True,gpcm_001_crc__matplotlib_light__model_identification__noisy,"{'field_scores': {'irt_model': 1}, 'reasoning_score': 1}",gpcm_001_crc__matplotlib_light,local_noisy_baseline,gpcm_001_crc__matplotlib_light__model_identification,2,model_identification,polytomous_crc,GPCM,matplotlib_light,"{'color_palette': 'tab10', 'gridlines': 'standard', 'height_px': 750, 'image_format': 'png', 'image_path': 'data/benchmark/images/gpcm_001_crc__matplotlib_light.png', 'legend_position': 'best', 'line_width': 2.4, 'num_rendered_lines': 4, 'render_engine': 'matplotlib', 'style_context': 'default', 'style_profile_id': 'matplotlib_light', 'theme': 'light', 'tick_density': 'standard', 'width_px': 1125, 'x_axis': {'label': 'Ability (theta)', 'max': 4.0, 'min': -4.0}, 'y_axis': {'label': 'Category probability', 'max': 1.02, 'min': 0.0}}",matplotlib,light
"{'irt_model': {'expected': 'GPCM', 'observed': '2PL'}}",deterministic_reference_rubric_v1,"Parsed target JSON, compared fields to stored ground truth, and applied fixed rubric thresholds.",gpcm_001_crc__matplotlib_light__model_identification__blind__deterministic_judge,3,0.3333,True,gpcm_001_crc__matplotlib_light__model_identification__blind,"{'field_scores': {'irt_model': 0}, 'reasoning_score': 1}",gpcm_001_crc__matplotlib_light,local_blind_baseline,gpcm_001_crc__matplotlib_light__model_identification,1,model_identification,polytomous_crc,GPCM,matplotlib_light,"{'color_palette': 'tab10', 'gridlines': 'standard', 'height_px': 750, 'image_format': 'png', 'image_path': 'data/benchmark/images/gpcm_001_crc__matplotlib_light.png', 'legend_position': 'best', 'line_width': 2.4, 'num_rendered_lines': 4, 'render_engine': 'matplotlib', 'style_context': 'default', 'style_profile_id': 'matplotlib_light', 'theme': 'light', 'tick_density': 'standard', 'width_px': 1125, 'x_axis': {'label': 'Ability (theta)', 'max': 4.0, 'min': -4.0}, 'y_axis': {'label': 'Category probability', 'max': 1.02, 'min': 0.0}}",matplotlib,light
"{'expected_score_at_theta_0': 0.0, 'irt_model': {'expected': 'GPCM', 'observed': 'GPCM'}, 'most_likely_category_at_theta_0': 0, 'num_categories': 0}",deterministic_reference_rubric_v1,"Parsed target JSON, compared fields to stored ground truth, and applied fixed rubric thresholds.",gpcm_001_crc__matplotlib_light__category_curve_reasoning__oracle__deterministic_judge,8,1.0,True,gpcm_001_crc__matplotlib_light__category_curve_reasoning__oracle,"{'field_scores': {'expected_score_at_theta_0': 3, 'irt_model': 1, 'most_likely_category_at_theta_0': 1, 'num_categories': 1}, 'reasoning_score': 2}",gpcm_001_crc__matplotlib_light,local_oracle_baseline,gpcm_001_crc__matplotlib_light__category_curve_reasoning,8,category_curve_reasoning,polytomous_crc,GPCM,matplotlib_light,"{'color_palette': 'tab10', 'gridlines': 'standard', 'height_px': 750, 'image_format': 'png', 'image_path': 'data/benchmark/images/gpcm_001_crc__matplotlib_light.png', 'legend_position': 'best', 'line_width': 2.4, 'num_rendered_lines': 4, 'render_engine': 'matplotlib', 'style_context': 'default', 'style_profile_id': 'matplotlib_light', 'theme': 'light', 'tick_density': 'standard', 'width_px': 1125, 'x_axis': {'label': 'Ability (theta)', 'max': 4.0, 'min': -4.0}, 'y_axis': {'label': 'Category probability', 'max': 1.02, 'min': 0.0}}",matplotlib,light
"{'expected_score_at_theta_0': 0.4374, 'irt_model': {'expected': 'GPCM', 'observed': 'GPCM'}, 'most_likely_category_at_theta_0': 0, 'num_categories': 0}",deterministic_reference_rubric_v1,"Parsed target JSON, compared fields to stored ground truth, and applied fixed rubric thresholds.",gpcm_001_crc__matplotlib_light__category_curve_reasoning__noisy__deterministic_judge,8,0.75,True,gpcm_001_crc__matplotlib_light__category_curve_reasoning__noisy,"{'field_scores': {'expected_score_at_theta_0': 2, 'irt_model': 1, 'most_likely_category_at_theta_0': 1, 'num_categories': 1}, 'reasoning_score': 1}",gpcm_001_crc__matplotlib_light,local_noisy_baseline,gpcm_001_crc__matplotlib_light__category_curve_reasoning,6,category_curve_reasoning,polytomous_crc,GPCM,matplotlib_light,"{'color_palette': 'tab10', 'gridlines': 'standard', 'height_px': 750, 'image_format': 'png', 'image_path': 'data/benchmark/images/gpcm_001_crc__matplotlib_light.png', 'legend_position': 'best', 'line_width': 2.4, 'num_rendered_lines': 4, 'render_engine': 'matplotlib', 'style_context': 'default', 'style_profile_id': 'matplotlib_light', 'theme': 'light', 'tick_density': 'standard', 'width_px': 1125, 'x_axis': {'label': 'Ability (theta)', 'max': 4.0, 'min': -4.0}, 'y_axis': {'label': 'Category probability', 'max': 1.02, 'min': 0.0}}",matplotlib,light
"{'expected_score_at_theta_0': 0.0185, 'irt_model': {'expected': 'GPCM', 'observed': '2PL'}, 'most_likely_category_at_theta_0': -1, 'num_categories': 2}",deterministic_reference_rubric_v1,"Parsed target JSON, compared fields to stored ground truth, and applied fixed rubric thresholds.",gpcm_001_crc__matplotlib_light__category_curve_reasoning__blind__deterministic_judge,8,0.5,True,gpcm_001_crc__matplotlib_light__category_curve_reasoning__blind,"{'field_scores': {'expected_score_at_theta_0': 3, 'irt_model': 0, 'most_likely_category_at_theta_0': 0, 'num_categories': 0}, 'reasoning_score': 1}",gpcm_001_crc__matplotlib_light,local_blind_baseline,gpcm_001_crc__matplotlib_light__category_curve_reasoning,4,category_curve_reasoning,polytomous_crc,GPCM,matplotlib_light,"{'color_palette': 'tab10', 'gridlines': 'standard', 'height_px': 750, 'image_format': 'png', 'image_path': 'data/benchmark/images/gpcm_001_crc__matplotlib_light.png', 'legend_position': 'best', 'line_width': 2.4, 'num_rendered_lines': 4, 'render_engine': 'matplotlib', 'style_context': 'default', 'style_profile_id': 'matplotlib_light', 'theme': 'light', 'tick_density': 'standard', 'width_px': 1125, 'x_axis': {'label': 'Ability (theta)', 'max': 4.0, 'min': -4.0}, 'y_axis': {'label': 'Category probability', 'max': 1.02, 'min': 0.0}}",matplotlib,light
"{'irt_model': {'expected': 'GPCM', 'observed': 'GPCM'}}",deterministic_reference_rubric_v1,"Parsed target JSON, compared fields to stored ground truth, and applied fixed rubric thresholds.",gpcm_001_crc__seaborn_whitegrid__model_identification__oracle__deterministic_judge,3,1.0,True,gpcm_001_crc__seaborn_whitegrid__model_identification__oracle,"{'field_scores': {'irt_model': 1}, 'reasoning_score': 2}",gpcm_001_crc__seaborn_whitegrid,local_oracle_baseline,gpcm_001_crc__seaborn_whitegrid__model_identification,3,model_identification,polytomous_crc,GPCM,seaborn_whitegrid,"{'color_palette': 'deep', 'gridlines': 'standard', 'height_px': 750, 'image_format': 'png', 'image_path': 'data/benchmark/images/gpcm_001_crc__seaborn_whitegrid.png', 'legend_position': 'right', 'line_width': 2.4, 'num_rendered_lines': 4, 'render_engine': 'seaborn', 'style_context': 'whitegrid', 'style_profile_id': 'seaborn_whitegrid', 'theme': 'light', 'tick_density': 'standard', 'width_px': 1125, 'x_axis': {'label': 'Ability (theta)', 'max': 4.0, 'min': -4.0}, 'y_axis': {'label': 'Category probability', 'max': 1.02, 'min': 0.0}}",seaborn,light
"{'irt_model': {'expected': 'GPCM', 'observed': 'GPCM'}}",deterministic_reference_rubric_v1,"Parsed target JSON, compared fields to stored ground truth, and applied fixed rubric thresholds.",gpcm_001_crc__seaborn_whitegrid__model_identification__noisy__deterministic_judge,3,0.6667,True,gpcm_001_crc__seaborn_whitegrid__model_identification__noisy,"{'field_scores': {'irt_model': 1}, 'reasoning_score': 1}",gpcm_001_crc__seaborn_whitegrid,local_noisy_baseline,gpcm_001_crc__seaborn_whitegrid__model_identification,2,model_identification,polytomous_crc,GPCM,seaborn_whitegrid,"{'color_palette': 'deep', 'gridlines': 'standard', 'height_px': 750, 'image_format': 'png', 'image_path': 'data/benchmark/images/gpcm_001_crc__seaborn_whitegrid.png', 'legend_position': 'right', 'line_width': 2.4, 'num_rendered_lines': 4, 'render_engine': 'seaborn', 'style_context': 'whitegrid', 'style_profile_id': 'seaborn_whitegrid', 'theme': 'light', 'tick_density': 'standard', 'width_px': 1125, 'x_axis': {'label': 'Ability (theta)', 'max': 4.0, 'min': -4.0}, 'y_axis': {'label': 'Category probability', 'max': 1.02, 'min': 0.0}}",seaborn,light
"{'irt_model': {'expected': 'GPCM', 'observed': '2PL'}}",deterministic_reference_rubric_v1,"Parsed target JSON, compared fields to stored ground truth, and applied fixed rubric thresholds.",gpcm_001_crc__seaborn_whitegrid__model_identification__blind__deterministic_judge,3,0.3333,True,gpcm_001_crc__seaborn_whitegrid__model_identification__blind,"{'field_scores': {'irt_model': 0}, 'reasoning_score': 1}",gpcm_001_crc__seaborn_whitegrid,local_blind_baseline,gpcm_001_crc__seaborn_whitegrid__model_identification,1,model_identification,polytomous_crc,GPCM,seaborn_whitegrid,"{'color_palette': 'deep', 'gridlines': 'standard', 'height_px': 750, 'image_format': 'png', 'image_path': 'data/benchmark/images/gpcm_001_crc__seaborn_whitegrid.png', 'legend_position': 'right', 'line_width': 2.4, 'num_rendered_lines': 4, 'render_engine': 'seaborn', 'style_context': 'whitegrid', 'style_profile_id': 'seaborn_whitegrid', 'theme': 'light', 'tick_density': 'standard', 'width_px': 1125, 'x_axis': {'label': 'Ability (theta)', 'max': 4.0, 'min': -4.0}, 'y_axis': {'label': 'Category probability', 'max': 1.02, 'min': 0.0}}",seaborn,light
"{'expected_score_at_theta_0': 0.0, 'irt_model': {'expected': 'GPCM', 'observed': 'GPCM'}, 'most_likely_category_at_theta_0': 0, 'num_categories': 0}",deterministic_reference_rubric_v1,"Parsed target JSON, compared fields to stored ground truth, and applied fixed rubric thresholds.",gpcm_001_crc__seaborn_whitegrid__category_curve_reasoning__oracle__deterministic_judge,8,1.0,True,gpcm_001_crc__seaborn_whitegrid__category_curve_reasoning__oracle,"{'field_scores': {'expected_score_at_theta_0': 3, 'irt_model': 1, 'most_likely_category_at_theta_0': 1, 'num_categories': 1}, 'reasoning_score': 2}",gpcm_001_crc__seaborn_whitegrid,local_oracle_baseline,gpcm_001_crc__seaborn_whitegrid__category_curve_reasoning,8,category_curve_reasoning,polytomous_crc,GPCM,seaborn_whitegrid,"{'color_palette': 'deep', 'gridlines': 'standard', 'height_px': 750, 'image_format': 'png', 'image_path': 'data/benchmark/images/gpcm_001_crc__seaborn_whitegrid.png', 'legend_position': 'right', 'line_width': 2.4, 'num_rendered_lines': 4, 'render_engine': 'seaborn', 'style_context': 'whitegrid', 'style_profile_id': 'seaborn_whitegrid', 'theme': 'light', 'tick_density': 'standard', 'width_px': 1125, 'x_axis': {'label': 'Ability (theta)', 'max': 4.0, 'min': -4.0}, 'y_axis': {'label': 'Category probability', 'max': 1.02, 'min': 0.0}}",seaborn,light
"{'expected_score_at_theta_0': 0.0616, 'irt_model': {'expected': 'GPCM', 'observed': 'GPCM'}, 'most_likely_category_at_theta_0': 0, 'num_categories': 0}",deterministic_reference_rubric_v1,"Parsed target JSON, compared fields to stored ground truth, and applied fixed rubric thresholds.",gpcm_001_crc__seaborn_whitegrid__category_curve_reasoning__noisy__deterministic_judge,8,0.875,True,gpcm_001_crc__seaborn_whitegrid__category_curve_reasoning__noisy,"{'field_scores': {'expected_score_at_theta_0': 3, 'irt_model': 1, 'most_likely_category_at_theta_0': 1, 'num_categories': 1}, 'reasoning_score': 1}",gpcm_001_crc__seaborn_whitegrid,local_noisy_baseline,gpcm_001_crc__seaborn_whitegrid__category_curve_reasoning,7,category_curve_reasoning,polytomous_crc,GPCM,seaborn_whitegrid,"{'color_palette': 'deep', 'gridlines': 'standard', 'height_px': 750, 'image_format': 'png', 'image_path': 'data/benchmark/images/gpcm_001_crc__seaborn_whitegrid.png', 'legend_position': 'right', 'line_width': 2.4, 'num_rendered_lines': 4, 'render_engine': 'seaborn', 'style_context': 'whitegrid', 'style_profile_id': 'seaborn_whitegrid', 'theme': 'light', 'tick_density': 'standard', 'width_px': 1125, 'x_axis': {'label': 'Ability (theta)', 'max': 4.0, 'min': -4.0}, 'y_axis': {'label': 'Category probability', 'max': 1.02, 'min': 0.0}}",seaborn,light
"{'expected_score_at_theta_0': 0.7269, 'irt_model': {'expected': 'GPCM', 'observed': '2PL'}, 'most_likely_category_at_theta_0': -1, 'num_categories': 2}",deterministic_reference_rubric_v1,"Parsed target JSON, compared fields to stored ground truth, and applied fixed rubric thresholds.",gpcm_001_crc__seaborn_whitegrid__category_curve_reasoning__blind__deterministic_judge,8,0.25,True,gpcm_001_crc__seaborn_whitegrid__category_curve_reasoning__blind,"{'field_scores': {'expected_score_at_theta_0': 1, 'irt_model': 0, 'most_likely_category_at_theta_0': 0, 'num_categories': 0}, 'reasoning_score': 1}",gpcm_001_crc__seaborn_whitegrid,local_blind_baseline,gpcm_001_crc__seaborn_whitegrid__category_curve_reasoning,2,category_curve_reasoning,polytomous_crc,GPCM,seaborn_whitegrid,"{'color_palette': 'deep', 'gridlines': 'standard', 'height_px': 750, 'image_format': 'png', 'image_path': 'data/benchmark/images/gpcm_001_crc__seaborn_whitegrid.png', 'legend_position': 'right', 'line_width': 2.4, 'num_rendered_lines': 4, 'render_engine': 'seaborn', 'style_context': 'whitegrid', 'style_profile_id': 'seaborn_whitegrid', 'theme': 'light', 'tick_density': 'standard', 'width_px': 1125, 'x_axis': {'label': 'Ability (theta)', 'max': 4.0, 'min': -4.0}, 'y_axis': {'label': 'Category probability', 'max': 1.02, 'min': 0.0}}",seaborn,light
"{'irt_model': {'expected': 'GPCM', 'observed': 'GPCM'}}",deterministic_reference_rubric_v1,"Parsed target JSON, compared fields to stored ground truth, and applied fixed rubric thresholds.",gpcm_001_crc__ggplot_gray__model_identification__oracle__deterministic_judge,3,1.0,True,gpcm_001_crc__ggplot_gray__model_identification__oracle,"{'field_scores': {'irt_model': 1}, 'reasoning_score': 2}",gpcm_001_crc__ggplot_gray,local_oracle_baseline,gpcm_001_crc__ggplot_gray__model_identification,3,model_identification,polytomous_crc,GPCM,ggplot_gray,"{'color_palette': 'muted', 'gridlines': 'heavy', 'height_px': 750, 'image_format': 'png', 'image_path': 'data/benchmark/images/gpcm_001_crc__ggplot_gray.png', 'legend_position': 'best', 'line_width': 2.2, 'num_rendered_lines': 4, 'render_engine': 'matplotlib_ggplot_style', 'style_context': 'ggplot', 'style_profile_id': 'ggplot_gray', 'theme': 'light', 'tick_density': 'dense', 'width_px': 1125, 'x_axis': {'label': 'Ability (theta)', 'max': 4.0, 'min': -4.0}, 'y_axis': {'label': 'Category probability', 'max': 1.02, 'min': 0.0}}",matplotlib_ggplot_style,light
"{'irt_model': {'expected': 'GPCM', 'observed': 'GPCM'}}",deterministic_reference_rubric_v1,"Parsed target JSON, compared fields to stored ground truth, and applied fixed rubric thresholds.",gpcm_001_crc__ggplot_gray__model_identification__noisy__deterministic_judge,3,0.6667,True,gpcm_001_crc__ggplot_gray__model_identification__noisy,"{'field_scores': {'irt_model': 1}, 'reasoning_score': 1}",gpcm_001_crc__ggplot_gray,local_noisy_baseline,gpcm_001_crc__ggplot_gray__model_identification,2,model_identification,polytomous_crc,GPCM,ggplot_gray,"{'color_palette': 'muted', 'gridlines': 'heavy', 'height_px': 750, 'image_format': 'png', 'image_path': 'data/benchmark/images/gpcm_001_crc__ggplot_gray.png', 'legend_position': 'best', 'line_width': 2.2, 'num_rendered_lines': 4, 'render_engine': 'matplotlib_ggplot_style', 'style_context': 'ggplot', 'style_profile_id': 'ggplot_gray', 'theme': 'light', 'tick_density': 'dense', 'width_px': 1125, 'x_axis': {'label': 'Ability (theta)', 'max': 4.0, 'min': -4.0}, 'y_axis': {'label': 'Category probability', 'max': 1.02, 'min': 0.0}}",matplotlib_ggplot_style,light
"{'irt_model': {'expected': 'GPCM', 'observed': '2PL'}}",deterministic_reference_rubric_v1,"Parsed target JSON, compared fields to stored ground truth, and applied fixed rubric thresholds.",gpcm_001_crc__ggplot_gray__model_identification__blind__deterministic_judge,3,0.3333,True,gpcm_001_crc__ggplot_gray__model_identification__blind,"{'field_scores': {'irt_model': 0}, 'reasoning_score': 1}",gpcm_001_crc__ggplot_gray,local_blind_baseline,gpcm_001_crc__ggplot_gray__model_identification,1,model_identification,polytomous_crc,GPCM,ggplot_gray,"{'color_palette': 'muted', 'gridlines': 'heavy', 'height_px': 750, 'image_format': 'png', 'image_path': 'data/benchmark/images/gpcm_001_crc__ggplot_gray.png', 'legend_position': 'best', 'line_width': 2.2, 'num_rendered_lines': 4, 'render_engine': 'matplotlib_ggplot_style', 'style_context': 'ggplot', 'style_profile_id': 'ggplot_gray', 'theme': 'light', 'tick_density': 'dense', 'width_px': 1125, 'x_axis': {'label': 'Ability (theta)', 'max': 4.0, 'min': -4.0}, 'y_axis': {'label': 'Category probability', 'max': 1.02, 'min': 0.0}}",matplotlib_ggplot_style,light
"{'expected_score_at_theta_0': 0.0, 'irt_model': {'expected': 'GPCM', 'observed': 'GPCM'}, 'most_likely_category_at_theta_0': 0, 'num_categories': 0}",deterministic_reference_rubric_v1,"Parsed target JSON, compared fields to stored ground truth, and applied fixed rubric thresholds.",gpcm_001_crc__ggplot_gray__category_curve_reasoning__oracle__deterministic_judge,8,1.0,True,gpcm_001_crc__ggplot_gray__category_curve_reasoning__oracle,"{'field_scores': {'expected_score_at_theta_0': 3, 'irt_model': 1, 'most_likely_category_at_theta_0': 1, 'num_categories': 1}, 'reasoning_score': 2}",gpcm_001_crc__ggplot_gray,local_oracle_baseline,gpcm_001_crc__ggplot_gray__category_curve_reasoning,8,category_curve_reasoning,polytomous_crc,GPCM,ggplot_gray,"{'color_palette': 'muted', 'gridlines': 'heavy', 'height_px': 750, 'image_format': 'png', 'image_path': 'data/benchmark/images/gpcm_001_crc__ggplot_gray.png', 'legend_position': 'best', 'line_width': 2.2, 'num_rendered_lines': 4, 'render_engine': 'matplotlib_ggplot_style', 'style_context': 'ggplot', 'style_profile_id': 'ggplot_gray', 'theme': 'light', 'tick_density': 'dense', 'width_px': 1125, 'x_axis': {'label': 'Ability (theta)', 'max': 4.0, 'min': -4.0}, 'y_axis': {'label': 'Category probability', 'max': 1.02, 'min': 0.0}}",matplotlib_ggplot_style,light
"{'expected_score_at_theta_0': 0.0408, 'irt_model': {'expected': 'GPCM', 'observed': 'GPCM'}, 'most_likely_category_at_theta_0': 0, 'num_categories': 0}",deterministic_reference_rubric_v1,"Parsed target JSON, compared fields to stored ground truth, and applied fixed rubric thresholds.",gpcm_001_crc__ggplot_gray__category_curve_reasoning__noisy__deterministic_judge,8,0.875,True,gpcm_001_crc__ggplot_gray__category_curve_reasoning__noisy,"{'field_scores': {'expected_score_at_theta_0': 3, 'irt_model': 1, 'most_likely_category_at_theta_0': 1, 'num_categories': 1}, 'reasoning_score': 1}",gpcm_001_crc__ggplot_gray,local_noisy_baseline,gpcm_001_crc__ggplot_gray__category_curve_reasoning,7,category_curve_reasoning,polytomous_crc,GPCM,ggplot_gray,"{'color_palette': 'muted', 'gridlines': 'heavy', 'height_px': 750, 'image_format': 'png', 'image_path': 'data/benchmark/images/gpcm_001_crc__ggplot_gray.png', 'legend_position': 'best', 'line_width': 2.2, 'num_rendered_lines': 4, 'render_engine': 'matplotlib_ggplot_style', 'style_context': 'ggplot', 'style_profile_id': 'ggplot_gray', 'theme': 'light', 'tick_density': 'dense', 'width_px': 1125, 'x_axis': {'label': 'Ability (theta)', 'max': 4.0, 'min': -4.0}, 'y_axis': {'label': 'Category probability', 'max': 1.02, 'min': 0.0}}",matplotlib_ggplot_style,light
"{'expected_score_at_theta_0': 0.54, 'irt_model': {'expected': 'GPCM', 'observed': '2PL'}, 'most_likely_category_at_theta_0': 1, 'num_categories': 2}",deterministic_reference_rubric_v1,"Parsed target JSON, compared fields to stored ground truth, and applied fixed rubric thresholds.",gpcm_001_crc__ggplot_gray__category_curve_reasoning__blind__deterministic_judge,8,0.25,True,gpcm_001_crc__ggplot_gray__category_curve_reasoning__blind,"{'field_scores': {'expected_score_at_theta_0': 1, 'irt_model': 0, 'most_likely_category_at_theta_0': 0, 'num_categories': 0}, 'reasoning_score': 1}",gpcm_001_crc__ggplot_gray,local_blind_baseline,gpcm_001_crc__ggplot_gray__category_curve_reasoning,2,category_curve_reasoning,polytomous_crc,GPCM,ggplot_gray,"{'color_palette': 'muted', 'gridlines': 'heavy', 'height_px': 750, 'image_format': 'png', 'image_path': 'data/benchmark/images/gpcm_001_crc__ggplot_gray.png', 'legend_position': 'best', 'line_width': 2.2, 'num_rendered_lines': 4, 'render_engine': 'matplotlib_ggplot_style', 'style_context': 'ggplot', 'style_profile_id': 'ggplot_gray', 'theme': 'light', 'tick_density': 'dense', 'width_px': 1125, 'x_axis': {'label': 'Ability (theta)', 'max': 4.0, 'min': -4.0}, 'y_axis': {'label': 'Category probability', 'max': 1.02, 'min': 0.0}}",matplotlib_ggplot_style,light
"{'irt_model': {'expected': 'GPCM', 'observed': 'GPCM'}}",deterministic_reference_rubric_v1,"Parsed target JSON, compared fields to stored ground truth, and applied fixed rubric thresholds.",gpcm_001_crc__grayscale_no_grid__model_identification__oracle__deterministic_judge,3,1.0,True,gpcm_001_crc__grayscale_no_grid__model_identification__oracle,"{'field_scores': {'irt_model': 1}, 'reasoning_score': 2}",gpcm_001_crc__grayscale_no_grid,local_oracle_baseline,gpcm_001_crc__grayscale_no_grid__model_identification,3,model_identification,polytomous_crc,GPCM,grayscale_no_grid,"{'color_palette': 'grayscale', 'gridlines': 'none', 'height_px': 750, 'image_format': 'png', 'image_path': 'data/benchmark/images/gpcm_001_crc__grayscale_no_grid.png', 'legend_position': 'bottom', 'line_width': 2.6, 'num_rendered_lines': 4, 'render_engine': 'matplotlib', 'style_context': 'default', 'style_profile_id': 'grayscale_no_grid', 'theme': 'light', 'tick_density': 'sparse', 'width_px': 1125, 'x_axis': {'label': 'Ability (theta)', 'max': 4.0, 'min': -4.0}, 'y_axis': {'label': 'Category probability', 'max': 1.02, 'min': 0.0}}",matplotlib,light
"{'irt_model': {'expected': 'GPCM', 'observed': 'GPCM'}}",deterministic_reference_rubric_v1,"Parsed target JSON, compared fields to stored ground truth, and applied fixed rubric thresholds.",gpcm_001_crc__grayscale_no_grid__model_identification__noisy__deterministic_judge,3,0.6667,True,gpcm_001_crc__grayscale_no_grid__model_identification__noisy,"{'field_scores': {'irt_model': 1}, 'reasoning_score': 1}",gpcm_001_crc__grayscale_no_grid,local_noisy_baseline,gpcm_001_crc__grayscale_no_grid__model_identification,2,model_identification,polytomous_crc,GPCM,grayscale_no_grid,"{'color_palette': 'grayscale', 'gridlines': 'none', 'height_px': 750, 'image_format': 'png', 'image_path': 'data/benchmark/images/gpcm_001_crc__grayscale_no_grid.png', 'legend_position': 'bottom', 'line_width': 2.6, 'num_rendered_lines': 4, 'render_engine': 'matplotlib', 'style_context': 'default', 'style_profile_id': 'grayscale_no_grid', 'theme': 'light', 'tick_density': 'sparse', 'width_px': 1125, 'x_axis': {'label': 'Ability (theta)', 'max': 4.0, 'min': -4.0}, 'y_axis': {'label': 'Category probability', 'max': 1.02, 'min': 0.0}}",matplotlib,light
"{'irt_model': {'expected': 'GPCM', 'observed': '2PL'}}",deterministic_reference_rubric_v1,"Parsed target JSON, compared fields to stored ground truth, and applied fixed rubric thresholds.",gpcm_001_crc__grayscale_no_grid__model_identification__blind__deterministic_judge,3,0.3333,True,gpcm_001_crc__grayscale_no_grid__model_identification__blind,"{'field_scores': {'irt_model': 0}, 'reasoning_score': 1}",gpcm_001_crc__grayscale_no_grid,local_blind_baseline,gpcm_001_crc__grayscale_no_grid__model_identification,1,model_identification,polytomous_crc,GPCM,grayscale_no_grid,"{'color_palette': 'grayscale', 'gridlines': 'none', 'height_px': 750, 'image_format': 'png', 'image_path': 'data/benchmark/images/gpcm_001_crc__grayscale_no_grid.png', 'legend_position': 'bottom', 'line_width': 2.6, 'num_rendered_lines': 4, 'render_engine': 'matplotlib', 'style_context': 'default', 'style_profile_id': 'grayscale_no_grid', 'theme': 'light', 'tick_density': 'sparse', 'width_px': 1125, 'x_axis': {'label': 'Ability (theta)', 'max': 4.0, 'min': -4.0}, 'y_axis': {'label': 'Category probability', 'max': 1.02, 'min': 0.0}}",matplotlib,light
"{'expected_score_at_theta_0': 0.0, 'irt_model': {'expected': 'GPCM', 'observed': 'GPCM'}, 'most_likely_category_at_theta_0': 0, 'num_categories': 0}",deterministic_reference_rubric_v1,"Parsed target JSON, compared fields to stored ground truth, and applied fixed rubric thresholds.",gpcm_001_crc__grayscale_no_grid__category_curve_reasoning__oracle__deterministic_judge,8,1.0,True,gpcm_001_crc__grayscale_no_grid__category_curve_reasoning__oracle,"{'field_scores': {'expected_score_at_theta_0': 3, 'irt_model': 1, 'most_likely_category_at_theta_0': 1, 'num_categories': 1}, 'reasoning_score': 2}",gpcm_001_crc__grayscale_no_grid,local_oracle_baseline,gpcm_001_crc__grayscale_no_grid__category_curve_reasoning,8,category_curve_reasoning,polytomous_crc,GPCM,grayscale_no_grid,"{'color_palette': 'grayscale', 'gridlines': 'none', 'height_px': 750, 'image_format': 'png', 'image_path': 'data/benchmark/images/gpcm_001_crc__grayscale_no_grid.png', 'legend_position': 'bottom', 'line_width': 2.6, 'num_rendered_lines': 4, 'render_engine': 'matplotlib', 'style_context': 'default', 'style_profile_id': 'grayscale_no_grid', 'theme': 'light', 'tick_density': 'sparse', 'width_px': 1125, 'x_axis': {'label': 'Ability (theta)', 'max': 4.0, 'min': -4.0}, 'y_axis': {'label': 'Category probability', 'max': 1.02, 'min': 0.0}}",matplotlib,light
"{'expected_score_at_theta_0': 0.158, 'irt_model': {'expected': 'GPCM', 'observed': 'GPCM'}, 'most_likely_category_at_theta_0': 0, 'num_categories': 0}",deterministic_reference_rubric_v1,"Parsed target JSON, compared fields to stored ground truth, and applied fixed rubric thresholds.",gpcm_001_crc__grayscale_no_grid__category_curve_reasoning__noisy__deterministic_judge,8,0.875,True,gpcm_001_crc__grayscale_no_grid__category_curve_reasoning__noisy,"{'field_scores': {'expected_score_at_theta_0': 3, 'irt_model': 1, 'most_likely_category_at_theta_0': 1, 'num_categories': 1}, 'reasoning_score': 1}",gpcm_001_crc__grayscale_no_grid,local_noisy_baseline,gpcm_001_crc__grayscale_no_grid__category_curve_reasoning,7,category_curve_reasoning,polytomous_crc,GPCM,grayscale_no_grid,"{'color_palette': 'grayscale', 'gridlines': 'none', 'height_px': 750, 'image_format': 'png', 'image_path': 'data/benchmark/images/gpcm_001_crc__grayscale_no_grid.png', 'legend_position': 'bottom', 'line_width': 2.6, 'num_rendered_lines': 4, 'render_engine': 'matplotlib', 'style_context': 'default', 'style_profile_id': 'grayscale_no_grid', 'theme': 'light', 'tick_density': 'sparse', 'width_px': 1125, 'x_axis': {'label': 'Ability (theta)', 'max': 4.0, 'min': -4.0}, 'y_axis': {'label': 'Category probability', 'max': 1.02, 'min': 0.0}}",matplotlib,light
"{'expected_score_at_theta_0': 0.1226, 'irt_model': {'expected': 'GPCM', 'observed': '2PL'}, 'most_likely_category_at_theta_0': 1, 'num_categories': -1}",deterministic_reference_rubric_v1,"Parsed target JSON, compared fields to stored ground truth, and applied fixed rubric thresholds.",gpcm_001_crc__grayscale_no_grid__category_curve_reasoning__blind__deterministic_judge,8,0.5,True,gpcm_001_crc__grayscale_no_grid__category_curve_reasoning__blind,"{'field_scores': {'expected_score_at_theta_0': 3, 'irt_model': 0, 'most_likely_category_at_theta_0': 0, 'num_categories': 0}, 'reasoning_score': 1}",gpcm_001_crc__grayscale_no_grid,local_blind_baseline,gpcm_001_crc__grayscale_no_grid__category_curve_reasoning,4,category_curve_reasoning,polytomous_crc,GPCM,grayscale_no_grid,"{'color_palette': 'grayscale', 'gridlines': 'none', 'height_px': 750, 'image_format': 'png', 'image_path': 'data/benchmark/images/gpcm_001_crc__grayscale_no_grid.png', 'legend_position': 'bottom', 'line_width': 2.6, 'num_rendered_lines': 4, 'render_engine': 'matplotlib', 'style_context': 'default', 'style_profile_id': 'grayscale_no_grid', 'theme': 'light', 'tick_density': 'sparse', 'width_px': 1125, 'x_axis': {'label': 'Ability (theta)', 'max': 4.0, 'min': -4.0}, 'y_axis': {'label': 'Category probability', 'max': 1.02, 'min': 0.0}}",matplotlib,light
"{'irt_model': {'expected': 'GPCM', 'observed': 'GPCM'}}",deterministic_reference_rubric_v1,"Parsed target JSON, compared fields to stored ground truth, and applied fixed rubric thresholds.",gpcm_001_crc__dark_high_contrast__model_identification__oracle__deterministic_judge,3,1.0,True,gpcm_001_crc__dark_high_contrast__model_identification__oracle,"{'field_scores': {'irt_model': 1}, 'reasoning_score': 2}",gpcm_001_crc__dark_high_contrast,local_oracle_baseline,gpcm_001_crc__dark_high_contrast__model_identification,3,model_identification,polytomous_crc,GPCM,dark_high_contrast,"{'color_palette': 'bright', 'gridlines': 'faint', 'height_px': 750, 'image_format': 'png', 'image_path': 'data/benchmark/images/gpcm_001_crc__dark_high_contrast.png', 'legend_position': 'best', 'line_width': 2.6, 'num_rendered_lines': 4, 'render_engine': 'matplotlib', 'style_context': 'dark_background', 'style_profile_id': 'dark_high_contrast', 'theme': 'dark', 'tick_density': 'standard', 'width_px': 1125, 'x_axis': {'label': 'Ability (theta)', 'max': 4.0, 'min': -4.0}, 'y_axis': {'label': 'Category probability', 'max': 1.02, 'min': 0.0}}",matplotlib,dark
"{'irt_model': {'expected': 'GPCM', 'observed': 'GPCM'}}",deterministic_reference_rubric_v1,"Parsed target JSON, compared fields to stored ground truth, and applied fixed rubric thresholds.",gpcm_001_crc__dark_high_contrast__model_identification__noisy__deterministic_judge,3,0.6667,True,gpcm_001_crc__dark_high_contrast__model_identification__noisy,"{'field_scores': {'irt_model': 1}, 'reasoning_score': 1}",gpcm_001_crc__dark_high_contrast,local_noisy_baseline,gpcm_001_crc__dark_high_contrast__model_identification,2,model_identification,polytomous_crc,GPCM,dark_high_contrast,"{'color_palette': 'bright', 'gridlines': 'faint', 'height_px': 750, 'image_format': 'png', 'image_path': 'data/benchmark/images/gpcm_001_crc__dark_high_contrast.png', 'legend_position': 'best', 'line_width': 2.6, 'num_rendered_lines': 4, 'render_engine': 'matplotlib', 'style_context': 'dark_background', 'style_profile_id': 'dark_high_contrast', 'theme': 'dark', 'tick_density': 'standard', 'width_px': 1125, 'x_axis': {'label': 'Ability (theta)', 'max': 4.0, 'min': -4.0}, 'y_axis': {'label': 'Category probability', 'max': 1.02, 'min': 0.0}}",matplotlib,dark
"{'irt_model': {'expected': 'GPCM', 'observed': '2PL'}}",deterministic_reference_rubric_v1,"Parsed target JSON, compared fields to stored ground truth, and applied fixed rubric thresholds.",gpcm_001_crc__dark_high_contrast__model_identification__blind__deterministic_judge,3,0.3333,True,gpcm_001_crc__dark_high_contrast__model_identification__blind,"{'field_scores': {'irt_model': 0}, 'reasoning_score': 1}",gpcm_001_crc__dark_high_contrast,local_blind_baseline,gpcm_001_crc__dark_high_contrast__model_identification,1,model_identification,polytomous_crc,GPCM,dark_high_contrast,"{'color_palette': 'bright', 'gridlines': 'faint', 'height_px': 750, 'image_format': 'png', 'image_path': 'data/benchmark/images/gpcm_001_crc__dark_high_contrast.png', 'legend_position': 'best', 'line_width': 2.6, 'num_rendered_lines': 4, 'render_engine': 'matplotlib', 'style_context': 'dark_background', 'style_profile_id': 'dark_high_contrast', 'theme': 'dark', 'tick_density': 'standard', 'width_px': 1125, 'x_axis': {'label': 'Ability (theta)', 'max': 4.0, 'min': -4.0}, 'y_axis': {'label': 'Category probability', 'max': 1.02, 'min': 0.0}}",matplotlib,dark
"{'expected_score_at_theta_0': 0.0, 'irt_model': {'expected': 'GPCM', 'observed': 'GPCM'}, 'most_likely_category_at_theta_0': 0, 'num_categories': 0}",deterministic_reference_rubric_v1,"Parsed target JSON, compared fields to stored ground truth, and applied fixed rubric thresholds.",gpcm_001_crc__dark_high_contrast__category_curve_reasoning__oracle__deterministic_judge,8,1.0,True,gpcm_001_crc__dark_high_contrast__category_curve_reasoning__oracle,"{'field_scores': {'expected_score_at_theta_0': 3, 'irt_model': 1, 'most_likely_category_at_theta_0': 1, 'num_categories': 1}, 'reasoning_score': 2}",gpcm_001_crc__dark_high_contrast,local_oracle_baseline,gpcm_001_crc__dark_high_contrast__category_curve_reasoning,8,category_curve_reasoning,polytomous_crc,GPCM,dark_high_contrast,"{'color_palette': 'bright', 'gridlines': 'faint', 'height_px': 750, 'image_format': 'png', 'image_path': 'data/benchmark/images/gpcm_001_crc__dark_high_contrast.png', 'legend_position': 'best', 'line_width': 2.6, 'num_rendered_lines': 4, 'render_engine': 'matplotlib', 'style_context': 'dark_background', 'style_profile_id': 'dark_high_contrast', 'theme': 'dark', 'tick_density': 'standard', 'width_px': 1125, 'x_axis': {'label': 'Ability (theta)', 'max': 4.0, 'min': -4.0}, 'y_axis': {'label': 'Category probability', 'max': 1.02, 'min': 0.0}}",matplotlib,dark
"{'expected_score_at_theta_0': 0.2022, 'irt_model': {'expected': 'GPCM', 'observed': 'GPCM'}, 'most_likely_category_at_theta_0': 0, 'num_categories': 0}",deterministic_reference_rubric_v1,"Parsed target JSON, compared fields to stored ground truth, and applied fixed rubric thresholds.",gpcm_001_crc__dark_high_contrast__category_curve_reasoning__noisy__deterministic_judge,8,0.875,True,gpcm_001_crc__dark_high_contrast__category_curve_reasoning__noisy,"{'field_scores': {'expected_score_at_theta_0': 3, 'irt_model': 1, 'most_likely_category_at_theta_0': 1, 'num_categories': 1}, 'reasoning_score': 1}",gpcm_001_crc__dark_high_contrast,local_noisy_baseline,gpcm_001_crc__dark_high_contrast__category_curve_reasoning,7,category_curve_reasoning,polytomous_crc,GPCM,dark_high_contrast,"{'color_palette': 'bright', 'gridlines': 'faint', 'height_px': 750, 'image_format': 'png', 'image_path': 'data/benchmark/images/gpcm_001_crc__dark_high_contrast.png', 'legend_position': 'best', 'line_width': 2.6, 'num_rendered_lines': 4, 'render_engine': 'matplotlib', 'style_context': 'dark_background', 'style_profile_id': 'dark_high_contrast', 'theme': 'dark', 'tick_density': 'standard', 'width_px': 1125, 'x_axis': {'label': 'Ability (theta)', 'max': 4.0, 'min': -4.0}, 'y_axis': {'label': 'Category probability', 'max': 1.02, 'min': 0.0}}",matplotlib,dark
"{'expected_score_at_theta_0': 1.0206, 'irt_model': {'expected': 'GPCM', 'observed': '2PL'}, 'most_likely_category_at_theta_0': -1, 'num_categories': 2}",deterministic_reference_rubric_v1,"Parsed target JSON, compared fields to stored ground truth, and applied fixed rubric thresholds.",gpcm_001_crc__dark_high_contrast__category_curve_reasoning__blind__deterministic_judge,8,0.125,True,gpcm_001_crc__dark_high_contrast__category_curve_reasoning__blind,"{'field_scores': {'expected_score_at_theta_0': 0, 'irt_model': 0, 'most_likely_category_at_theta_0': 0, 'num_categories': 0}, 'reasoning_score': 1}",gpcm_001_crc__dark_high_contrast,local_blind_baseline,gpcm_001_crc__dark_high_contrast__category_curve_reasoning,1,category_curve_reasoning,polytomous_crc,GPCM,dark_high_contrast,"{'color_palette': 'bright', 'gridlines': 'faint', 'height_px': 750, 'image_format': 'png', 'image_path': 'data/benchmark/images/gpcm_001_crc__dark_high_contrast.png', 'legend_position': 'best', 'line_width': 2.6, 'num_rendered_lines': 4, 'render_engine': 'matplotlib', 'style_context': 'dark_background', 'style_profile_id': 'dark_high_contrast', 'theme': 'dark', 'tick_density': 'standard', 'width_px': 1125, 'x_axis': {'label': 'Ability (theta)', 'max': 4.0, 'min': -4.0}, 'y_axis': {'label': 'Category probability', 'max': 1.02, 'min': 0.0}}",matplotlib,dark
"{'irt_model': {'expected': 'GPCM', 'observed': 'GPCM'}}",deterministic_reference_rubric_v1,"Parsed target JSON, compared fields to stored ground truth, and applied fixed rubric thresholds.",gpcm_001_crc__lattice_emulation__model_identification__oracle__deterministic_judge,3,1.0,True,gpcm_001_crc__lattice_emulation__model_identification__oracle,"{'field_scores': {'irt_model': 1}, 'reasoning_score': 2}",gpcm_001_crc__lattice_emulation,local_oracle_baseline,gpcm_001_crc__lattice_emulation__model_identification,3,model_identification,polytomous_crc,GPCM,lattice_emulation,"{'color_palette': 'colorblind', 'gridlines': 'faint', 'height_px': 750, 'image_format': 'png', 'image_path': 'data/benchmark/images/gpcm_001_crc__lattice_emulation.png', 'legend_position': 'outside', 'line_width': 2.0, 'num_rendered_lines': 4, 'render_engine': 'matplotlib_lattice_emulation', 'style_context': 'classic', 'style_profile_id': 'lattice_emulation', 'theme': 'light', 'tick_density': 'standard', 'width_px': 1125, 'x_axis': {'label': 'Ability (theta)', 'max': 4.0, 'min': -4.0}, 'y_axis': {'label': 'Category probability', 'max': 1.02, 'min': 0.0}}",matplotlib_lattice_emulation,light
"{'irt_model': {'expected': 'GPCM', 'observed': 'GPCM'}}",deterministic_reference_rubric_v1,"Parsed target JSON, compared fields to stored ground truth, and applied fixed rubric thresholds.",gpcm_001_crc__lattice_emulation__model_identification__noisy__deterministic_judge,3,0.6667,True,gpcm_001_crc__lattice_emulation__model_identification__noisy,"{'field_scores': {'irt_model': 1}, 'reasoning_score': 1}",gpcm_001_crc__lattice_emulation,local_noisy_baseline,gpcm_001_crc__lattice_emulation__model_identification,2,model_identification,polytomous_crc,GPCM,lattice_emulation,"{'color_palette': 'colorblind', 'gridlines': 'faint', 'height_px': 750, 'image_format': 'png', 'image_path': 'data/benchmark/images/gpcm_001_crc__lattice_emulation.png', 'legend_position': 'outside', 'line_width': 2.0, 'num_rendered_lines': 4, 'render_engine': 'matplotlib_lattice_emulation', 'style_context': 'classic', 'style_profile_id': 'lattice_emulation', 'theme': 'light', 'tick_density': 'standard', 'width_px': 1125, 'x_axis': {'label': 'Ability (theta)', 'max': 4.0, 'min': -4.0}, 'y_axis': {'label': 'Category probability', 'max': 1.02, 'min': 0.0}}",matplotlib_lattice_emulation,light
"{'irt_model': {'expected': 'GPCM', 'observed': '2PL'}}",deterministic_reference_rubric_v1,"Parsed target JSON, compared fields to stored ground truth, and applied fixed rubric thresholds.",gpcm_001_crc__lattice_emulation__model_identification__blind__deterministic_judge,3,0.3333,True,gpcm_001_crc__lattice_emulation__model_identification__blind,"{'field_scores': {'irt_model': 0}, 'reasoning_score': 1}",gpcm_001_crc__lattice_emulation,local_blind_baseline,gpcm_001_crc__lattice_emulation__model_identification,1,model_identification,polytomous_crc,GPCM,lattice_emulation,"{'color_palette': 'colorblind', 'gridlines': 'faint', 'height_px': 750, 'image_format': 'png', 'image_path': 'data/benchmark/images/gpcm_001_crc__lattice_emulation.png', 'legend_position': 'outside', 'line_width': 2.0, 'num_rendered_lines': 4, 'render_engine': 'matplotlib_lattice_emulation', 'style_context': 'classic', 'style_profile_id': 'lattice_emulation', 'theme': 'light', 'tick_density': 'standard', 'width_px': 1125, 'x_axis': {'label': 'Ability (theta)', 'max': 4.0, 'min': -4.0}, 'y_axis': {'label': 'Category probability', 'max': 1.02, 'min': 0.0}}",matplotlib_lattice_emulation,light
"{'expected_score_at_theta_0': 0.0, 'irt_model': {'expected': 'GPCM', 'observed': 'GPCM'}, 'most_likely_category_at_theta_0': 0, 'num_categories': 0}",deterministic_reference_rubric_v1,"Parsed target JSON, compared fields to stored ground truth, and applied fixed rubric thresholds.",gpcm_001_crc__lattice_emulation__category_curve_reasoning__oracle__deterministic_judge,8,1.0,True,gpcm_001_crc__lattice_emulation__category_curve_reasoning__oracle,"{'field_scores': {'expected_score_at_theta_0': 3, 'irt_model': 1, 'most_likely_category_at_theta_0': 1, 'num_categories': 1}, 'reasoning_score': 2}",gpcm_001_crc__lattice_emulation,local_oracle_baseline,gpcm_001_crc__lattice_emulation__category_curve_reasoning,8,category_curve_reasoning,polytomous_crc,GPCM,lattice_emulation,"{'color_palette': 'colorblind', 'gridlines': 'faint', 'height_px': 750, 'image_format': 'png', 'image_path': 'data/benchmark/images/gpcm_001_crc__lattice_emulation.png', 'legend_position': 'outside', 'line_width': 2.0, 'num_rendered_lines': 4, 'render_engine': 'matplotlib_lattice_emulation', 'style_context': 'classic', 'style_profile_id': 'lattice_emulation', 'theme': 'light', 'tick_density': 'standard', 'width_px': 1125, 'x_axis': {'label': 'Ability (theta)', 'max': 4.0, 'min': -4.0}, 'y_axis': {'label': 'Category probability', 'max': 1.02, 'min': 0.0}}",matplotlib_lattice_emulation,light
"{'expected_score_at_theta_0': 0.2232, 'irt_model': {'expected': 'GPCM', 'observed': 'GPCM'}, 'most_likely_category_at_theta_0': 0, 'num_categories': 0}",deterministic_reference_rubric_v1,"Parsed target JSON, compared fields to stored ground truth, and applied fixed rubric thresholds.",gpcm_001_crc__lattice_emulation__category_curve_reasoning__noisy__deterministic_judge,8,0.875,True,gpcm_001_crc__lattice_emulation__category_curve_reasoning__noisy,"{'field_scores': {'expected_score_at_theta_0': 3, 'irt_model': 1, 'most_likely_category_at_theta_0': 1, 'num_categories': 1}, 'reasoning_score': 1}",gpcm_001_crc__lattice_emulation,local_noisy_baseline,gpcm_001_crc__lattice_emulation__category_curve_reasoning,7,category_curve_reasoning,polytomous_crc,GPCM,lattice_emulation,"{'color_palette': 'colorblind', 'gridlines': 'faint', 'height_px': 750, 'image_format': 'png', 'image_path': 'data/benchmark/images/gpcm_001_crc__lattice_emulation.png', 'legend_position': 'outside', 'line_width': 2.0, 'num_rendered_lines': 4, 'render_engine': 'matplotlib_lattice_emulation', 'style_context': 'classic', 'style_profile_id': 'lattice_emulation', 'theme': 'light', 'tick_density': 'standard', 'width_px': 1125, 'x_axis': {'label': 'Ability (theta)', 'max': 4.0, 'min': -4.0}, 'y_axis': {'label': 'Category probability', 'max': 1.02, 'min': 0.0}}",matplotlib_lattice_emulation,light
"{'expected_score_at_theta_0': 0.7257, 'irt_model': {'expected': 'GPCM', 'observed': '2PL'}, 'most_likely_category_at_theta_0': -1, 'num_categories': 1}",deterministic_reference_rubric_v1,"Parsed target JSON, compared fields to stored ground truth, and applied fixed rubric thresholds.",gpcm_001_crc__lattice_emulation__category_curve_reasoning__blind__deterministic_judge,8,0.25,True,gpcm_001_crc__lattice_emulation__category_curve_reasoning__blind,"{'field_scores': {'expected_score_at_theta_0': 1, 'irt_model': 0, 'most_likely_category_at_theta_0': 0, 'num_categories': 0}, 'reasoning_score': 1}",gpcm_001_crc__lattice_emulation,local_blind_baseline,gpcm_001_crc__lattice_emulation__category_curve_reasoning,2,category_curve_reasoning,polytomous_crc,GPCM,lattice_emulation,"{'color_palette': 'colorblind', 'gridlines': 'faint', 'height_px': 750, 'image_format': 'png', 'image_path': 'data/benchmark/images/gpcm_001_crc__lattice_emulation.png', 'legend_position': 'outside', 'line_width': 2.0, 'num_rendered_lines': 4, 'render_engine': 'matplotlib_lattice_emulation', 'style_context': 'classic', 'style_profile_id': 'lattice_emulation', 'theme': 'light', 'tick_density': 'standard', 'width_px': 1125, 'x_axis': {'label': 'Ability (theta)', 'max': 4.0, 'min': -4.0}, 'y_axis': {'label': 'Category probability', 'max': 1.02, 'min': 0.0}}",matplotlib_lattice_emulation,light
"{'irt_model': {'expected': 'GRM', 'observed': 'GRM'}}",deterministic_reference_rubric_v1,"Parsed target JSON, compared fields to stored ground truth, and applied fixed rubric thresholds.",grm_001_crc__matplotlib_light__model_identification__oracle__deterministic_judge,3,1.0,True,grm_001_crc__matplotlib_light__model_identification__oracle,"{'field_scores': {'irt_model': 1}, 'reasoning_score': 2}",grm_001_crc__matplotlib_light,local_oracle_baseline,grm_001_crc__matplotlib_light__model_identification,3,model_identification,polytomous_crc,GRM,matplotlib_light,"{'color_palette': 'tab10', 'gridlines': 'standard', 'height_px': 750, 'image_format': 'png', 'image_path': 'data/benchmark/images/grm_001_crc__matplotlib_light.png', 'legend_position': 'best', 'line_width': 2.4, 'num_rendered_lines': 4, 'render_engine': 'matplotlib', 'style_context': 'default', 'style_profile_id': 'matplotlib_light', 'theme': 'light', 'tick_density': 'standard', 'width_px': 1125, 'x_axis': {'label': 'Ability (theta)', 'max': 4.0, 'min': -4.0}, 'y_axis': {'label': 'Category probability', 'max': 1.02, 'min': 0.0}}",matplotlib,light
"{'irt_model': {'expected': 'GRM', 'observed': 'GRM'}}",deterministic_reference_rubric_v1,"Parsed target JSON, compared fields to stored ground truth, and applied fixed rubric thresholds.",grm_001_crc__matplotlib_light__model_identification__noisy__deterministic_judge,3,0.6667,True,grm_001_crc__matplotlib_light__model_identification__noisy,"{'field_scores': {'irt_model': 1}, 'reasoning_score': 1}",grm_001_crc__matplotlib_light,local_noisy_baseline,grm_001_crc__matplotlib_light__model_identification,2,model_identification,polytomous_crc,GRM,matplotlib_light,"{'color_palette': 'tab10', 'gridlines': 'standard', 'height_px': 750, 'image_format': 'png', 'image_path': 'data/benchmark/images/grm_001_crc__matplotlib_light.png', 'legend_position': 'best', 'line_width': 2.4, 'num_rendered_lines': 4, 'render_engine': 'matplotlib', 'style_context': 'default', 'style_profile_id': 'matplotlib_light', 'theme': 'light', 'tick_density': 'standard', 'width_px': 1125, 'x_axis': {'label': 'Ability (theta)', 'max': 4.0, 'min': -4.0}, 'y_axis': {'label': 'Category probability', 'max': 1.02, 'min': 0.0}}",matplotlib,light
"{'irt_model': {'expected': 'GRM', 'observed': '2PL'}}",deterministic_reference_rubric_v1,"Parsed target JSON, compared fields to stored ground truth, and applied fixed rubric thresholds.",grm_001_crc__matplotlib_light__model_identification__blind__deterministic_judge,3,0.3333,True,grm_001_crc__matplotlib_light__model_identification__blind,"{'field_scores': {'irt_model': 0}, 'reasoning_score': 1}",grm_001_crc__matplotlib_light,local_blind_baseline,grm_001_crc__matplotlib_light__model_identification,1,model_identification,polytomous_crc,GRM,matplotlib_light,"{'color_palette': 'tab10', 'gridlines': 'standard', 'height_px': 750, 'image_format': 'png', 'image_path': 'data/benchmark/images/grm_001_crc__matplotlib_light.png', 'legend_position': 'best', 'line_width': 2.4, 'num_rendered_lines': 4, 'render_engine': 'matplotlib', 'style_context': 'default', 'style_profile_id': 'matplotlib_light', 'theme': 'light', 'tick_density': 'standard', 'width_px': 1125, 'x_axis': {'label': 'Ability (theta)', 'max': 4.0, 'min': -4.0}, 'y_axis': {'label': 'Category probability', 'max': 1.02, 'min': 0.0}}",matplotlib,light
"{'expected_score_at_theta_0': 0.0, 'irt_model': {'expected': 'GRM', 'observed': 'GRM'}, 'most_likely_category_at_theta_0': 0, 'num_categories': 0}",deterministic_reference_rubric_v1,"Parsed target JSON, compared fields to stored ground truth, and applied fixed rubric thresholds.",grm_001_crc__matplotlib_light__category_curve_reasoning__oracle__deterministic_judge,8,1.0,True,grm_001_crc__matplotlib_light__category_curve_reasoning__oracle,"{'field_scores': {'expected_score_at_theta_0': 3, 'irt_model': 1, 'most_likely_category_at_theta_0': 1, 'num_categories': 1}, 'reasoning_score': 2}",grm_001_crc__matplotlib_light,local_oracle_baseline,grm_001_crc__matplotlib_light__category_curve_reasoning,8,category_curve_reasoning,polytomous_crc,GRM,matplotlib_light,"{'color_palette': 'tab10', 'gridlines': 'standard', 'height_px': 750, 'image_format': 'png', 'image_path': 'data/benchmark/images/grm_001_crc__matplotlib_light.png', 'legend_position': 'best', 'line_width': 2.4, 'num_rendered_lines': 4, 'render_engine': 'matplotlib', 'style_context': 'default', 'style_profile_id': 'matplotlib_light', 'theme': 'light', 'tick_density': 'standard', 'width_px': 1125, 'x_axis': {'label': 'Ability (theta)', 'max': 4.0, 'min': -4.0}, 'y_axis': {'label': 'Category probability', 'max': 1.02, 'min': 0.0}}",matplotlib,light
"{'expected_score_at_theta_0': 0.2972, 'irt_model': {'expected': 'GRM', 'observed': 'GRM'}, 'most_likely_category_at_theta_0': 0, 'num_categories': 0}",deterministic_reference_rubric_v1,"Parsed target JSON, compared fields to stored ground truth, and applied fixed rubric thresholds.",grm_001_crc__matplotlib_light__category_curve_reasoning__noisy__deterministic_judge,8,0.75,True,grm_001_crc__matplotlib_light__category_curve_reasoning__noisy,"{'field_scores': {'expected_score_at_theta_0': 2, 'irt_model': 1, 'most_likely_category_at_theta_0': 1, 'num_categories': 1}, 'reasoning_score': 1}",grm_001_crc__matplotlib_light,local_noisy_baseline,grm_001_crc__matplotlib_light__category_curve_reasoning,6,category_curve_reasoning,polytomous_crc,GRM,matplotlib_light,"{'color_palette': 'tab10', 'gridlines': 'standard', 'height_px': 750, 'image_format': 'png', 'image_path': 'data/benchmark/images/grm_001_crc__matplotlib_light.png', 'legend_position': 'best', 'line_width': 2.4, 'num_rendered_lines': 4, 'render_engine': 'matplotlib', 'style_context': 'default', 'style_profile_id': 'matplotlib_light', 'theme': 'light', 'tick_density': 'standard', 'width_px': 1125, 'x_axis': {'label': 'Ability (theta)', 'max': 4.0, 'min': -4.0}, 'y_axis': {'label': 'Category probability', 'max': 1.02, 'min': 0.0}}",matplotlib,light
"{'expected_score_at_theta_0': 0.4311, 'irt_model': {'expected': 'GRM', 'observed': '2PL'}, 'most_likely_category_at_theta_0': -1, 'num_categories': -2}",deterministic_reference_rubric_v1,"Parsed target JSON, compared fields to stored ground truth, and applied fixed rubric thresholds.",grm_001_crc__matplotlib_light__category_curve_reasoning__blind__deterministic_judge,8,0.375,True,grm_001_crc__matplotlib_light__category_curve_reasoning__blind,"{'field_scores': {'expected_score_at_theta_0': 2, 'irt_model': 0, 'most_likely_category_at_theta_0': 0, 'num_categories': 0}, 'reasoning_score': 1}",grm_001_crc__matplotlib_light,local_blind_baseline,grm_001_crc__matplotlib_light__category_curve_reasoning,3,category_curve_reasoning,polytomous_crc,GRM,matplotlib_light,"{'color_palette': 'tab10', 'gridlines': 'standard', 'height_px': 750, 'image_format': 'png', 'image_path': 'data/benchmark/images/grm_001_crc__matplotlib_light.png', 'legend_position': 'best', 'line_width': 2.4, 'num_rendered_lines': 4, 'render_engine': 'matplotlib', 'style_context': 'default', 'style_profile_id': 'matplotlib_light', 'theme': 'light', 'tick_density': 'standard', 'width_px': 1125, 'x_axis': {'label': 'Ability (theta)', 'max': 4.0, 'min': -4.0}, 'y_axis': {'label': 'Category probability', 'max': 1.02, 'min': 0.0}}",matplotlib,light
"{'irt_model': {'expected': 'GRM', 'observed': 'GRM'}}",deterministic_reference_rubric_v1,"Parsed target JSON, compared fields to stored ground truth, and applied fixed rubric thresholds.",grm_001_crc__seaborn_whitegrid__model_identification__oracle__deterministic_judge,3,1.0,True,grm_001_crc__seaborn_whitegrid__model_identification__oracle,"{'field_scores': {'irt_model': 1}, 'reasoning_score': 2}",grm_001_crc__seaborn_whitegrid,local_oracle_baseline,grm_001_crc__seaborn_whitegrid__model_identification,3,model_identification,polytomous_crc,GRM,seaborn_whitegrid,"{'color_palette': 'deep', 'gridlines': 'standard', 'height_px': 750, 'image_format': 'png', 'image_path': 'data/benchmark/images/grm_001_crc__seaborn_whitegrid.png', 'legend_position': 'right', 'line_width': 2.4, 'num_rendered_lines': 4, 'render_engine': 'seaborn', 'style_context': 'whitegrid', 'style_profile_id': 'seaborn_whitegrid', 'theme': 'light', 'tick_density': 'standard', 'width_px': 1125, 'x_axis': {'label': 'Ability (theta)', 'max': 4.0, 'min': -4.0}, 'y_axis': {'label': 'Category probability', 'max': 1.02, 'min': 0.0}}",seaborn,light
"{'irt_model': {'expected': 'GRM', 'observed': 'GRM'}}",deterministic_reference_rubric_v1,"Parsed target JSON, compared fields to stored ground truth, and applied fixed rubric thresholds.",grm_001_crc__seaborn_whitegrid__model_identification__noisy__deterministic_judge,3,0.6667,True,grm_001_crc__seaborn_whitegrid__model_identification__noisy,"{'field_scores': {'irt_model': 1}, 'reasoning_score': 1}",grm_001_crc__seaborn_whitegrid,local_noisy_baseline,grm_001_crc__seaborn_whitegrid__model_identification,2,model_identification,polytomous_crc,GRM,seaborn_whitegrid,"{'color_palette': 'deep', 'gridlines': 'standard', 'height_px': 750, 'image_format': 'png', 'image_path': 'data/benchmark/images/grm_001_crc__seaborn_whitegrid.png', 'legend_position': 'right', 'line_width': 2.4, 'num_rendered_lines': 4, 'render_engine': 'seaborn', 'style_context': 'whitegrid', 'style_profile_id': 'seaborn_whitegrid', 'theme': 'light', 'tick_density': 'standard', 'width_px': 1125, 'x_axis': {'label': 'Ability (theta)', 'max': 4.0, 'min': -4.0}, 'y_axis': {'label': 'Category probability', 'max': 1.02, 'min': 0.0}}",seaborn,light
"{'irt_model': {'expected': 'GRM', 'observed': '2PL'}}",deterministic_reference_rubric_v1,"Parsed target JSON, compared fields to stored ground truth, and applied fixed rubric thresholds.",grm_001_crc__seaborn_whitegrid__model_identification__blind__deterministic_judge,3,0.3333,True,grm_001_crc__seaborn_whitegrid__model_identification__blind,"{'field_scores': {'irt_model': 0}, 'reasoning_score': 1}",grm_001_crc__seaborn_whitegrid,local_blind_baseline,grm_001_crc__seaborn_whitegrid__model_identification,1,model_identification,polytomous_crc,GRM,seaborn_whitegrid,"{'color_palette': 'deep', 'gridlines': 'standard', 'height_px': 750, 'image_format': 'png', 'image_path': 'data/benchmark/images/grm_001_crc__seaborn_whitegrid.png', 'legend_position': 'right', 'line_width': 2.4, 'num_rendered_lines': 4, 'render_engine': 'seaborn', 'style_context': 'whitegrid', 'style_profile_id': 'seaborn_whitegrid', 'theme': 'light', 'tick_density': 'standard', 'width_px': 1125, 'x_axis': {'label': 'Ability (theta)', 'max': 4.0, 'min': -4.0}, 'y_axis': {'label': 'Category probability', 'max': 1.02, 'min': 0.0}}",seaborn,light
"{'expected_score_at_theta_0': 0.0, 'irt_model': {'expected': 'GRM', 'observed': 'GRM'}, 'most_likely_category_at_theta_0': 0, 'num_categories': 0}",deterministic_reference_rubric_v1,"Parsed target JSON, compared fields to stored ground truth, and applied fixed rubric thresholds.",grm_001_crc__seaborn_whitegrid__category_curve_reasoning__oracle__deterministic_judge,8,1.0,True,grm_001_crc__seaborn_whitegrid__category_curve_reasoning__oracle,"{'field_scores': {'expected_score_at_theta_0': 3, 'irt_model': 1, 'most_likely_category_at_theta_0': 1, 'num_categories': 1}, 'reasoning_score': 2}",grm_001_crc__seaborn_whitegrid,local_oracle_baseline,grm_001_crc__seaborn_whitegrid__category_curve_reasoning,8,category_curve_reasoning,polytomous_crc,GRM,seaborn_whitegrid,"{'color_palette': 'deep', 'gridlines': 'standard', 'height_px': 750, 'image_format': 'png', 'image_path': 'data/benchmark/images/grm_001_crc__seaborn_whitegrid.png', 'legend_position': 'right', 'line_width': 2.4, 'num_rendered_lines': 4, 'render_engine': 'seaborn', 'style_context': 'whitegrid', 'style_profile_id': 'seaborn_whitegrid', 'theme': 'light', 'tick_density': 'standard', 'width_px': 1125, 'x_axis': {'label': 'Ability (theta)', 'max': 4.0, 'min': -4.0}, 'y_axis': {'label': 'Category probability', 'max': 1.02, 'min': 0.0}}",seaborn,light
"{'expected_score_at_theta_0': 0.2572, 'irt_model': {'expected': 'GRM', 'observed': 'GRM'}, 'most_likely_category_at_theta_0': 0, 'num_categories': 0}",deterministic_reference_rubric_v1,"Parsed target JSON, compared fields to stored ground truth, and applied fixed rubric thresholds.",grm_001_crc__seaborn_whitegrid__category_curve_reasoning__noisy__deterministic_judge,8,0.75,True,grm_001_crc__seaborn_whitegrid__category_curve_reasoning__noisy,"{'field_scores': {'expected_score_at_theta_0': 2, 'irt_model': 1, 'most_likely_category_at_theta_0': 1, 'num_categories': 1}, 'reasoning_score': 1}",grm_001_crc__seaborn_whitegrid,local_noisy_baseline,grm_001_crc__seaborn_whitegrid__category_curve_reasoning,6,category_curve_reasoning,polytomous_crc,GRM,seaborn_whitegrid,"{'color_palette': 'deep', 'gridlines': 'standard', 'height_px': 750, 'image_format': 'png', 'image_path': 'data/benchmark/images/grm_001_crc__seaborn_whitegrid.png', 'legend_position': 'right', 'line_width': 2.4, 'num_rendered_lines': 4, 'render_engine': 'seaborn', 'style_context': 'whitegrid', 'style_profile_id': 'seaborn_whitegrid', 'theme': 'light', 'tick_density': 'standard', 'width_px': 1125, 'x_axis': {'label': 'Ability (theta)', 'max': 4.0, 'min': -4.0}, 'y_axis': {'label': 'Category probability', 'max': 1.02, 'min': 0.0}}",seaborn,light
"{'expected_score_at_theta_0': 0.9436, 'irt_model': {'expected': 'GRM', 'observed': '2PL'}, 'most_likely_category_at_theta_0': -2, 'num_categories': -1}",deterministic_reference_rubric_v1,"Parsed target JSON, compared fields to stored ground truth, and applied fixed rubric thresholds.",grm_001_crc__seaborn_whitegrid__category_curve_reasoning__blind__deterministic_judge,8,0.25,True,grm_001_crc__seaborn_whitegrid__category_curve_reasoning__blind,"{'field_scores': {'expected_score_at_theta_0': 1, 'irt_model': 0, 'most_likely_category_at_theta_0': 0, 'num_categories': 0}, 'reasoning_score': 1}",grm_001_crc__seaborn_whitegrid,local_blind_baseline,grm_001_crc__seaborn_whitegrid__category_curve_reasoning,2,category_curve_reasoning,polytomous_crc,GRM,seaborn_whitegrid,"{'color_palette': 'deep', 'gridlines': 'standard', 'height_px': 750, 'image_format': 'png', 'image_path': 'data/benchmark/images/grm_001_crc__seaborn_whitegrid.png', 'legend_position': 'right', 'line_width': 2.4, 'num_rendered_lines': 4, 'render_engine': 'seaborn', 'style_context': 'whitegrid', 'style_profile_id': 'seaborn_whitegrid', 'theme': 'light', 'tick_density': 'standard', 'width_px': 1125, 'x_axis': {'label': 'Ability (theta)', 'max': 4.0, 'min': -4.0}, 'y_axis': {'label': 'Category probability', 'max': 1.02, 'min': 0.0}}",seaborn,light
"{'irt_model': {'expected': 'GRM', 'observed': 'GRM'}}",deterministic_reference_rubric_v1,"Parsed target JSON, compared fields to stored ground truth, and applied fixed rubric thresholds.",grm_001_crc__ggplot_gray__model_identification__oracle__deterministic_judge,3,1.0,True,grm_001_crc__ggplot_gray__model_identification__oracle,"{'field_scores': {'irt_model': 1}, 'reasoning_score': 2}",grm_001_crc__ggplot_gray,local_oracle_baseline,grm_001_crc__ggplot_gray__model_identification,3,model_identification,polytomous_crc,GRM,ggplot_gray,"{'color_palette': 'muted', 'gridlines': 'heavy', 'height_px': 750, 'image_format': 'png', 'image_path': 'data/benchmark/images/grm_001_crc__ggplot_gray.png', 'legend_position': 'best', 'line_width': 2.2, 'num_rendered_lines': 4, 'render_engine': 'matplotlib_ggplot_style', 'style_context': 'ggplot', 'style_profile_id': 'ggplot_gray', 'theme': 'light', 'tick_density': 'dense', 'width_px': 1125, 'x_axis': {'label': 'Ability (theta)', 'max': 4.0, 'min': -4.0}, 'y_axis': {'label': 'Category probability', 'max': 1.02, 'min': 0.0}}",matplotlib_ggplot_style,light
"{'irt_model': {'expected': 'GRM', 'observed': 'GRM'}}",deterministic_reference_rubric_v1,"Parsed target JSON, compared fields to stored ground truth, and applied fixed rubric thresholds.",grm_001_crc__ggplot_gray__model_identification__noisy__deterministic_judge,3,0.6667,True,grm_001_crc__ggplot_gray__model_identification__noisy,"{'field_scores': {'irt_model': 1}, 'reasoning_score': 1}",grm_001_crc__ggplot_gray,local_noisy_baseline,grm_001_crc__ggplot_gray__model_identification,2,model_identification,polytomous_crc,GRM,ggplot_gray,"{'color_palette': 'muted', 'gridlines': 'heavy', 'height_px': 750, 'image_format': 'png', 'image_path': 'data/benchmark/images/grm_001_crc__ggplot_gray.png', 'legend_position': 'best', 'line_width': 2.2, 'num_rendered_lines': 4, 'render_engine': 'matplotlib_ggplot_style', 'style_context': 'ggplot', 'style_profile_id': 'ggplot_gray', 'theme': 'light', 'tick_density': 'dense', 'width_px': 1125, 'x_axis': {'label': 'Ability (theta)', 'max': 4.0, 'min': -4.0}, 'y_axis': {'label': 'Category probability', 'max': 1.02, 'min': 0.0}}",matplotlib_ggplot_style,light
"{'irt_model': {'expected': 'GRM', 'observed': '2PL'}}",deterministic_reference_rubric_v1,"Parsed target JSON, compared fields to stored ground truth, and applied fixed rubric thresholds.",grm_001_crc__ggplot_gray__model_identification__blind__deterministic_judge,3,0.3333,True,grm_001_crc__ggplot_gray__model_identification__blind,"{'field_scores': {'irt_model': 0}, 'reasoning_score': 1}",grm_001_crc__ggplot_gray,local_blind_baseline,grm_001_crc__ggplot_gray__model_identification,1,model_identification,polytomous_crc,GRM,ggplot_gray,"{'color_palette': 'muted', 'gridlines': 'heavy', 'height_px': 750, 'image_format': 'png', 'image_path': 'data/benchmark/images/grm_001_crc__ggplot_gray.png', 'legend_position': 'best', 'line_width': 2.2, 'num_rendered_lines': 4, 'render_engine': 'matplotlib_ggplot_style', 'style_context': 'ggplot', 'style_profile_id': 'ggplot_gray', 'theme': 'light', 'tick_density': 'dense', 'width_px': 1125, 'x_axis': {'label': 'Ability (theta)', 'max': 4.0, 'min': -4.0}, 'y_axis': {'label': 'Category probability', 'max': 1.02, 'min': 0.0}}",matplotlib_ggplot_style,light
"{'expected_score_at_theta_0': 0.0, 'irt_model': {'expected': 'GRM', 'observed': 'GRM'}, 'most_likely_category_at_theta_0': 0, 'num_categories': 0}",deterministic_reference_rubric_v1,"Parsed target JSON, compared fields to stored ground truth, and applied fixed rubric thresholds.",grm_001_crc__ggplot_gray__category_curve_reasoning__oracle__deterministic_judge,8,1.0,True,grm_001_crc__ggplot_gray__category_curve_reasoning__oracle,"{'field_scores': {'expected_score_at_theta_0': 3, 'irt_model': 1, 'most_likely_category_at_theta_0': 1, 'num_categories': 1}, 'reasoning_score': 2}",grm_001_crc__ggplot_gray,local_oracle_baseline,grm_001_crc__ggplot_gray__category_curve_reasoning,8,category_curve_reasoning,polytomous_crc,GRM,ggplot_gray,"{'color_palette': 'muted', 'gridlines': 'heavy', 'height_px': 750, 'image_format': 'png', 'image_path': 'data/benchmark/images/grm_001_crc__ggplot_gray.png', 'legend_position': 'best', 'line_width': 2.2, 'num_rendered_lines': 4, 'render_engine': 'matplotlib_ggplot_style', 'style_context': 'ggplot', 'style_profile_id': 'ggplot_gray', 'theme': 'light', 'tick_density': 'dense', 'width_px': 1125, 'x_axis': {'label': 'Ability (theta)', 'max': 4.0, 'min': -4.0}, 'y_axis': {'label': 'Category probability', 'max': 1.02, 'min': 0.0}}",matplotlib_ggplot_style,light
"{'expected_score_at_theta_0': 0.3768, 'irt_model': {'expected': 'GRM', 'observed': 'GRM'}, 'most_likely_category_at_theta_0': 0, 'num_categories': 0}",deterministic_reference_rubric_v1,"Parsed target JSON, compared fields to stored ground truth, and applied fixed rubric thresholds.",grm_001_crc__ggplot_gray__category_curve_reasoning__noisy__deterministic_judge,8,0.75,True,grm_001_crc__ggplot_gray__category_curve_reasoning__noisy,"{'field_scores': {'expected_score_at_theta_0': 2, 'irt_model': 1, 'most_likely_category_at_theta_0': 1, 'num_categories': 1}, 'reasoning_score': 1}",grm_001_crc__ggplot_gray,local_noisy_baseline,grm_001_crc__ggplot_gray__category_curve_reasoning,6,category_curve_reasoning,polytomous_crc,GRM,ggplot_gray,"{'color_palette': 'muted', 'gridlines': 'heavy', 'height_px': 750, 'image_format': 'png', 'image_path': 'data/benchmark/images/grm_001_crc__ggplot_gray.png', 'legend_position': 'best', 'line_width': 2.2, 'num_rendered_lines': 4, 'render_engine': 'matplotlib_ggplot_style', 'style_context': 'ggplot', 'style_profile_id': 'ggplot_gray', 'theme': 'light', 'tick_density': 'dense', 'width_px': 1125, 'x_axis': {'label': 'Ability (theta)', 'max': 4.0, 'min': -4.0}, 'y_axis': {'label': 'Category probability', 'max': 1.02, 'min': 0.0}}",matplotlib_ggplot_style,light
"{'expected_score_at_theta_0': 0.5419, 'irt_model': {'expected': 'GRM', 'observed': '2PL'}, 'most_likely_category_at_theta_0': -1, 'num_categories': 1}",deterministic_reference_rubric_v1,"Parsed target JSON, compared fields to stored ground truth, and applied fixed rubric thresholds.",grm_001_crc__ggplot_gray__category_curve_reasoning__blind__deterministic_judge,8,0.25,True,grm_001_crc__ggplot_gray__category_curve_reasoning__blind,"{'field_scores': {'expected_score_at_theta_0': 1, 'irt_model': 0, 'most_likely_category_at_theta_0': 0, 'num_categories': 0}, 'reasoning_score': 1}",grm_001_crc__ggplot_gray,local_blind_baseline,grm_001_crc__ggplot_gray__category_curve_reasoning,2,category_curve_reasoning,polytomous_crc,GRM,ggplot_gray,"{'color_palette': 'muted', 'gridlines': 'heavy', 'height_px': 750, 'image_format': 'png', 'image_path': 'data/benchmark/images/grm_001_crc__ggplot_gray.png', 'legend_position': 'best', 'line_width': 2.2, 'num_rendered_lines': 4, 'render_engine': 'matplotlib_ggplot_style', 'style_context': 'ggplot', 'style_profile_id': 'ggplot_gray', 'theme': 'light', 'tick_density': 'dense', 'width_px': 1125, 'x_axis': {'label': 'Ability (theta)', 'max': 4.0, 'min': -4.0}, 'y_axis': {'label': 'Category probability', 'max': 1.02, 'min': 0.0}}",matplotlib_ggplot_style,light
"{'irt_model': {'expected': 'GRM', 'observed': 'GRM'}}",deterministic_reference_rubric_v1,"Parsed target JSON, compared fields to stored ground truth, and applied fixed rubric thresholds.",grm_001_crc__grayscale_no_grid__model_identification__oracle__deterministic_judge,3,1.0,True,grm_001_crc__grayscale_no_grid__model_identification__oracle,"{'field_scores': {'irt_model': 1}, 'reasoning_score': 2}",grm_001_crc__grayscale_no_grid,local_oracle_baseline,grm_001_crc__grayscale_no_grid__model_identification,3,model_identification,polytomous_crc,GRM,grayscale_no_grid,"{'color_palette': 'grayscale', 'gridlines': 'none', 'height_px': 750, 'image_format': 'png', 'image_path': 'data/benchmark/images/grm_001_crc__grayscale_no_grid.png', 'legend_position': 'bottom', 'line_width': 2.6, 'num_rendered_lines': 4, 'render_engine': 'matplotlib', 'style_context': 'default', 'style_profile_id': 'grayscale_no_grid', 'theme': 'light', 'tick_density': 'sparse', 'width_px': 1125, 'x_axis': {'label': 'Ability (theta)', 'max': 4.0, 'min': -4.0}, 'y_axis': {'label': 'Category probability', 'max': 1.02, 'min': 0.0}}",matplotlib,light
"{'irt_model': {'expected': 'GRM', 'observed': 'GRM'}}",deterministic_reference_rubric_v1,"Parsed target JSON, compared fields to stored ground truth, and applied fixed rubric thresholds.",grm_001_crc__grayscale_no_grid__model_identification__noisy__deterministic_judge,3,0.6667,True,grm_001_crc__grayscale_no_grid__model_identification__noisy,"{'field_scores': {'irt_model': 1}, 'reasoning_score': 1}",grm_001_crc__grayscale_no_grid,local_noisy_baseline,grm_001_crc__grayscale_no_grid__model_identification,2,model_identification,polytomous_crc,GRM,grayscale_no_grid,"{'color_palette': 'grayscale', 'gridlines': 'none', 'height_px': 750, 'image_format': 'png', 'image_path': 'data/benchmark/images/grm_001_crc__grayscale_no_grid.png', 'legend_position': 'bottom', 'line_width': 2.6, 'num_rendered_lines': 4, 'render_engine': 'matplotlib', 'style_context': 'default', 'style_profile_id': 'grayscale_no_grid', 'theme': 'light', 'tick_density': 'sparse', 'width_px': 1125, 'x_axis': {'label': 'Ability (theta)', 'max': 4.0, 'min': -4.0}, 'y_axis': {'label': 'Category probability', 'max': 1.02, 'min': 0.0}}",matplotlib,light
"{'irt_model': {'expected': 'GRM', 'observed': '2PL'}}",deterministic_reference_rubric_v1,"Parsed target JSON, compared fields to stored ground truth, and applied fixed rubric thresholds.",grm_001_crc__grayscale_no_grid__model_identification__blind__deterministic_judge,3,0.3333,True,grm_001_crc__grayscale_no_grid__model_identification__blind,"{'field_scores': {'irt_model': 0}, 'reasoning_score': 1}",grm_001_crc__grayscale_no_grid,local_blind_baseline,grm_001_crc__grayscale_no_grid__model_identification,1,model_identification,polytomous_crc,GRM,grayscale_no_grid,"{'color_palette': 'grayscale', 'gridlines': 'none', 'height_px': 750, 'image_format': 'png', 'image_path': 'data/benchmark/images/grm_001_crc__grayscale_no_grid.png', 'legend_position': 'bottom', 'line_width': 2.6, 'num_rendered_lines': 4, 'render_engine': 'matplotlib', 'style_context': 'default', 'style_profile_id': 'grayscale_no_grid', 'theme': 'light', 'tick_density': 'sparse', 'width_px': 1125, 'x_axis': {'label': 'Ability (theta)', 'max': 4.0, 'min': -4.0}, 'y_axis': {'label': 'Category probability', 'max': 1.02, 'min': 0.0}}",matplotlib,light
"{'expected_score_at_theta_0': 0.0, 'irt_model': {'expected': 'GRM', 'observed': 'GRM'}, 'most_likely_category_at_theta_0': 0, 'num_categories': 0}",deterministic_reference_rubric_v1,"Parsed target JSON, compared fields to stored ground truth, and applied fixed rubric thresholds.",grm_001_crc__grayscale_no_grid__category_curve_reasoning__oracle__deterministic_judge,8,1.0,True,grm_001_crc__grayscale_no_grid__category_curve_reasoning__oracle,"{'field_scores': {'expected_score_at_theta_0': 3, 'irt_model': 1, 'most_likely_category_at_theta_0': 1, 'num_categories': 1}, 'reasoning_score': 2}",grm_001_crc__grayscale_no_grid,local_oracle_baseline,grm_001_crc__grayscale_no_grid__category_curve_reasoning,8,category_curve_reasoning,polytomous_crc,GRM,grayscale_no_grid,"{'color_palette': 'grayscale', 'gridlines': 'none', 'height_px': 750, 'image_format': 'png', 'image_path': 'data/benchmark/images/grm_001_crc__grayscale_no_grid.png', 'legend_position': 'bottom', 'line_width': 2.6, 'num_rendered_lines': 4, 'render_engine': 'matplotlib', 'style_context': 'default', 'style_profile_id': 'grayscale_no_grid', 'theme': 'light', 'tick_density': 'sparse', 'width_px': 1125, 'x_axis': {'label': 'Ability (theta)', 'max': 4.0, 'min': -4.0}, 'y_axis': {'label': 'Category probability', 'max': 1.02, 'min': 0.0}}",matplotlib,light
"{'expected_score_at_theta_0': 0.0821, 'irt_model': {'expected': 'GRM', 'observed': 'GRM'}, 'most_likely_category_at_theta_0': 0, 'num_categories': 0}",deterministic_reference_rubric_v1,"Parsed target JSON, compared fields to stored ground truth, and applied fixed rubric thresholds.",grm_001_crc__grayscale_no_grid__category_curve_reasoning__noisy__deterministic_judge,8,0.875,True,grm_001_crc__grayscale_no_grid__category_curve_reasoning__noisy,"{'field_scores': {'expected_score_at_theta_0': 3, 'irt_model': 1, 'most_likely_category_at_theta_0': 1, 'num_categories': 1}, 'reasoning_score': 1}",grm_001_crc__grayscale_no_grid,local_noisy_baseline,grm_001_crc__grayscale_no_grid__category_curve_reasoning,7,category_curve_reasoning,polytomous_crc,GRM,grayscale_no_grid,"{'color_palette': 'grayscale', 'gridlines': 'none', 'height_px': 750, 'image_format': 'png', 'image_path': 'data/benchmark/images/grm_001_crc__grayscale_no_grid.png', 'legend_position': 'bottom', 'line_width': 2.6, 'num_rendered_lines': 4, 'render_engine': 'matplotlib', 'style_context': 'default', 'style_profile_id': 'grayscale_no_grid', 'theme': 'light', 'tick_density': 'sparse', 'width_px': 1125, 'x_axis': {'label': 'Ability (theta)', 'max': 4.0, 'min': -4.0}, 'y_axis': {'label': 'Category probability', 'max': 1.02, 'min': 0.0}}",matplotlib,light
"{'expected_score_at_theta_0': 1.0615, 'irt_model': {'expected': 'GRM', 'observed': '2PL'}, 'most_likely_category_at_theta_0': 1, 'num_categories': -2}",deterministic_reference_rubric_v1,"Parsed target JSON, compared fields to stored ground truth, and applied fixed rubric thresholds.",grm_001_crc__grayscale_no_grid__category_curve_reasoning__blind__deterministic_judge,8,0.125,True,grm_001_crc__grayscale_no_grid__category_curve_reasoning__blind,"{'field_scores': {'expected_score_at_theta_0': 0, 'irt_model': 0, 'most_likely_category_at_theta_0': 0, 'num_categories': 0}, 'reasoning_score': 1}",grm_001_crc__grayscale_no_grid,local_blind_baseline,grm_001_crc__grayscale_no_grid__category_curve_reasoning,1,category_curve_reasoning,polytomous_crc,GRM,grayscale_no_grid,"{'color_palette': 'grayscale', 'gridlines': 'none', 'height_px': 750, 'image_format': 'png', 'image_path': 'data/benchmark/images/grm_001_crc__grayscale_no_grid.png', 'legend_position': 'bottom', 'line_width': 2.6, 'num_rendered_lines': 4, 'render_engine': 'matplotlib', 'style_context': 'default', 'style_profile_id': 'grayscale_no_grid', 'theme': 'light', 'tick_density': 'sparse', 'width_px': 1125, 'x_axis': {'label': 'Ability (theta)', 'max': 4.0, 'min': -4.0}, 'y_axis': {'label': 'Category probability', 'max': 1.02, 'min': 0.0}}",matplotlib,light
"{'irt_model': {'expected': 'GRM', 'observed': 'GRM'}}",deterministic_reference_rubric_v1,"Parsed target JSON, compared fields to stored ground truth, and applied fixed rubric thresholds.",grm_001_crc__dark_high_contrast__model_identification__oracle__deterministic_judge,3,1.0,True,grm_001_crc__dark_high_contrast__model_identification__oracle,"{'field_scores': {'irt_model': 1}, 'reasoning_score': 2}",grm_001_crc__dark_high_contrast,local_oracle_baseline,grm_001_crc__dark_high_contrast__model_identification,3,model_identification,polytomous_crc,GRM,dark_high_contrast,"{'color_palette': 'bright', 'gridlines': 'faint', 'height_px': 750, 'image_format': 'png', 'image_path': 'data/benchmark/images/grm_001_crc__dark_high_contrast.png', 'legend_position': 'best', 'line_width': 2.6, 'num_rendered_lines': 4, 'render_engine': 'matplotlib', 'style_context': 'dark_background', 'style_profile_id': 'dark_high_contrast', 'theme': 'dark', 'tick_density': 'standard', 'width_px': 1125, 'x_axis': {'label': 'Ability (theta)', 'max': 4.0, 'min': -4.0}, 'y_axis': {'label': 'Category probability', 'max': 1.02, 'min': 0.0}}",matplotlib,dark
"{'irt_model': {'expected': 'GRM', 'observed': 'GRM'}}",deterministic_reference_rubric_v1,"Parsed target JSON, compared fields to stored ground truth, and applied fixed rubric thresholds.",grm_001_crc__dark_high_contrast__model_identification__noisy__deterministic_judge,3,0.6667,True,grm_001_crc__dark_high_contrast__model_identification__noisy,"{'field_scores': {'irt_model': 1}, 'reasoning_score': 1}",grm_001_crc__dark_high_contrast,local_noisy_baseline,grm_001_crc__dark_high_contrast__model_identification,2,model_identification,polytomous_crc,GRM,dark_high_contrast,"{'color_palette': 'bright', 'gridlines': 'faint', 'height_px': 750, 'image_format': 'png', 'image_path': 'data/benchmark/images/grm_001_crc__dark_high_contrast.png', 'legend_position': 'best', 'line_width': 2.6, 'num_rendered_lines': 4, 'render_engine': 'matplotlib', 'style_context': 'dark_background', 'style_profile_id': 'dark_high_contrast', 'theme': 'dark', 'tick_density': 'standard', 'width_px': 1125, 'x_axis': {'label': 'Ability (theta)', 'max': 4.0, 'min': -4.0}, 'y_axis': {'label': 'Category probability', 'max': 1.02, 'min': 0.0}}",matplotlib,dark
"{'irt_model': {'expected': 'GRM', 'observed': '2PL'}}",deterministic_reference_rubric_v1,"Parsed target JSON, compared fields to stored ground truth, and applied fixed rubric thresholds.",grm_001_crc__dark_high_contrast__model_identification__blind__deterministic_judge,3,0.3333,True,grm_001_crc__dark_high_contrast__model_identification__blind,"{'field_scores': {'irt_model': 0}, 'reasoning_score': 1}",grm_001_crc__dark_high_contrast,local_blind_baseline,grm_001_crc__dark_high_contrast__model_identification,1,model_identification,polytomous_crc,GRM,dark_high_contrast,"{'color_palette': 'bright', 'gridlines': 'faint', 'height_px': 750, 'image_format': 'png', 'image_path': 'data/benchmark/images/grm_001_crc__dark_high_contrast.png', 'legend_position': 'best', 'line_width': 2.6, 'num_rendered_lines': 4, 'render_engine': 'matplotlib', 'style_context': 'dark_background', 'style_profile_id': 'dark_high_contrast', 'theme': 'dark', 'tick_density': 'standard', 'width_px': 1125, 'x_axis': {'label': 'Ability (theta)', 'max': 4.0, 'min': -4.0}, 'y_axis': {'label': 'Category probability', 'max': 1.02, 'min': 0.0}}",matplotlib,dark
"{'expected_score_at_theta_0': 0.0, 'irt_model': {'expected': 'GRM', 'observed': 'GRM'}, 'most_likely_category_at_theta_0': 0, 'num_categories': 0}",deterministic_reference_rubric_v1,"Parsed target JSON, compared fields to stored ground truth, and applied fixed rubric thresholds.",grm_001_crc__dark_high_contrast__category_curve_reasoning__oracle__deterministic_judge,8,1.0,True,grm_001_crc__dark_high_contrast__category_curve_reasoning__oracle,"{'field_scores': {'expected_score_at_theta_0': 3, 'irt_model': 1, 'most_likely_category_at_theta_0': 1, 'num_categories': 1}, 'reasoning_score': 2}",grm_001_crc__dark_high_contrast,local_oracle_baseline,grm_001_crc__dark_high_contrast__category_curve_reasoning,8,category_curve_reasoning,polytomous_crc,GRM,dark_high_contrast,"{'color_palette': 'bright', 'gridlines': 'faint', 'height_px': 750, 'image_format': 'png', 'image_path': 'data/benchmark/images/grm_001_crc__dark_high_contrast.png', 'legend_position': 'best', 'line_width': 2.6, 'num_rendered_lines': 4, 'render_engine': 'matplotlib', 'style_context': 'dark_background', 'style_profile_id': 'dark_high_contrast', 'theme': 'dark', 'tick_density': 'standard', 'width_px': 1125, 'x_axis': {'label': 'Ability (theta)', 'max': 4.0, 'min': -4.0}, 'y_axis': {'label': 'Category probability', 'max': 1.02, 'min': 0.0}}",matplotlib,dark
"{'expected_score_at_theta_0': 0.1871, 'irt_model': {'expected': 'GRM', 'observed': 'GRM'}, 'most_likely_category_at_theta_0': 0, 'num_categories': 0}",deterministic_reference_rubric_v1,"Parsed target JSON, compared fields to stored ground truth, and applied fixed rubric thresholds.",grm_001_crc__dark_high_contrast__category_curve_reasoning__noisy__deterministic_judge,8,0.875,True,grm_001_crc__dark_high_contrast__category_curve_reasoning__noisy,"{'field_scores': {'expected_score_at_theta_0': 3, 'irt_model': 1, 'most_likely_category_at_theta_0': 1, 'num_categories': 1}, 'reasoning_score': 1}",grm_001_crc__dark_high_contrast,local_noisy_baseline,grm_001_crc__dark_high_contrast__category_curve_reasoning,7,category_curve_reasoning,polytomous_crc,GRM,dark_high_contrast,"{'color_palette': 'bright', 'gridlines': 'faint', 'height_px': 750, 'image_format': 'png', 'image_path': 'data/benchmark/images/grm_001_crc__dark_high_contrast.png', 'legend_position': 'best', 'line_width': 2.6, 'num_rendered_lines': 4, 'render_engine': 'matplotlib', 'style_context': 'dark_background', 'style_profile_id': 'dark_high_contrast', 'theme': 'dark', 'tick_density': 'standard', 'width_px': 1125, 'x_axis': {'label': 'Ability (theta)', 'max': 4.0, 'min': -4.0}, 'y_axis': {'label': 'Category probability', 'max': 1.02, 'min': 0.0}}",matplotlib,dark
"{'expected_score_at_theta_0': 0.8503, 'irt_model': {'expected': 'GRM', 'observed': '2PL'}, 'most_likely_category_at_theta_0': -1, 'num_categories': -1}",deterministic_reference_rubric_v1,"Parsed target JSON, compared fields to stored ground truth, and applied fixed rubric thresholds.",grm_001_crc__dark_high_contrast__category_curve_reasoning__blind__deterministic_judge,8,0.25,True,grm_001_crc__dark_high_contrast__category_curve_reasoning__blind,"{'field_scores': {'expected_score_at_theta_0': 1, 'irt_model': 0, 'most_likely_category_at_theta_0': 0, 'num_categories': 0}, 'reasoning_score': 1}",grm_001_crc__dark_high_contrast,local_blind_baseline,grm_001_crc__dark_high_contrast__category_curve_reasoning,2,category_curve_reasoning,polytomous_crc,GRM,dark_high_contrast,"{'color_palette': 'bright', 'gridlines': 'faint', 'height_px': 750, 'image_format': 'png', 'image_path': 'data/benchmark/images/grm_001_crc__dark_high_contrast.png', 'legend_position': 'best', 'line_width': 2.6, 'num_rendered_lines': 4, 'render_engine': 'matplotlib', 'style_context': 'dark_background', 'style_profile_id': 'dark_high_contrast', 'theme': 'dark', 'tick_density': 'standard', 'width_px': 1125, 'x_axis': {'label': 'Ability (theta)', 'max': 4.0, 'min': -4.0}, 'y_axis': {'label': 'Category probability', 'max': 1.02, 'min': 0.0}}",matplotlib,dark
"{'irt_model': {'expected': 'GRM', 'observed': 'GRM'}}",deterministic_reference_rubric_v1,"Parsed target JSON, compared fields to stored ground truth, and applied fixed rubric thresholds.",grm_001_crc__lattice_emulation__model_identification__oracle__deterministic_judge,3,1.0,True,grm_001_crc__lattice_emulation__model_identification__oracle,"{'field_scores': {'irt_model': 1}, 'reasoning_score': 2}",grm_001_crc__lattice_emulation,local_oracle_baseline,grm_001_crc__lattice_emulation__model_identification,3,model_identification,polytomous_crc,GRM,lattice_emulation,"{'color_palette': 'colorblind', 'gridlines': 'faint', 'height_px': 750, 'image_format': 'png', 'image_path': 'data/benchmark/images/grm_001_crc__lattice_emulation.png', 'legend_position': 'outside', 'line_width': 2.0, 'num_rendered_lines': 4, 'render_engine': 'matplotlib_lattice_emulation', 'style_context': 'classic', 'style_profile_id': 'lattice_emulation', 'theme': 'light', 'tick_density': 'standard', 'width_px': 1125, 'x_axis': {'label': 'Ability (theta)', 'max': 4.0, 'min': -4.0}, 'y_axis': {'label': 'Category probability', 'max': 1.02, 'min': 0.0}}",matplotlib_lattice_emulation,light
"{'irt_model': {'expected': 'GRM', 'observed': 'GRM'}}",deterministic_reference_rubric_v1,"Parsed target JSON, compared fields to stored ground truth, and applied fixed rubric thresholds.",grm_001_crc__lattice_emulation__model_identification__noisy__deterministic_judge,3,0.6667,True,grm_001_crc__lattice_emulation__model_identification__noisy,"{'field_scores': {'irt_model': 1}, 'reasoning_score': 1}",grm_001_crc__lattice_emulation,local_noisy_baseline,grm_001_crc__lattice_emulation__model_identification,2,model_identification,polytomous_crc,GRM,lattice_emulation,"{'color_palette': 'colorblind', 'gridlines': 'faint', 'height_px': 750, 'image_format': 'png', 'image_path': 'data/benchmark/images/grm_001_crc__lattice_emulation.png', 'legend_position': 'outside', 'line_width': 2.0, 'num_rendered_lines': 4, 'render_engine': 'matplotlib_lattice_emulation', 'style_context': 'classic', 'style_profile_id': 'lattice_emulation', 'theme': 'light', 'tick_density': 'standard', 'width_px': 1125, 'x_axis': {'label': 'Ability (theta)', 'max': 4.0, 'min': -4.0}, 'y_axis': {'label': 'Category probability', 'max': 1.02, 'min': 0.0}}",matplotlib_lattice_emulation,light
"{'irt_model': {'expected': 'GRM', 'observed': '2PL'}}",deterministic_reference_rubric_v1,"Parsed target JSON, compared fields to stored ground truth, and applied fixed rubric thresholds.",grm_001_crc__lattice_emulation__model_identification__blind__deterministic_judge,3,0.3333,True,grm_001_crc__lattice_emulation__model_identification__blind,"{'field_scores': {'irt_model': 0}, 'reasoning_score': 1}",grm_001_crc__lattice_emulation,local_blind_baseline,grm_001_crc__lattice_emulation__model_identification,1,model_identification,polytomous_crc,GRM,lattice_emulation,"{'color_palette': 'colorblind', 'gridlines': 'faint', 'height_px': 750, 'image_format': 'png', 'image_path': 'data/benchmark/images/grm_001_crc__lattice_emulation.png', 'legend_position': 'outside', 'line_width': 2.0, 'num_rendered_lines': 4, 'render_engine': 'matplotlib_lattice_emulation', 'style_context': 'classic', 'style_profile_id': 'lattice_emulation', 'theme': 'light', 'tick_density': 'standard', 'width_px': 1125, 'x_axis': {'label': 'Ability (theta)', 'max': 4.0, 'min': -4.0}, 'y_axis': {'label': 'Category probability', 'max': 1.02, 'min': 0.0}}",matplotlib_lattice_emulation,light
"{'expected_score_at_theta_0': 0.0, 'irt_model': {'expected': 'GRM', 'observed': 'GRM'}, 'most_likely_category_at_theta_0': 0, 'num_categories': 0}",deterministic_reference_rubric_v1,"Parsed target JSON, compared fields to stored ground truth, and applied fixed rubric thresholds.",grm_001_crc__lattice_emulation__category_curve_reasoning__oracle__deterministic_judge,8,1.0,True,grm_001_crc__lattice_emulation__category_curve_reasoning__oracle,"{'field_scores': {'expected_score_at_theta_0': 3, 'irt_model': 1, 'most_likely_category_at_theta_0': 1, 'num_categories': 1}, 'reasoning_score': 2}",grm_001_crc__lattice_emulation,local_oracle_baseline,grm_001_crc__lattice_emulation__category_curve_reasoning,8,category_curve_reasoning,polytomous_crc,GRM,lattice_emulation,"{'color_palette': 'colorblind', 'gridlines': 'faint', 'height_px': 750, 'image_format': 'png', 'image_path': 'data/benchmark/images/grm_001_crc__lattice_emulation.png', 'legend_position': 'outside', 'line_width': 2.0, 'num_rendered_lines': 4, 'render_engine': 'matplotlib_lattice_emulation', 'style_context': 'classic', 'style_profile_id': 'lattice_emulation', 'theme': 'light', 'tick_density': 'standard', 'width_px': 1125, 'x_axis': {'label': 'Ability (theta)', 'max': 4.0, 'min': -4.0}, 'y_axis': {'label': 'Category probability', 'max': 1.02, 'min': 0.0}}",matplotlib_lattice_emulation,light
"{'expected_score_at_theta_0': 0.056, 'irt_model': {'expected': 'GRM', 'observed': 'GRM'}, 'most_likely_category_at_theta_0': 0, 'num_categories': 0}",deterministic_reference_rubric_v1,"Parsed target JSON, compared fields to stored ground truth, and applied fixed rubric thresholds.",grm_001_crc__lattice_emulation__category_curve_reasoning__noisy__deterministic_judge,8,0.875,True,grm_001_crc__lattice_emulation__category_curve_reasoning__noisy,"{'field_scores': {'expected_score_at_theta_0': 3, 'irt_model': 1, 'most_likely_category_at_theta_0': 1, 'num_categories': 1}, 'reasoning_score': 1}",grm_001_crc__lattice_emulation,local_noisy_baseline,grm_001_crc__lattice_emulation__category_curve_reasoning,7,category_curve_reasoning,polytomous_crc,GRM,lattice_emulation,"{'color_palette': 'colorblind', 'gridlines': 'faint', 'height_px': 750, 'image_format': 'png', 'image_path': 'data/benchmark/images/grm_001_crc__lattice_emulation.png', 'legend_position': 'outside', 'line_width': 2.0, 'num_rendered_lines': 4, 'render_engine': 'matplotlib_lattice_emulation', 'style_context': 'classic', 'style_profile_id': 'lattice_emulation', 'theme': 'light', 'tick_density': 'standard', 'width_px': 1125, 'x_axis': {'label': 'Ability (theta)', 'max': 4.0, 'min': -4.0}, 'y_axis': {'label': 'Category probability', 'max': 1.02, 'min': 0.0}}",matplotlib_lattice_emulation,light
"{'expected_score_at_theta_0': 0.0309, 'irt_model': {'expected': 'GRM', 'observed': '2PL'}, 'most_likely_category_at_theta_0': 1, 'num_categories': -1}",deterministic_reference_rubric_v1,"Parsed target JSON, compared fields to stored ground truth, and applied fixed rubric thresholds.",grm_001_crc__lattice_emulation__category_curve_reasoning__blind__deterministic_judge,8,0.5,True,grm_001_crc__lattice_emulation__category_curve_reasoning__blind,"{'field_scores': {'expected_score_at_theta_0': 3, 'irt_model': 0, 'most_likely_category_at_theta_0': 0, 'num_categories': 0}, 'reasoning_score': 1}",grm_001_crc__lattice_emulation,local_blind_baseline,grm_001_crc__lattice_emulation__category_curve_reasoning,4,category_curve_reasoning,polytomous_crc,GRM,lattice_emulation,"{'color_palette': 'colorblind', 'gridlines': 'faint', 'height_px': 750, 'image_format': 'png', 'image_path': 'data/benchmark/images/grm_001_crc__lattice_emulation.png', 'legend_position': 'outside', 'line_width': 2.0, 'num_rendered_lines': 4, 'render_engine': 'matplotlib_lattice_emulation', 'style_context': 'classic', 'style_profile_id': 'lattice_emulation', 'theme': 'light', 'tick_density': 'standard', 'width_px': 1125, 'x_axis': {'label': 'Ability (theta)', 'max': 4.0, 'min': -4.0}, 'y_axis': {'label': 'Category probability', 'max': 1.02, 'min': 0.0}}",matplotlib_lattice_emulation,light
"{'irt_model': {'expected': 'IdealPoint', 'observed': 'IdealPoint'}}",deterministic_reference_rubric_v1,"Parsed target JSON, compared fields to stored ground truth, and applied fixed rubric thresholds.",unfolding_001_icc__matplotlib_light__model_identification__oracle__deterministic_judge,3,1.0,True,unfolding_001_icc__matplotlib_light__model_identification__oracle,"{'field_scores': {'irt_model': 1}, 'reasoning_score': 2}",unfolding_001_icc__matplotlib_light,local_oracle_baseline,unfolding_001_icc__matplotlib_light__model_identification,3,model_identification,unfolding,IdealPoint,matplotlib_light,"{'color_palette': 'tab10', 'gridlines': 'standard', 'height_px': 750, 'image_format': 'png', 'image_path': 'data/benchmark/images/unfolding_001_icc__matplotlib_light.png', 'legend_position': 'best', 'line_width': 2.4, 'num_rendered_lines': 1, 'render_engine': 'matplotlib', 'style_context': 'default', 'style_profile_id': 'matplotlib_light', 'theme': 'light', 'tick_density': 'standard', 'width_px': 1125, 'x_axis': {'label': 'Ability (theta)', 'max': 4.0, 'min': -4.0}, 'y_axis': {'label': 'Probability of endorsement', 'max': 1.02, 'min': 0.0}}",matplotlib,light
"{'irt_model': {'expected': 'IdealPoint', 'observed': 'IdealPoint'}}",deterministic_reference_rubric_v1,"Parsed target JSON, compared fields to stored ground truth, and applied fixed rubric thresholds.",unfolding_001_icc__matplotlib_light__model_identification__noisy__deterministic_judge,3,0.6667,True,unfolding_001_icc__matplotlib_light__model_identification__noisy,"{'field_scores': {'irt_model': 1}, 'reasoning_score': 1}",unfolding_001_icc__matplotlib_light,local_noisy_baseline,unfolding_001_icc__matplotlib_light__model_identification,2,model_identification,unfolding,IdealPoint,matplotlib_light,"{'color_palette': 'tab10', 'gridlines': 'standard', 'height_px': 750, 'image_format': 'png', 'image_path': 'data/benchmark/images/unfolding_001_icc__matplotlib_light.png', 'legend_position': 'best', 'line_width': 2.4, 'num_rendered_lines': 1, 'render_engine': 'matplotlib', 'style_context': 'default', 'style_profile_id': 'matplotlib_light', 'theme': 'light', 'tick_density': 'standard', 'width_px': 1125, 'x_axis': {'label': 'Ability (theta)', 'max': 4.0, 'min': -4.0}, 'y_axis': {'label': 'Probability of endorsement', 'max': 1.02, 'min': 0.0}}",matplotlib,light
"{'irt_model': {'expected': 'IdealPoint', 'observed': '2PL'}}",deterministic_reference_rubric_v1,"Parsed target JSON, compared fields to stored ground truth, and applied fixed rubric thresholds.",unfolding_001_icc__matplotlib_light__model_identification__blind__deterministic_judge,3,0.3333,True,unfolding_001_icc__matplotlib_light__model_identification__blind,"{'field_scores': {'irt_model': 0}, 'reasoning_score': 1}",unfolding_001_icc__matplotlib_light,local_blind_baseline,unfolding_001_icc__matplotlib_light__model_identification,1,model_identification,unfolding,IdealPoint,matplotlib_light,"{'color_palette': 'tab10', 'gridlines': 'standard', 'height_px': 750, 'image_format': 'png', 'image_path': 'data/benchmark/images/unfolding_001_icc__matplotlib_light.png', 'legend_position': 'best', 'line_width': 2.4, 'num_rendered_lines': 1, 'render_engine': 'matplotlib', 'style_context': 'default', 'style_profile_id': 'matplotlib_light', 'theme': 'light', 'tick_density': 'standard', 'width_px': 1125, 'x_axis': {'label': 'Ability (theta)', 'max': 4.0, 'min': -4.0}, 'y_axis': {'label': 'Probability of endorsement', 'max': 1.02, 'min': 0.0}}",matplotlib,light
"{'monotonicity': {'expected': 'non_monotonic', 'observed': 'non_monotonic'}, 'peak_probability': 0.0, 'peak_theta': 0.0}",deterministic_reference_rubric_v1,"Parsed target JSON, compared fields to stored ground truth, and applied fixed rubric thresholds.",unfolding_001_icc__matplotlib_light__non_monotonic_peak__oracle__deterministic_judge,9,1.0,True,unfolding_001_icc__matplotlib_light__non_monotonic_peak__oracle,"{'field_scores': {'monotonicity': 1, 'peak_probability': 3, 'peak_theta': 3}, 'reasoning_score': 2}",unfolding_001_icc__matplotlib_light,local_oracle_baseline,unfolding_001_icc__matplotlib_light__non_monotonic_peak,9,non_monotonic_peak,unfolding,IdealPoint,matplotlib_light,"{'color_palette': 'tab10', 'gridlines': 'standard', 'height_px': 750, 'image_format': 'png', 'image_path': 'data/benchmark/images/unfolding_001_icc__matplotlib_light.png', 'legend_position': 'best', 'line_width': 2.4, 'num_rendered_lines': 1, 'render_engine': 'matplotlib', 'style_context': 'default', 'style_profile_id': 'matplotlib_light', 'theme': 'light', 'tick_density': 'standard', 'width_px': 1125, 'x_axis': {'label': 'Ability (theta)', 'max': 4.0, 'min': -4.0}, 'y_axis': {'label': 'Probability of endorsement', 'max': 1.02, 'min': 0.0}}",matplotlib,light
"{'monotonicity': {'expected': 'non_monotonic', 'observed': 'non_monotonic'}, 'peak_probability': 0.025, 'peak_theta': 0.2909}",deterministic_reference_rubric_v1,"Parsed target JSON, compared fields to stored ground truth, and applied fixed rubric thresholds.",unfolding_001_icc__matplotlib_light__non_monotonic_peak__noisy__deterministic_judge,9,0.7778,True,unfolding_001_icc__matplotlib_light__non_monotonic_peak__noisy,"{'field_scores': {'monotonicity': 1, 'peak_probability': 3, 'peak_theta': 2}, 'reasoning_score': 1}",unfolding_001_icc__matplotlib_light,local_noisy_baseline,unfolding_001_icc__matplotlib_light__non_monotonic_peak,7,non_monotonic_peak,unfolding,IdealPoint,matplotlib_light,"{'color_palette': 'tab10', 'gridlines': 'standard', 'height_px': 750, 'image_format': 'png', 'image_path': 'data/benchmark/images/unfolding_001_icc__matplotlib_light.png', 'legend_position': 'best', 'line_width': 2.4, 'num_rendered_lines': 1, 'render_engine': 'matplotlib', 'style_context': 'default', 'style_profile_id': 'matplotlib_light', 'theme': 'light', 'tick_density': 'standard', 'width_px': 1125, 'x_axis': {'label': 'Ability (theta)', 'max': 4.0, 'min': -4.0}, 'y_axis': {'label': 'Probability of endorsement', 'max': 1.02, 'min': 0.0}}",matplotlib,light
"{'monotonicity': {'expected': 'non_monotonic', 'observed': '2PL'}, 'peak_probability': 0.5622, 'peak_theta': 0.8306}",deterministic_reference_rubric_v1,"Parsed target JSON, compared fields to stored ground truth, and applied fixed rubric thresholds.",unfolding_001_icc__matplotlib_light__non_monotonic_peak__blind__deterministic_judge,9,0.1111,True,unfolding_001_icc__matplotlib_light__non_monotonic_peak__blind,"{'field_scores': {'monotonicity': 0, 'peak_probability': 0, 'peak_theta': 0}, 'reasoning_score': 1}",unfolding_001_icc__matplotlib_light,local_blind_baseline,unfolding_001_icc__matplotlib_light__non_monotonic_peak,1,non_monotonic_peak,unfolding,IdealPoint,matplotlib_light,"{'color_palette': 'tab10', 'gridlines': 'standard', 'height_px': 750, 'image_format': 'png', 'image_path': 'data/benchmark/images/unfolding_001_icc__matplotlib_light.png', 'legend_position': 'best', 'line_width': 2.4, 'num_rendered_lines': 1, 'render_engine': 'matplotlib', 'style_context': 'default', 'style_profile_id': 'matplotlib_light', 'theme': 'light', 'tick_density': 'standard', 'width_px': 1125, 'x_axis': {'label': 'Ability (theta)', 'max': 4.0, 'min': -4.0}, 'y_axis': {'label': 'Probability of endorsement', 'max': 1.02, 'min': 0.0}}",matplotlib,light
{'probability': 0.0},deterministic_reference_rubric_v1,"Parsed target JSON, compared fields to stored ground truth, and applied fixed rubric thresholds.",unfolding_001_icc__matplotlib_light__probability_at_theta_0.0__oracle__deterministic_judge,5,1.0,True,unfolding_001_icc__matplotlib_light__probability_at_theta_0.0__oracle,"{'field_scores': {'probability': 3}, 'reasoning_score': 2}",unfolding_001_icc__matplotlib_light,local_oracle_baseline,unfolding_001_icc__matplotlib_light__probability_at_theta_0.0,5,probability_at_theta_0.0,unfolding,IdealPoint,matplotlib_light,"{'color_palette': 'tab10', 'gridlines': 'standard', 'height_px': 750, 'image_format': 'png', 'image_path': 'data/benchmark/images/unfolding_001_icc__matplotlib_light.png', 'legend_position': 'best', 'line_width': 2.4, 'num_rendered_lines': 1, 'render_engine': 'matplotlib', 'style_context': 'default', 'style_profile_id': 'matplotlib_light', 'theme': 'light', 'tick_density': 'standard', 'width_px': 1125, 'x_axis': {'label': 'Ability (theta)', 'max': 4.0, 'min': -4.0}, 'y_axis': {'label': 'Probability of endorsement', 'max': 1.02, 'min': 0.0}}",matplotlib,light
{'probability': 0.0161},deterministic_reference_rubric_v1,"Parsed target JSON, compared fields to stored ground truth, and applied fixed rubric thresholds.",unfolding_001_icc__matplotlib_light__probability_at_theta_0.0__noisy__deterministic_judge,5,0.8,True,unfolding_001_icc__matplotlib_light__probability_at_theta_0.0__noisy,"{'field_scores': {'probability': 3}, 'reasoning_score': 1}",unfolding_001_icc__matplotlib_light,local_noisy_baseline,unfolding_001_icc__matplotlib_light__probability_at_theta_0.0,4,probability_at_theta_0.0,unfolding,IdealPoint,matplotlib_light,"{'color_palette': 'tab10', 'gridlines': 'standard', 'height_px': 750, 'image_format': 'png', 'image_path': 'data/benchmark/images/unfolding_001_icc__matplotlib_light.png', 'legend_position': 'best', 'line_width': 2.4, 'num_rendered_lines': 1, 'render_engine': 'matplotlib', 'style_context': 'default', 'style_profile_id': 'matplotlib_light', 'theme': 'light', 'tick_density': 'standard', 'width_px': 1125, 'x_axis': {'label': 'Ability (theta)', 'max': 4.0, 'min': -4.0}, 'y_axis': {'label': 'Probability of endorsement', 'max': 1.02, 'min': 0.0}}",matplotlib,light
{'probability': 0.0617},deterministic_reference_rubric_v1,"Parsed target JSON, compared fields to stored ground truth, and applied fixed rubric thresholds.",unfolding_001_icc__matplotlib_light__probability_at_theta_0.0__blind__deterministic_judge,5,0.6,True,unfolding_001_icc__matplotlib_light__probability_at_theta_0.0__blind,"{'field_scores': {'probability': 2}, 'reasoning_score': 1}",unfolding_001_icc__matplotlib_light,local_blind_baseline,unfolding_001_icc__matplotlib_light__probability_at_theta_0.0,3,probability_at_theta_0.0,unfolding,IdealPoint,matplotlib_light,"{'color_palette': 'tab10', 'gridlines': 'standard', 'height_px': 750, 'image_format': 'png', 'image_path': 'data/benchmark/images/unfolding_001_icc__matplotlib_light.png', 'legend_position': 'best', 'line_width': 2.4, 'num_rendered_lines': 1, 'render_engine': 'matplotlib', 'style_context': 'default', 'style_profile_id': 'matplotlib_light', 'theme': 'light', 'tick_density': 'standard', 'width_px': 1125, 'x_axis': {'label': 'Ability (theta)', 'max': 4.0, 'min': -4.0}, 'y_axis': {'label': 'Probability of endorsement', 'max': 1.02, 'min': 0.0}}",matplotlib,light
"{'irt_model': {'expected': 'IdealPoint', 'observed': 'IdealPoint'}}",deterministic_reference_rubric_v1,"Parsed target JSON, compared fields to stored ground truth, and applied fixed rubric thresholds.",unfolding_001_icc__seaborn_whitegrid__model_identification__oracle__deterministic_judge,3,1.0,True,unfolding_001_icc__seaborn_whitegrid__model_identification__oracle,"{'field_scores': {'irt_model': 1}, 'reasoning_score': 2}",unfolding_001_icc__seaborn_whitegrid,local_oracle_baseline,unfolding_001_icc__seaborn_whitegrid__model_identification,3,model_identification,unfolding,IdealPoint,seaborn_whitegrid,"{'color_palette': 'deep', 'gridlines': 'standard', 'height_px': 750, 'image_format': 'png', 'image_path': 'data/benchmark/images/unfolding_001_icc__seaborn_whitegrid.png', 'legend_position': 'right', 'line_width': 2.4, 'num_rendered_lines': 1, 'render_engine': 'seaborn', 'style_context': 'whitegrid', 'style_profile_id': 'seaborn_whitegrid', 'theme': 'light', 'tick_density': 'standard', 'width_px': 1125, 'x_axis': {'label': 'Ability (theta)', 'max': 4.0, 'min': -4.0}, 'y_axis': {'label': 'Probability of endorsement', 'max': 1.02, 'min': 0.0}}",seaborn,light
"{'irt_model': {'expected': 'IdealPoint', 'observed': 'IdealPoint'}}",deterministic_reference_rubric_v1,"Parsed target JSON, compared fields to stored ground truth, and applied fixed rubric thresholds.",unfolding_001_icc__seaborn_whitegrid__model_identification__noisy__deterministic_judge,3,0.6667,True,unfolding_001_icc__seaborn_whitegrid__model_identification__noisy,"{'field_scores': {'irt_model': 1}, 'reasoning_score': 1}",unfolding_001_icc__seaborn_whitegrid,local_noisy_baseline,unfolding_001_icc__seaborn_whitegrid__model_identification,2,model_identification,unfolding,IdealPoint,seaborn_whitegrid,"{'color_palette': 'deep', 'gridlines': 'standard', 'height_px': 750, 'image_format': 'png', 'image_path': 'data/benchmark/images/unfolding_001_icc__seaborn_whitegrid.png', 'legend_position': 'right', 'line_width': 2.4, 'num_rendered_lines': 1, 'render_engine': 'seaborn', 'style_context': 'whitegrid', 'style_profile_id': 'seaborn_whitegrid', 'theme': 'light', 'tick_density': 'standard', 'width_px': 1125, 'x_axis': {'label': 'Ability (theta)', 'max': 4.0, 'min': -4.0}, 'y_axis': {'label': 'Probability of endorsement', 'max': 1.02, 'min': 0.0}}",seaborn,light
"{'irt_model': {'expected': 'IdealPoint', 'observed': '2PL'}}",deterministic_reference_rubric_v1,"Parsed target JSON, compared fields to stored ground truth, and applied fixed rubric thresholds.",unfolding_001_icc__seaborn_whitegrid__model_identification__blind__deterministic_judge,3,0.3333,True,unfolding_001_icc__seaborn_whitegrid__model_identification__blind,"{'field_scores': {'irt_model': 0}, 'reasoning_score': 1}",unfolding_001_icc__seaborn_whitegrid,local_blind_baseline,unfolding_001_icc__seaborn_whitegrid__model_identification,1,model_identification,unfolding,IdealPoint,seaborn_whitegrid,"{'color_palette': 'deep', 'gridlines': 'standard', 'height_px': 750, 'image_format': 'png', 'image_path': 'data/benchmark/images/unfolding_001_icc__seaborn_whitegrid.png', 'legend_position': 'right', 'line_width': 2.4, 'num_rendered_lines': 1, 'render_engine': 'seaborn', 'style_context': 'whitegrid', 'style_profile_id': 'seaborn_whitegrid', 'theme': 'light', 'tick_density': 'standard', 'width_px': 1125, 'x_axis': {'label': 'Ability (theta)', 'max': 4.0, 'min': -4.0}, 'y_axis': {'label': 'Probability of endorsement', 'max': 1.02, 'min': 0.0}}",seaborn,light
"{'monotonicity': {'expected': 'non_monotonic', 'observed': 'non_monotonic'}, 'peak_probability': 0.0, 'peak_theta': 0.0}",deterministic_reference_rubric_v1,"Parsed target JSON, compared fields to stored ground truth, and applied fixed rubric thresholds.",unfolding_001_icc__seaborn_whitegrid__non_monotonic_peak__oracle__deterministic_judge,9,1.0,True,unfolding_001_icc__seaborn_whitegrid__non_monotonic_peak__oracle,"{'field_scores': {'monotonicity': 1, 'peak_probability': 3, 'peak_theta': 3}, 'reasoning_score': 2}",unfolding_001_icc__seaborn_whitegrid,local_oracle_baseline,unfolding_001_icc__seaborn_whitegrid__non_monotonic_peak,9,non_monotonic_peak,unfolding,IdealPoint,seaborn_whitegrid,"{'color_palette': 'deep', 'gridlines': 'standard', 'height_px': 750, 'image_format': 'png', 'image_path': 'data/benchmark/images/unfolding_001_icc__seaborn_whitegrid.png', 'legend_position': 'right', 'line_width': 2.4, 'num_rendered_lines': 1, 'render_engine': 'seaborn', 'style_context': 'whitegrid', 'style_profile_id': 'seaborn_whitegrid', 'theme': 'light', 'tick_density': 'standard', 'width_px': 1125, 'x_axis': {'label': 'Ability (theta)', 'max': 4.0, 'min': -4.0}, 'y_axis': {'label': 'Probability of endorsement', 'max': 1.02, 'min': 0.0}}",seaborn,light
"{'monotonicity': {'expected': 'non_monotonic', 'observed': 'non_monotonic'}, 'peak_probability': 0.0167, 'peak_theta': 0.1703}",deterministic_reference_rubric_v1,"Parsed target JSON, compared fields to stored ground truth, and applied fixed rubric thresholds.",unfolding_001_icc__seaborn_whitegrid__non_monotonic_peak__noisy__deterministic_judge,9,0.8889,True,unfolding_001_icc__seaborn_whitegrid__non_monotonic_peak__noisy,"{'field_scores': {'monotonicity': 1, 'peak_probability': 3, 'peak_theta': 3}, 'reasoning_score': 1}",unfolding_001_icc__seaborn_whitegrid,local_noisy_baseline,unfolding_001_icc__seaborn_whitegrid__non_monotonic_peak,8,non_monotonic_peak,unfolding,IdealPoint,seaborn_whitegrid,"{'color_palette': 'deep', 'gridlines': 'standard', 'height_px': 750, 'image_format': 'png', 'image_path': 'data/benchmark/images/unfolding_001_icc__seaborn_whitegrid.png', 'legend_position': 'right', 'line_width': 2.4, 'num_rendered_lines': 1, 'render_engine': 'seaborn', 'style_context': 'whitegrid', 'style_profile_id': 'seaborn_whitegrid', 'theme': 'light', 'tick_density': 'standard', 'width_px': 1125, 'x_axis': {'label': 'Ability (theta)', 'max': 4.0, 'min': -4.0}, 'y_axis': {'label': 'Probability of endorsement', 'max': 1.02, 'min': 0.0}}",seaborn,light
"{'monotonicity': {'expected': 'non_monotonic', 'observed': '2PL'}, 'peak_probability': 0.1868, 'peak_theta': 0.4102}",deterministic_reference_rubric_v1,"Parsed target JSON, compared fields to stored ground truth, and applied fixed rubric thresholds.",unfolding_001_icc__seaborn_whitegrid__non_monotonic_peak__blind__deterministic_judge,9,0.3333,True,unfolding_001_icc__seaborn_whitegrid__non_monotonic_peak__blind,"{'field_scores': {'monotonicity': 0, 'peak_probability': 1, 'peak_theta': 1}, 'reasoning_score': 1}",unfolding_001_icc__seaborn_whitegrid,local_blind_baseline,unfolding_001_icc__seaborn_whitegrid__non_monotonic_peak,3,non_monotonic_peak,unfolding,IdealPoint,seaborn_whitegrid,"{'color_palette': 'deep', 'gridlines': 'standard', 'height_px': 750, 'image_format': 'png', 'image_path': 'data/benchmark/images/unfolding_001_icc__seaborn_whitegrid.png', 'legend_position': 'right', 'line_width': 2.4, 'num_rendered_lines': 1, 'render_engine': 'seaborn', 'style_context': 'whitegrid', 'style_profile_id': 'seaborn_whitegrid', 'theme': 'light', 'tick_density': 'standard', 'width_px': 1125, 'x_axis': {'label': 'Ability (theta)', 'max': 4.0, 'min': -4.0}, 'y_axis': {'label': 'Probability of endorsement', 'max': 1.02, 'min': 0.0}}",seaborn,light
{'probability': 0.0},deterministic_reference_rubric_v1,"Parsed target JSON, compared fields to stored ground truth, and applied fixed rubric thresholds.",unfolding_001_icc__seaborn_whitegrid__probability_at_theta_0.0__oracle__deterministic_judge,5,1.0,True,unfolding_001_icc__seaborn_whitegrid__probability_at_theta_0.0__oracle,"{'field_scores': {'probability': 3}, 'reasoning_score': 2}",unfolding_001_icc__seaborn_whitegrid,local_oracle_baseline,unfolding_001_icc__seaborn_whitegrid__probability_at_theta_0.0,5,probability_at_theta_0.0,unfolding,IdealPoint,seaborn_whitegrid,"{'color_palette': 'deep', 'gridlines': 'standard', 'height_px': 750, 'image_format': 'png', 'image_path': 'data/benchmark/images/unfolding_001_icc__seaborn_whitegrid.png', 'legend_position': 'right', 'line_width': 2.4, 'num_rendered_lines': 1, 'render_engine': 'seaborn', 'style_context': 'whitegrid', 'style_profile_id': 'seaborn_whitegrid', 'theme': 'light', 'tick_density': 'standard', 'width_px': 1125, 'x_axis': {'label': 'Ability (theta)', 'max': 4.0, 'min': -4.0}, 'y_axis': {'label': 'Probability of endorsement', 'max': 1.02, 'min': 0.0}}",seaborn,light
{'probability': 0.0458},deterministic_reference_rubric_v1,"Parsed target JSON, compared fields to stored ground truth, and applied fixed rubric thresholds.",unfolding_001_icc__seaborn_whitegrid__probability_at_theta_0.0__noisy__deterministic_judge,5,0.8,True,unfolding_001_icc__seaborn_whitegrid__probability_at_theta_0.0__noisy,"{'field_scores': {'probability': 3}, 'reasoning_score': 1}",unfolding_001_icc__seaborn_whitegrid,local_noisy_baseline,unfolding_001_icc__seaborn_whitegrid__probability_at_theta_0.0,4,probability_at_theta_0.0,unfolding,IdealPoint,seaborn_whitegrid,"{'color_palette': 'deep', 'gridlines': 'standard', 'height_px': 750, 'image_format': 'png', 'image_path': 'data/benchmark/images/unfolding_001_icc__seaborn_whitegrid.png', 'legend_position': 'right', 'line_width': 2.4, 'num_rendered_lines': 1, 'render_engine': 'seaborn', 'style_context': 'whitegrid', 'style_profile_id': 'seaborn_whitegrid', 'theme': 'light', 'tick_density': 'standard', 'width_px': 1125, 'x_axis': {'label': 'Ability (theta)', 'max': 4.0, 'min': -4.0}, 'y_axis': {'label': 'Probability of endorsement', 'max': 1.02, 'min': 0.0}}",seaborn,light
{'probability': 0.2679},deterministic_reference_rubric_v1,"Parsed target JSON, compared fields to stored ground truth, and applied fixed rubric thresholds.",unfolding_001_icc__seaborn_whitegrid__probability_at_theta_0.0__blind__deterministic_judge,5,0.2,True,unfolding_001_icc__seaborn_whitegrid__probability_at_theta_0.0__blind,"{'field_scores': {'probability': 0}, 'reasoning_score': 1}",unfolding_001_icc__seaborn_whitegrid,local_blind_baseline,unfolding_001_icc__seaborn_whitegrid__probability_at_theta_0.0,1,probability_at_theta_0.0,unfolding,IdealPoint,seaborn_whitegrid,"{'color_palette': 'deep', 'gridlines': 'standard', 'height_px': 750, 'image_format': 'png', 'image_path': 'data/benchmark/images/unfolding_001_icc__seaborn_whitegrid.png', 'legend_position': 'right', 'line_width': 2.4, 'num_rendered_lines': 1, 'render_engine': 'seaborn', 'style_context': 'whitegrid', 'style_profile_id': 'seaborn_whitegrid', 'theme': 'light', 'tick_density': 'standard', 'width_px': 1125, 'x_axis': {'label': 'Ability (theta)', 'max': 4.0, 'min': -4.0}, 'y_axis': {'label': 'Probability of endorsement', 'max': 1.02, 'min': 0.0}}",seaborn,light
"{'irt_model': {'expected': 'IdealPoint', 'observed': 'IdealPoint'}}",deterministic_reference_rubric_v1,"Parsed target JSON, compared fields to stored ground truth, and applied fixed rubric thresholds.",unfolding_001_icc__ggplot_gray__model_identification__oracle__deterministic_judge,3,1.0,True,unfolding_001_icc__ggplot_gray__model_identification__oracle,"{'field_scores': {'irt_model': 1}, 'reasoning_score': 2}",unfolding_001_icc__ggplot_gray,local_oracle_baseline,unfolding_001_icc__ggplot_gray__model_identification,3,model_identification,unfolding,IdealPoint,ggplot_gray,"{'color_palette': 'muted', 'gridlines': 'heavy', 'height_px': 750, 'image_format': 'png', 'image_path': 'data/benchmark/images/unfolding_001_icc__ggplot_gray.png', 'legend_position': 'best', 'line_width': 2.2, 'num_rendered_lines': 1, 'render_engine': 'matplotlib_ggplot_style', 'style_context': 'ggplot', 'style_profile_id': 'ggplot_gray', 'theme': 'light', 'tick_density': 'dense', 'width_px': 1125, 'x_axis': {'label': 'Ability (theta)', 'max': 4.0, 'min': -4.0}, 'y_axis': {'label': 'Probability of endorsement', 'max': 1.02, 'min': 0.0}}",matplotlib_ggplot_style,light
"{'irt_model': {'expected': 'IdealPoint', 'observed': 'IdealPoint'}}",deterministic_reference_rubric_v1,"Parsed target JSON, compared fields to stored ground truth, and applied fixed rubric thresholds.",unfolding_001_icc__ggplot_gray__model_identification__noisy__deterministic_judge,3,0.6667,True,unfolding_001_icc__ggplot_gray__model_identification__noisy,"{'field_scores': {'irt_model': 1}, 'reasoning_score': 1}",unfolding_001_icc__ggplot_gray,local_noisy_baseline,unfolding_001_icc__ggplot_gray__model_identification,2,model_identification,unfolding,IdealPoint,ggplot_gray,"{'color_palette': 'muted', 'gridlines': 'heavy', 'height_px': 750, 'image_format': 'png', 'image_path': 'data/benchmark/images/unfolding_001_icc__ggplot_gray.png', 'legend_position': 'best', 'line_width': 2.2, 'num_rendered_lines': 1, 'render_engine': 'matplotlib_ggplot_style', 'style_context': 'ggplot', 'style_profile_id': 'ggplot_gray', 'theme': 'light', 'tick_density': 'dense', 'width_px': 1125, 'x_axis': {'label': 'Ability (theta)', 'max': 4.0, 'min': -4.0}, 'y_axis': {'label': 'Probability of endorsement', 'max': 1.02, 'min': 0.0}}",matplotlib_ggplot_style,light
"{'irt_model': {'expected': 'IdealPoint', 'observed': '2PL'}}",deterministic_reference_rubric_v1,"Parsed target JSON, compared fields to stored ground truth, and applied fixed rubric thresholds.",unfolding_001_icc__ggplot_gray__model_identification__blind__deterministic_judge,3,0.3333,True,unfolding_001_icc__ggplot_gray__model_identification__blind,"{'field_scores': {'irt_model': 0}, 'reasoning_score': 1}",unfolding_001_icc__ggplot_gray,local_blind_baseline,unfolding_001_icc__ggplot_gray__model_identification,1,model_identification,unfolding,IdealPoint,ggplot_gray,"{'color_palette': 'muted', 'gridlines': 'heavy', 'height_px': 750, 'image_format': 'png', 'image_path': 'data/benchmark/images/unfolding_001_icc__ggplot_gray.png', 'legend_position': 'best', 'line_width': 2.2, 'num_rendered_lines': 1, 'render_engine': 'matplotlib_ggplot_style', 'style_context': 'ggplot', 'style_profile_id': 'ggplot_gray', 'theme': 'light', 'tick_density': 'dense', 'width_px': 1125, 'x_axis': {'label': 'Ability (theta)', 'max': 4.0, 'min': -4.0}, 'y_axis': {'label': 'Probability of endorsement', 'max': 1.02, 'min': 0.0}}",matplotlib_ggplot_style,light
"{'monotonicity': {'expected': 'non_monotonic', 'observed': 'non_monotonic'}, 'peak_probability': 0.0, 'peak_theta': 0.0}",deterministic_reference_rubric_v1,"Parsed target JSON, compared fields to stored ground truth, and applied fixed rubric thresholds.",unfolding_001_icc__ggplot_gray__non_monotonic_peak__oracle__deterministic_judge,9,1.0,True,unfolding_001_icc__ggplot_gray__non_monotonic_peak__oracle,"{'field_scores': {'monotonicity': 1, 'peak_probability': 3, 'peak_theta': 3}, 'reasoning_score': 2}",unfolding_001_icc__ggplot_gray,local_oracle_baseline,unfolding_001_icc__ggplot_gray__non_monotonic_peak,9,non_monotonic_peak,unfolding,IdealPoint,ggplot_gray,"{'color_palette': 'muted', 'gridlines': 'heavy', 'height_px': 750, 'image_format': 'png', 'image_path': 'data/benchmark/images/unfolding_001_icc__ggplot_gray.png', 'legend_position': 'best', 'line_width': 2.2, 'num_rendered_lines': 1, 'render_engine': 'matplotlib_ggplot_style', 'style_context': 'ggplot', 'style_profile_id': 'ggplot_gray', 'theme': 'light', 'tick_density': 'dense', 'width_px': 1125, 'x_axis': {'label': 'Ability (theta)', 'max': 4.0, 'min': -4.0}, 'y_axis': {'label': 'Probability of endorsement', 'max': 1.02, 'min': 0.0}}",matplotlib_ggplot_style,light
"{'monotonicity': {'expected': 'non_monotonic', 'observed': 'non_monotonic'}, 'peak_probability': 0.043, 'peak_theta': 0.2805}",deterministic_reference_rubric_v1,"Parsed target JSON, compared fields to stored ground truth, and applied fixed rubric thresholds.",unfolding_001_icc__ggplot_gray__non_monotonic_peak__noisy__deterministic_judge,9,0.7778,True,unfolding_001_icc__ggplot_gray__non_monotonic_peak__noisy,"{'field_scores': {'monotonicity': 1, 'peak_probability': 3, 'peak_theta': 2}, 'reasoning_score': 1}",unfolding_001_icc__ggplot_gray,local_noisy_baseline,unfolding_001_icc__ggplot_gray__non_monotonic_peak,7,non_monotonic_peak,unfolding,IdealPoint,ggplot_gray,"{'color_palette': 'muted', 'gridlines': 'heavy', 'height_px': 750, 'image_format': 'png', 'image_path': 'data/benchmark/images/unfolding_001_icc__ggplot_gray.png', 'legend_position': 'best', 'line_width': 2.2, 'num_rendered_lines': 1, 'render_engine': 'matplotlib_ggplot_style', 'style_context': 'ggplot', 'style_profile_id': 'ggplot_gray', 'theme': 'light', 'tick_density': 'dense', 'width_px': 1125, 'x_axis': {'label': 'Ability (theta)', 'max': 4.0, 'min': -4.0}, 'y_axis': {'label': 'Probability of endorsement', 'max': 1.02, 'min': 0.0}}",matplotlib_ggplot_style,light
"{'monotonicity': {'expected': 'non_monotonic', 'observed': '2PL'}, 'peak_probability': 1.5287, 'peak_theta': 0.7005}",deterministic_reference_rubric_v1,"Parsed target JSON, compared fields to stored ground truth, and applied fixed rubric thresholds.",unfolding_001_icc__ggplot_gray__non_monotonic_peak__blind__deterministic_judge,9,0.2222,True,unfolding_001_icc__ggplot_gray__non_monotonic_peak__blind,"{'field_scores': {'monotonicity': 0, 'peak_probability': 0, 'peak_theta': 1}, 'reasoning_score': 1}",unfolding_001_icc__ggplot_gray,local_blind_baseline,unfolding_001_icc__ggplot_gray__non_monotonic_peak,2,non_monotonic_peak,unfolding,IdealPoint,ggplot_gray,"{'color_palette': 'muted', 'gridlines': 'heavy', 'height_px': 750, 'image_format': 'png', 'image_path': 'data/benchmark/images/unfolding_001_icc__ggplot_gray.png', 'legend_position': 'best', 'line_width': 2.2, 'num_rendered_lines': 1, 'render_engine': 'matplotlib_ggplot_style', 'style_context': 'ggplot', 'style_profile_id': 'ggplot_gray', 'theme': 'light', 'tick_density': 'dense', 'width_px': 1125, 'x_axis': {'label': 'Ability (theta)', 'max': 4.0, 'min': -4.0}, 'y_axis': {'label': 'Probability of endorsement', 'max': 1.02, 'min': 0.0}}",matplotlib_ggplot_style,light
{'probability': 0.0},deterministic_reference_rubric_v1,"Parsed target JSON, compared fields to stored ground truth, and applied fixed rubric thresholds.",unfolding_001_icc__ggplot_gray__probability_at_theta_0.0__oracle__deterministic_judge,5,1.0,True,unfolding_001_icc__ggplot_gray__probability_at_theta_0.0__oracle,"{'field_scores': {'probability': 3}, 'reasoning_score': 2}",unfolding_001_icc__ggplot_gray,local_oracle_baseline,unfolding_001_icc__ggplot_gray__probability_at_theta_0.0,5,probability_at_theta_0.0,unfolding,IdealPoint,ggplot_gray,"{'color_palette': 'muted', 'gridlines': 'heavy', 'height_px': 750, 'image_format': 'png', 'image_path': 'data/benchmark/images/unfolding_001_icc__ggplot_gray.png', 'legend_position': 'best', 'line_width': 2.2, 'num_rendered_lines': 1, 'render_engine': 'matplotlib_ggplot_style', 'style_context': 'ggplot', 'style_profile_id': 'ggplot_gray', 'theme': 'light', 'tick_density': 'dense', 'width_px': 1125, 'x_axis': {'label': 'Ability (theta)', 'max': 4.0, 'min': -4.0}, 'y_axis': {'label': 'Probability of endorsement', 'max': 1.02, 'min': 0.0}}",matplotlib_ggplot_style,light
{'probability': 0.0756},deterministic_reference_rubric_v1,"Parsed target JSON, compared fields to stored ground truth, and applied fixed rubric thresholds.",unfolding_001_icc__ggplot_gray__probability_at_theta_0.0__noisy__deterministic_judge,5,0.6,True,unfolding_001_icc__ggplot_gray__probability_at_theta_0.0__noisy,"{'field_scores': {'probability': 2}, 'reasoning_score': 1}",unfolding_001_icc__ggplot_gray,local_noisy_baseline,unfolding_001_icc__ggplot_gray__probability_at_theta_0.0,3,probability_at_theta_0.0,unfolding,IdealPoint,ggplot_gray,"{'color_palette': 'muted', 'gridlines': 'heavy', 'height_px': 750, 'image_format': 'png', 'image_path': 'data/benchmark/images/unfolding_001_icc__ggplot_gray.png', 'legend_position': 'best', 'line_width': 2.2, 'num_rendered_lines': 1, 'render_engine': 'matplotlib_ggplot_style', 'style_context': 'ggplot', 'style_profile_id': 'ggplot_gray', 'theme': 'light', 'tick_density': 'dense', 'width_px': 1125, 'x_axis': {'label': 'Ability (theta)', 'max': 4.0, 'min': -4.0}, 'y_axis': {'label': 'Probability of endorsement', 'max': 1.02, 'min': 0.0}}",matplotlib_ggplot_style,light
{'probability': 0.5059},deterministic_reference_rubric_v1,"Parsed target JSON, compared fields to stored ground truth, and applied fixed rubric thresholds.",unfolding_001_icc__ggplot_gray__probability_at_theta_0.0__blind__deterministic_judge,5,0.2,True,unfolding_001_icc__ggplot_gray__probability_at_theta_0.0__blind,"{'field_scores': {'probability': 0}, 'reasoning_score': 1}",unfolding_001_icc__ggplot_gray,local_blind_baseline,unfolding_001_icc__ggplot_gray__probability_at_theta_0.0,1,probability_at_theta_0.0,unfolding,IdealPoint,ggplot_gray,"{'color_palette': 'muted', 'gridlines': 'heavy', 'height_px': 750, 'image_format': 'png', 'image_path': 'data/benchmark/images/unfolding_001_icc__ggplot_gray.png', 'legend_position': 'best', 'line_width': 2.2, 'num_rendered_lines': 1, 'render_engine': 'matplotlib_ggplot_style', 'style_context': 'ggplot', 'style_profile_id': 'ggplot_gray', 'theme': 'light', 'tick_density': 'dense', 'width_px': 1125, 'x_axis': {'label': 'Ability (theta)', 'max': 4.0, 'min': -4.0}, 'y_axis': {'label': 'Probability of endorsement', 'max': 1.02, 'min': 0.0}}",matplotlib_ggplot_style,light
"{'irt_model': {'expected': 'IdealPoint', 'observed': 'IdealPoint'}}",deterministic_reference_rubric_v1,"Parsed target JSON, compared fields to stored ground truth, and applied fixed rubric thresholds.",unfolding_001_icc__grayscale_no_grid__model_identification__oracle__deterministic_judge,3,1.0,True,unfolding_001_icc__grayscale_no_grid__model_identification__oracle,"{'field_scores': {'irt_model': 1}, 'reasoning_score': 2}",unfolding_001_icc__grayscale_no_grid,local_oracle_baseline,unfolding_001_icc__grayscale_no_grid__model_identification,3,model_identification,unfolding,IdealPoint,grayscale_no_grid,"{'color_palette': 'grayscale', 'gridlines': 'none', 'height_px': 750, 'image_format': 'png', 'image_path': 'data/benchmark/images/unfolding_001_icc__grayscale_no_grid.png', 'legend_position': 'bottom', 'line_width': 2.6, 'num_rendered_lines': 1, 'render_engine': 'matplotlib', 'style_context': 'default', 'style_profile_id': 'grayscale_no_grid', 'theme': 'light', 'tick_density': 'sparse', 'width_px': 1125, 'x_axis': {'label': 'Ability (theta)', 'max': 4.0, 'min': -4.0}, 'y_axis': {'label': 'Probability of endorsement', 'max': 1.02, 'min': 0.0}}",matplotlib,light
"{'irt_model': {'expected': 'IdealPoint', 'observed': 'IdealPoint'}}",deterministic_reference_rubric_v1,"Parsed target JSON, compared fields to stored ground truth, and applied fixed rubric thresholds.",unfolding_001_icc__grayscale_no_grid__model_identification__noisy__deterministic_judge,3,0.6667,True,unfolding_001_icc__grayscale_no_grid__model_identification__noisy,"{'field_scores': {'irt_model': 1}, 'reasoning_score': 1}",unfolding_001_icc__grayscale_no_grid,local_noisy_baseline,unfolding_001_icc__grayscale_no_grid__model_identification,2,model_identification,unfolding,IdealPoint,grayscale_no_grid,"{'color_palette': 'grayscale', 'gridlines': 'none', 'height_px': 750, 'image_format': 'png', 'image_path': 'data/benchmark/images/unfolding_001_icc__grayscale_no_grid.png', 'legend_position': 'bottom', 'line_width': 2.6, 'num_rendered_lines': 1, 'render_engine': 'matplotlib', 'style_context': 'default', 'style_profile_id': 'grayscale_no_grid', 'theme': 'light', 'tick_density': 'sparse', 'width_px': 1125, 'x_axis': {'label': 'Ability (theta)', 'max': 4.0, 'min': -4.0}, 'y_axis': {'label': 'Probability of endorsement', 'max': 1.02, 'min': 0.0}}",matplotlib,light
"{'irt_model': {'expected': 'IdealPoint', 'observed': '2PL'}}",deterministic_reference_rubric_v1,"Parsed target JSON, compared fields to stored ground truth, and applied fixed rubric thresholds.",unfolding_001_icc__grayscale_no_grid__model_identification__blind__deterministic_judge,3,0.3333,True,unfolding_001_icc__grayscale_no_grid__model_identification__blind,"{'field_scores': {'irt_model': 0}, 'reasoning_score': 1}",unfolding_001_icc__grayscale_no_grid,local_blind_baseline,unfolding_001_icc__grayscale_no_grid__model_identification,1,model_identification,unfolding,IdealPoint,grayscale_no_grid,"{'color_palette': 'grayscale', 'gridlines': 'none', 'height_px': 750, 'image_format': 'png', 'image_path': 'data/benchmark/images/unfolding_001_icc__grayscale_no_grid.png', 'legend_position': 'bottom', 'line_width': 2.6, 'num_rendered_lines': 1, 'render_engine': 'matplotlib', 'style_context': 'default', 'style_profile_id': 'grayscale_no_grid', 'theme': 'light', 'tick_density': 'sparse', 'width_px': 1125, 'x_axis': {'label': 'Ability (theta)', 'max': 4.0, 'min': -4.0}, 'y_axis': {'label': 'Probability of endorsement', 'max': 1.02, 'min': 0.0}}",matplotlib,light
"{'monotonicity': {'expected': 'non_monotonic', 'observed': 'non_monotonic'}, 'peak_probability': 0.0, 'peak_theta': 0.0}",deterministic_reference_rubric_v1,"Parsed target JSON, compared fields to stored ground truth, and applied fixed rubric thresholds.",unfolding_001_icc__grayscale_no_grid__non_monotonic_peak__oracle__deterministic_judge,9,1.0,True,unfolding_001_icc__grayscale_no_grid__non_monotonic_peak__oracle,"{'field_scores': {'monotonicity': 1, 'peak_probability': 3, 'peak_theta': 3}, 'reasoning_score': 2}",unfolding_001_icc__grayscale_no_grid,local_oracle_baseline,unfolding_001_icc__grayscale_no_grid__non_monotonic_peak,9,non_monotonic_peak,unfolding,IdealPoint,grayscale_no_grid,"{'color_palette': 'grayscale', 'gridlines': 'none', 'height_px': 750, 'image_format': 'png', 'image_path': 'data/benchmark/images/unfolding_001_icc__grayscale_no_grid.png', 'legend_position': 'bottom', 'line_width': 2.6, 'num_rendered_lines': 1, 'render_engine': 'matplotlib', 'style_context': 'default', 'style_profile_id': 'grayscale_no_grid', 'theme': 'light', 'tick_density': 'sparse', 'width_px': 1125, 'x_axis': {'label': 'Ability (theta)', 'max': 4.0, 'min': -4.0}, 'y_axis': {'label': 'Probability of endorsement', 'max': 1.02, 'min': 0.0}}",matplotlib,light
"{'monotonicity': {'expected': 'non_monotonic', 'observed': 'non_monotonic'}, 'peak_probability': 0.0576, 'peak_theta': 0.0271}",deterministic_reference_rubric_v1,"Parsed target JSON, compared fields to stored ground truth, and applied fixed rubric thresholds.",unfolding_001_icc__grayscale_no_grid__non_monotonic_peak__noisy__deterministic_judge,9,0.7778,True,unfolding_001_icc__grayscale_no_grid__non_monotonic_peak__noisy,"{'field_scores': {'monotonicity': 1, 'peak_probability': 2, 'peak_theta': 3}, 'reasoning_score': 1}",unfolding_001_icc__grayscale_no_grid,local_noisy_baseline,unfolding_001_icc__grayscale_no_grid__non_monotonic_peak,7,non_monotonic_peak,unfolding,IdealPoint,grayscale_no_grid,"{'color_palette': 'grayscale', 'gridlines': 'none', 'height_px': 750, 'image_format': 'png', 'image_path': 'data/benchmark/images/unfolding_001_icc__grayscale_no_grid.png', 'legend_position': 'bottom', 'line_width': 2.6, 'num_rendered_lines': 1, 'render_engine': 'matplotlib', 'style_context': 'default', 'style_profile_id': 'grayscale_no_grid', 'theme': 'light', 'tick_density': 'sparse', 'width_px': 1125, 'x_axis': {'label': 'Ability (theta)', 'max': 4.0, 'min': -4.0}, 'y_axis': {'label': 'Probability of endorsement', 'max': 1.02, 'min': 0.0}}",matplotlib,light
"{'monotonicity': {'expected': 'non_monotonic', 'observed': '2PL'}, 'peak_probability': 0.5153, 'peak_theta': 0.3678}",deterministic_reference_rubric_v1,"Parsed target JSON, compared fields to stored ground truth, and applied fixed rubric thresholds.",unfolding_001_icc__grayscale_no_grid__non_monotonic_peak__blind__deterministic_judge,9,0.3333,True,unfolding_001_icc__grayscale_no_grid__non_monotonic_peak__blind,"{'field_scores': {'monotonicity': 0, 'peak_probability': 0, 'peak_theta': 2}, 'reasoning_score': 1}",unfolding_001_icc__grayscale_no_grid,local_blind_baseline,unfolding_001_icc__grayscale_no_grid__non_monotonic_peak,3,non_monotonic_peak,unfolding,IdealPoint,grayscale_no_grid,"{'color_palette': 'grayscale', 'gridlines': 'none', 'height_px': 750, 'image_format': 'png', 'image_path': 'data/benchmark/images/unfolding_001_icc__grayscale_no_grid.png', 'legend_position': 'bottom', 'line_width': 2.6, 'num_rendered_lines': 1, 'render_engine': 'matplotlib', 'style_context': 'default', 'style_profile_id': 'grayscale_no_grid', 'theme': 'light', 'tick_density': 'sparse', 'width_px': 1125, 'x_axis': {'label': 'Ability (theta)', 'max': 4.0, 'min': -4.0}, 'y_axis': {'label': 'Probability of endorsement', 'max': 1.02, 'min': 0.0}}",matplotlib,light
{'probability': 0.0},deterministic_reference_rubric_v1,"Parsed target JSON, compared fields to stored ground truth, and applied fixed rubric thresholds.",unfolding_001_icc__grayscale_no_grid__probability_at_theta_0.0__oracle__deterministic_judge,5,1.0,True,unfolding_001_icc__grayscale_no_grid__probability_at_theta_0.0__oracle,"{'field_scores': {'probability': 3}, 'reasoning_score': 2}",unfolding_001_icc__grayscale_no_grid,local_oracle_baseline,unfolding_001_icc__grayscale_no_grid__probability_at_theta_0.0,5,probability_at_theta_0.0,unfolding,IdealPoint,grayscale_no_grid,"{'color_palette': 'grayscale', 'gridlines': 'none', 'height_px': 750, 'image_format': 'png', 'image_path': 'data/benchmark/images/unfolding_001_icc__grayscale_no_grid.png', 'legend_position': 'bottom', 'line_width': 2.6, 'num_rendered_lines': 1, 'render_engine': 'matplotlib', 'style_context': 'default', 'style_profile_id': 'grayscale_no_grid', 'theme': 'light', 'tick_density': 'sparse', 'width_px': 1125, 'x_axis': {'label': 'Ability (theta)', 'max': 4.0, 'min': -4.0}, 'y_axis': {'label': 'Probability of endorsement', 'max': 1.02, 'min': 0.0}}",matplotlib,light
{'probability': 0.0258},deterministic_reference_rubric_v1,"Parsed target JSON, compared fields to stored ground truth, and applied fixed rubric thresholds.",unfolding_001_icc__grayscale_no_grid__probability_at_theta_0.0__noisy__deterministic_judge,5,0.8,True,unfolding_001_icc__grayscale_no_grid__probability_at_theta_0.0__noisy,"{'field_scores': {'probability': 3}, 'reasoning_score': 1}",unfolding_001_icc__grayscale_no_grid,local_noisy_baseline,unfolding_001_icc__grayscale_no_grid__probability_at_theta_0.0,4,probability_at_theta_0.0,unfolding,IdealPoint,grayscale_no_grid,"{'color_palette': 'grayscale', 'gridlines': 'none', 'height_px': 750, 'image_format': 'png', 'image_path': 'data/benchmark/images/unfolding_001_icc__grayscale_no_grid.png', 'legend_position': 'bottom', 'line_width': 2.6, 'num_rendered_lines': 1, 'render_engine': 'matplotlib', 'style_context': 'default', 'style_profile_id': 'grayscale_no_grid', 'theme': 'light', 'tick_density': 'sparse', 'width_px': 1125, 'x_axis': {'label': 'Ability (theta)', 'max': 4.0, 'min': -4.0}, 'y_axis': {'label': 'Probability of endorsement', 'max': 1.02, 'min': 0.0}}",matplotlib,light
{'probability': 0.2599},deterministic_reference_rubric_v1,"Parsed target JSON, compared fields to stored ground truth, and applied fixed rubric thresholds.",unfolding_001_icc__grayscale_no_grid__probability_at_theta_0.0__blind__deterministic_judge,5,0.2,True,unfolding_001_icc__grayscale_no_grid__probability_at_theta_0.0__blind,"{'field_scores': {'probability': 0}, 'reasoning_score': 1}",unfolding_001_icc__grayscale_no_grid,local_blind_baseline,unfolding_001_icc__grayscale_no_grid__probability_at_theta_0.0,1,probability_at_theta_0.0,unfolding,IdealPoint,grayscale_no_grid,"{'color_palette': 'grayscale', 'gridlines': 'none', 'height_px': 750, 'image_format': 'png', 'image_path': 'data/benchmark/images/unfolding_001_icc__grayscale_no_grid.png', 'legend_position': 'bottom', 'line_width': 2.6, 'num_rendered_lines': 1, 'render_engine': 'matplotlib', 'style_context': 'default', 'style_profile_id': 'grayscale_no_grid', 'theme': 'light', 'tick_density': 'sparse', 'width_px': 1125, 'x_axis': {'label': 'Ability (theta)', 'max': 4.0, 'min': -4.0}, 'y_axis': {'label': 'Probability of endorsement', 'max': 1.02, 'min': 0.0}}",matplotlib,light
"{'irt_model': {'expected': 'IdealPoint', 'observed': 'IdealPoint'}}",deterministic_reference_rubric_v1,"Parsed target JSON, compared fields to stored ground truth, and applied fixed rubric thresholds.",unfolding_001_icc__dark_high_contrast__model_identification__oracle__deterministic_judge,3,1.0,True,unfolding_001_icc__dark_high_contrast__model_identification__oracle,"{'field_scores': {'irt_model': 1}, 'reasoning_score': 2}",unfolding_001_icc__dark_high_contrast,local_oracle_baseline,unfolding_001_icc__dark_high_contrast__model_identification,3,model_identification,unfolding,IdealPoint,dark_high_contrast,"{'color_palette': 'bright', 'gridlines': 'faint', 'height_px': 750, 'image_format': 'png', 'image_path': 'data/benchmark/images/unfolding_001_icc__dark_high_contrast.png', 'legend_position': 'best', 'line_width': 2.6, 'num_rendered_lines': 1, 'render_engine': 'matplotlib', 'style_context': 'dark_background', 'style_profile_id': 'dark_high_contrast', 'theme': 'dark', 'tick_density': 'standard', 'width_px': 1125, 'x_axis': {'label': 'Ability (theta)', 'max': 4.0, 'min': -4.0}, 'y_axis': {'label': 'Probability of endorsement', 'max': 1.02, 'min': 0.0}}",matplotlib,dark
"{'irt_model': {'expected': 'IdealPoint', 'observed': 'IdealPoint'}}",deterministic_reference_rubric_v1,"Parsed target JSON, compared fields to stored ground truth, and applied fixed rubric thresholds.",unfolding_001_icc__dark_high_contrast__model_identification__noisy__deterministic_judge,3,0.6667,True,unfolding_001_icc__dark_high_contrast__model_identification__noisy,"{'field_scores': {'irt_model': 1}, 'reasoning_score': 1}",unfolding_001_icc__dark_high_contrast,local_noisy_baseline,unfolding_001_icc__dark_high_contrast__model_identification,2,model_identification,unfolding,IdealPoint,dark_high_contrast,"{'color_palette': 'bright', 'gridlines': 'faint', 'height_px': 750, 'image_format': 'png', 'image_path': 'data/benchmark/images/unfolding_001_icc__dark_high_contrast.png', 'legend_position': 'best', 'line_width': 2.6, 'num_rendered_lines': 1, 'render_engine': 'matplotlib', 'style_context': 'dark_background', 'style_profile_id': 'dark_high_contrast', 'theme': 'dark', 'tick_density': 'standard', 'width_px': 1125, 'x_axis': {'label': 'Ability (theta)', 'max': 4.0, 'min': -4.0}, 'y_axis': {'label': 'Probability of endorsement', 'max': 1.02, 'min': 0.0}}",matplotlib,dark
"{'irt_model': {'expected': 'IdealPoint', 'observed': '2PL'}}",deterministic_reference_rubric_v1,"Parsed target JSON, compared fields to stored ground truth, and applied fixed rubric thresholds.",unfolding_001_icc__dark_high_contrast__model_identification__blind__deterministic_judge,3,0.3333,True,unfolding_001_icc__dark_high_contrast__model_identification__blind,"{'field_scores': {'irt_model': 0}, 'reasoning_score': 1}",unfolding_001_icc__dark_high_contrast,local_blind_baseline,unfolding_001_icc__dark_high_contrast__model_identification,1,model_identification,unfolding,IdealPoint,dark_high_contrast,"{'color_palette': 'bright', 'gridlines': 'faint', 'height_px': 750, 'image_format': 'png', 'image_path': 'data/benchmark/images/unfolding_001_icc__dark_high_contrast.png', 'legend_position': 'best', 'line_width': 2.6, 'num_rendered_lines': 1, 'render_engine': 'matplotlib', 'style_context': 'dark_background', 'style_profile_id': 'dark_high_contrast', 'theme': 'dark', 'tick_density': 'standard', 'width_px': 1125, 'x_axis': {'label': 'Ability (theta)', 'max': 4.0, 'min': -4.0}, 'y_axis': {'label': 'Probability of endorsement', 'max': 1.02, 'min': 0.0}}",matplotlib,dark
"{'monotonicity': {'expected': 'non_monotonic', 'observed': 'non_monotonic'}, 'peak_probability': 0.0, 'peak_theta': 0.0}",deterministic_reference_rubric_v1,"Parsed target JSON, compared fields to stored ground truth, and applied fixed rubric thresholds.",unfolding_001_icc__dark_high_contrast__non_monotonic_peak__oracle__deterministic_judge,9,1.0,True,unfolding_001_icc__dark_high_contrast__non_monotonic_peak__oracle,"{'field_scores': {'monotonicity': 1, 'peak_probability': 3, 'peak_theta': 3}, 'reasoning_score': 2}",unfolding_001_icc__dark_high_contrast,local_oracle_baseline,unfolding_001_icc__dark_high_contrast__non_monotonic_peak,9,non_monotonic_peak,unfolding,IdealPoint,dark_high_contrast,"{'color_palette': 'bright', 'gridlines': 'faint', 'height_px': 750, 'image_format': 'png', 'image_path': 'data/benchmark/images/unfolding_001_icc__dark_high_contrast.png', 'legend_position': 'best', 'line_width': 2.6, 'num_rendered_lines': 1, 'render_engine': 'matplotlib', 'style_context': 'dark_background', 'style_profile_id': 'dark_high_contrast', 'theme': 'dark', 'tick_density': 'standard', 'width_px': 1125, 'x_axis': {'label': 'Ability (theta)', 'max': 4.0, 'min': -4.0}, 'y_axis': {'label': 'Probability of endorsement', 'max': 1.02, 'min': 0.0}}",matplotlib,dark
"{'monotonicity': {'expected': 'non_monotonic', 'observed': 'non_monotonic'}, 'peak_probability': 0.0166, 'peak_theta': 0.1738}",deterministic_reference_rubric_v1,"Parsed target JSON, compared fields to stored ground truth, and applied fixed rubric thresholds.",unfolding_001_icc__dark_high_contrast__non_monotonic_peak__noisy__deterministic_judge,9,0.8889,True,unfolding_001_icc__dark_high_contrast__non_monotonic_peak__noisy,"{'field_scores': {'monotonicity': 1, 'peak_probability': 3, 'peak_theta': 3}, 'reasoning_score': 1}",unfolding_001_icc__dark_high_contrast,local_noisy_baseline,unfolding_001_icc__dark_high_contrast__non_monotonic_peak,8,non_monotonic_peak,unfolding,IdealPoint,dark_high_contrast,"{'color_palette': 'bright', 'gridlines': 'faint', 'height_px': 750, 'image_format': 'png', 'image_path': 'data/benchmark/images/unfolding_001_icc__dark_high_contrast.png', 'legend_position': 'best', 'line_width': 2.6, 'num_rendered_lines': 1, 'render_engine': 'matplotlib', 'style_context': 'dark_background', 'style_profile_id': 'dark_high_contrast', 'theme': 'dark', 'tick_density': 'standard', 'width_px': 1125, 'x_axis': {'label': 'Ability (theta)', 'max': 4.0, 'min': -4.0}, 'y_axis': {'label': 'Probability of endorsement', 'max': 1.02, 'min': 0.0}}",matplotlib,dark
"{'monotonicity': {'expected': 'non_monotonic', 'observed': '2PL'}, 'peak_probability': 1.5323, 'peak_theta': 0.7637}",deterministic_reference_rubric_v1,"Parsed target JSON, compared fields to stored ground truth, and applied fixed rubric thresholds.",unfolding_001_icc__dark_high_contrast__non_monotonic_peak__blind__deterministic_judge,9,0.1111,True,unfolding_001_icc__dark_high_contrast__non_monotonic_peak__blind,"{'field_scores': {'monotonicity': 0, 'peak_probability': 0, 'peak_theta': 0}, 'reasoning_score': 1}",unfolding_001_icc__dark_high_contrast,local_blind_baseline,unfolding_001_icc__dark_high_contrast__non_monotonic_peak,1,non_monotonic_peak,unfolding,IdealPoint,dark_high_contrast,"{'color_palette': 'bright', 'gridlines': 'faint', 'height_px': 750, 'image_format': 'png', 'image_path': 'data/benchmark/images/unfolding_001_icc__dark_high_contrast.png', 'legend_position': 'best', 'line_width': 2.6, 'num_rendered_lines': 1, 'render_engine': 'matplotlib', 'style_context': 'dark_background', 'style_profile_id': 'dark_high_contrast', 'theme': 'dark', 'tick_density': 'standard', 'width_px': 1125, 'x_axis': {'label': 'Ability (theta)', 'max': 4.0, 'min': -4.0}, 'y_axis': {'label': 'Probability of endorsement', 'max': 1.02, 'min': 0.0}}",matplotlib,dark
{'probability': 0.0},deterministic_reference_rubric_v1,"Parsed target JSON, compared fields to stored ground truth, and applied fixed rubric thresholds.",unfolding_001_icc__dark_high_contrast__probability_at_theta_0.0__oracle__deterministic_judge,5,1.0,True,unfolding_001_icc__dark_high_contrast__probability_at_theta_0.0__oracle,"{'field_scores': {'probability': 3}, 'reasoning_score': 2}",unfolding_001_icc__dark_high_contrast,local_oracle_baseline,unfolding_001_icc__dark_high_contrast__probability_at_theta_0.0,5,probability_at_theta_0.0,unfolding,IdealPoint,dark_high_contrast,"{'color_palette': 'bright', 'gridlines': 'faint', 'height_px': 750, 'image_format': 'png', 'image_path': 'data/benchmark/images/unfolding_001_icc__dark_high_contrast.png', 'legend_position': 'best', 'line_width': 2.6, 'num_rendered_lines': 1, 'render_engine': 'matplotlib', 'style_context': 'dark_background', 'style_profile_id': 'dark_high_contrast', 'theme': 'dark', 'tick_density': 'standard', 'width_px': 1125, 'x_axis': {'label': 'Ability (theta)', 'max': 4.0, 'min': -4.0}, 'y_axis': {'label': 'Probability of endorsement', 'max': 1.02, 'min': 0.0}}",matplotlib,dark
{'probability': 0.0589},deterministic_reference_rubric_v1,"Parsed target JSON, compared fields to stored ground truth, and applied fixed rubric thresholds.",unfolding_001_icc__dark_high_contrast__probability_at_theta_0.0__noisy__deterministic_judge,5,0.6,True,unfolding_001_icc__dark_high_contrast__probability_at_theta_0.0__noisy,"{'field_scores': {'probability': 2}, 'reasoning_score': 1}",unfolding_001_icc__dark_high_contrast,local_noisy_baseline,unfolding_001_icc__dark_high_contrast__probability_at_theta_0.0,3,probability_at_theta_0.0,unfolding,IdealPoint,dark_high_contrast,"{'color_palette': 'bright', 'gridlines': 'faint', 'height_px': 750, 'image_format': 'png', 'image_path': 'data/benchmark/images/unfolding_001_icc__dark_high_contrast.png', 'legend_position': 'best', 'line_width': 2.6, 'num_rendered_lines': 1, 'render_engine': 'matplotlib', 'style_context': 'dark_background', 'style_profile_id': 'dark_high_contrast', 'theme': 'dark', 'tick_density': 'standard', 'width_px': 1125, 'x_axis': {'label': 'Ability (theta)', 'max': 4.0, 'min': -4.0}, 'y_axis': {'label': 'Probability of endorsement', 'max': 1.02, 'min': 0.0}}",matplotlib,dark
{'probability': 0.1241},deterministic_reference_rubric_v1,"Parsed target JSON, compared fields to stored ground truth, and applied fixed rubric thresholds.",unfolding_001_icc__dark_high_contrast__probability_at_theta_0.0__blind__deterministic_judge,5,0.4,True,unfolding_001_icc__dark_high_contrast__probability_at_theta_0.0__blind,"{'field_scores': {'probability': 1}, 'reasoning_score': 1}",unfolding_001_icc__dark_high_contrast,local_blind_baseline,unfolding_001_icc__dark_high_contrast__probability_at_theta_0.0,2,probability_at_theta_0.0,unfolding,IdealPoint,dark_high_contrast,"{'color_palette': 'bright', 'gridlines': 'faint', 'height_px': 750, 'image_format': 'png', 'image_path': 'data/benchmark/images/unfolding_001_icc__dark_high_contrast.png', 'legend_position': 'best', 'line_width': 2.6, 'num_rendered_lines': 1, 'render_engine': 'matplotlib', 'style_context': 'dark_background', 'style_profile_id': 'dark_high_contrast', 'theme': 'dark', 'tick_density': 'standard', 'width_px': 1125, 'x_axis': {'label': 'Ability (theta)', 'max': 4.0, 'min': -4.0}, 'y_axis': {'label': 'Probability of endorsement', 'max': 1.02, 'min': 0.0}}",matplotlib,dark
"{'irt_model': {'expected': 'IdealPoint', 'observed': 'IdealPoint'}}",deterministic_reference_rubric_v1,"Parsed target JSON, compared fields to stored ground truth, and applied fixed rubric thresholds.",unfolding_001_icc__lattice_emulation__model_identification__oracle__deterministic_judge,3,1.0,True,unfolding_001_icc__lattice_emulation__model_identification__oracle,"{'field_scores': {'irt_model': 1}, 'reasoning_score': 2}",unfolding_001_icc__lattice_emulation,local_oracle_baseline,unfolding_001_icc__lattice_emulation__model_identification,3,model_identification,unfolding,IdealPoint,lattice_emulation,"{'color_palette': 'colorblind', 'gridlines': 'faint', 'height_px': 750, 'image_format': 'png', 'image_path': 'data/benchmark/images/unfolding_001_icc__lattice_emulation.png', 'legend_position': 'outside', 'line_width': 2.0, 'num_rendered_lines': 1, 'render_engine': 'matplotlib_lattice_emulation', 'style_context': 'classic', 'style_profile_id': 'lattice_emulation', 'theme': 'light', 'tick_density': 'standard', 'width_px': 1125, 'x_axis': {'label': 'Ability (theta)', 'max': 4.0, 'min': -4.0}, 'y_axis': {'label': 'Probability of endorsement', 'max': 1.02, 'min': 0.0}}",matplotlib_lattice_emulation,light
"{'irt_model': {'expected': 'IdealPoint', 'observed': 'IdealPoint'}}",deterministic_reference_rubric_v1,"Parsed target JSON, compared fields to stored ground truth, and applied fixed rubric thresholds.",unfolding_001_icc__lattice_emulation__model_identification__noisy__deterministic_judge,3,0.6667,True,unfolding_001_icc__lattice_emulation__model_identification__noisy,"{'field_scores': {'irt_model': 1}, 'reasoning_score': 1}",unfolding_001_icc__lattice_emulation,local_noisy_baseline,unfolding_001_icc__lattice_emulation__model_identification,2,model_identification,unfolding,IdealPoint,lattice_emulation,"{'color_palette': 'colorblind', 'gridlines': 'faint', 'height_px': 750, 'image_format': 'png', 'image_path': 'data/benchmark/images/unfolding_001_icc__lattice_emulation.png', 'legend_position': 'outside', 'line_width': 2.0, 'num_rendered_lines': 1, 'render_engine': 'matplotlib_lattice_emulation', 'style_context': 'classic', 'style_profile_id': 'lattice_emulation', 'theme': 'light', 'tick_density': 'standard', 'width_px': 1125, 'x_axis': {'label': 'Ability (theta)', 'max': 4.0, 'min': -4.0}, 'y_axis': {'label': 'Probability of endorsement', 'max': 1.02, 'min': 0.0}}",matplotlib_lattice_emulation,light
"{'irt_model': {'expected': 'IdealPoint', 'observed': '2PL'}}",deterministic_reference_rubric_v1,"Parsed target JSON, compared fields to stored ground truth, and applied fixed rubric thresholds.",unfolding_001_icc__lattice_emulation__model_identification__blind__deterministic_judge,3,0.3333,True,unfolding_001_icc__lattice_emulation__model_identification__blind,"{'field_scores': {'irt_model': 0}, 'reasoning_score': 1}",unfolding_001_icc__lattice_emulation,local_blind_baseline,unfolding_001_icc__lattice_emulation__model_identification,1,model_identification,unfolding,IdealPoint,lattice_emulation,"{'color_palette': 'colorblind', 'gridlines': 'faint', 'height_px': 750, 'image_format': 'png', 'image_path': 'data/benchmark/images/unfolding_001_icc__lattice_emulation.png', 'legend_position': 'outside', 'line_width': 2.0, 'num_rendered_lines': 1, 'render_engine': 'matplotlib_lattice_emulation', 'style_context': 'classic', 'style_profile_id': 'lattice_emulation', 'theme': 'light', 'tick_density': 'standard', 'width_px': 1125, 'x_axis': {'label': 'Ability (theta)', 'max': 4.0, 'min': -4.0}, 'y_axis': {'label': 'Probability of endorsement', 'max': 1.02, 'min': 0.0}}",matplotlib_lattice_emulation,light
"{'monotonicity': {'expected': 'non_monotonic', 'observed': 'non_monotonic'}, 'peak_probability': 0.0, 'peak_theta': 0.0}",deterministic_reference_rubric_v1,"Parsed target JSON, compared fields to stored ground truth, and applied fixed rubric thresholds.",unfolding_001_icc__lattice_emulation__non_monotonic_peak__oracle__deterministic_judge,9,1.0,True,unfolding_001_icc__lattice_emulation__non_monotonic_peak__oracle,"{'field_scores': {'monotonicity': 1, 'peak_probability': 3, 'peak_theta': 3}, 'reasoning_score': 2}",unfolding_001_icc__lattice_emulation,local_oracle_baseline,unfolding_001_icc__lattice_emulation__non_monotonic_peak,9,non_monotonic_peak,unfolding,IdealPoint,lattice_emulation,"{'color_palette': 'colorblind', 'gridlines': 'faint', 'height_px': 750, 'image_format': 'png', 'image_path': 'data/benchmark/images/unfolding_001_icc__lattice_emulation.png', 'legend_position': 'outside', 'line_width': 2.0, 'num_rendered_lines': 1, 'render_engine': 'matplotlib_lattice_emulation', 'style_context': 'classic', 'style_profile_id': 'lattice_emulation', 'theme': 'light', 'tick_density': 'standard', 'width_px': 1125, 'x_axis': {'label': 'Ability (theta)', 'max': 4.0, 'min': -4.0}, 'y_axis': {'label': 'Probability of endorsement', 'max': 1.02, 'min': 0.0}}",matplotlib_lattice_emulation,light
"{'monotonicity': {'expected': 'non_monotonic', 'observed': 'non_monotonic'}, 'peak_probability': 0.0412, 'peak_theta': 0.1458}",deterministic_reference_rubric_v1,"Parsed target JSON, compared fields to stored ground truth, and applied fixed rubric thresholds.",unfolding_001_icc__lattice_emulation__non_monotonic_peak__noisy__deterministic_judge,9,0.8889,True,unfolding_001_icc__lattice_emulation__non_monotonic_peak__noisy,"{'field_scores': {'monotonicity': 1, 'peak_probability': 3, 'peak_theta': 3}, 'reasoning_score': 1}",unfolding_001_icc__lattice_emulation,local_noisy_baseline,unfolding_001_icc__lattice_emulation__non_monotonic_peak,8,non_monotonic_peak,unfolding,IdealPoint,lattice_emulation,"{'color_palette': 'colorblind', 'gridlines': 'faint', 'height_px': 750, 'image_format': 'png', 'image_path': 'data/benchmark/images/unfolding_001_icc__lattice_emulation.png', 'legend_position': 'outside', 'line_width': 2.0, 'num_rendered_lines': 1, 'render_engine': 'matplotlib_lattice_emulation', 'style_context': 'classic', 'style_profile_id': 'lattice_emulation', 'theme': 'light', 'tick_density': 'standard', 'width_px': 1125, 'x_axis': {'label': 'Ability (theta)', 'max': 4.0, 'min': -4.0}, 'y_axis': {'label': 'Probability of endorsement', 'max': 1.02, 'min': 0.0}}",matplotlib_lattice_emulation,light
"{'monotonicity': {'expected': 'non_monotonic', 'observed': '2PL'}, 'peak_probability': 0.8013, 'peak_theta': 0.6431}",deterministic_reference_rubric_v1,"Parsed target JSON, compared fields to stored ground truth, and applied fixed rubric thresholds.",unfolding_001_icc__lattice_emulation__non_monotonic_peak__blind__deterministic_judge,9,0.2222,True,unfolding_001_icc__lattice_emulation__non_monotonic_peak__blind,"{'field_scores': {'monotonicity': 0, 'peak_probability': 0, 'peak_theta': 1}, 'reasoning_score': 1}",unfolding_001_icc__lattice_emulation,local_blind_baseline,unfolding_001_icc__lattice_emulation__non_monotonic_peak,2,non_monotonic_peak,unfolding,IdealPoint,lattice_emulation,"{'color_palette': 'colorblind', 'gridlines': 'faint', 'height_px': 750, 'image_format': 'png', 'image_path': 'data/benchmark/images/unfolding_001_icc__lattice_emulation.png', 'legend_position': 'outside', 'line_width': 2.0, 'num_rendered_lines': 1, 'render_engine': 'matplotlib_lattice_emulation', 'style_context': 'classic', 'style_profile_id': 'lattice_emulation', 'theme': 'light', 'tick_density': 'standard', 'width_px': 1125, 'x_axis': {'label': 'Ability (theta)', 'max': 4.0, 'min': -4.0}, 'y_axis': {'label': 'Probability of endorsement', 'max': 1.02, 'min': 0.0}}",matplotlib_lattice_emulation,light
{'probability': 0.0},deterministic_reference_rubric_v1,"Parsed target JSON, compared fields to stored ground truth, and applied fixed rubric thresholds.",unfolding_001_icc__lattice_emulation__probability_at_theta_0.0__oracle__deterministic_judge,5,1.0,True,unfolding_001_icc__lattice_emulation__probability_at_theta_0.0__oracle,"{'field_scores': {'probability': 3}, 'reasoning_score': 2}",unfolding_001_icc__lattice_emulation,local_oracle_baseline,unfolding_001_icc__lattice_emulation__probability_at_theta_0.0,5,probability_at_theta_0.0,unfolding,IdealPoint,lattice_emulation,"{'color_palette': 'colorblind', 'gridlines': 'faint', 'height_px': 750, 'image_format': 'png', 'image_path': 'data/benchmark/images/unfolding_001_icc__lattice_emulation.png', 'legend_position': 'outside', 'line_width': 2.0, 'num_rendered_lines': 1, 'render_engine': 'matplotlib_lattice_emulation', 'style_context': 'classic', 'style_profile_id': 'lattice_emulation', 'theme': 'light', 'tick_density': 'standard', 'width_px': 1125, 'x_axis': {'label': 'Ability (theta)', 'max': 4.0, 'min': -4.0}, 'y_axis': {'label': 'Probability of endorsement', 'max': 1.02, 'min': 0.0}}",matplotlib_lattice_emulation,light
{'probability': 0.0254},deterministic_reference_rubric_v1,"Parsed target JSON, compared fields to stored ground truth, and applied fixed rubric thresholds.",unfolding_001_icc__lattice_emulation__probability_at_theta_0.0__noisy__deterministic_judge,5,0.8,True,unfolding_001_icc__lattice_emulation__probability_at_theta_0.0__noisy,"{'field_scores': {'probability': 3}, 'reasoning_score': 1}",unfolding_001_icc__lattice_emulation,local_noisy_baseline,unfolding_001_icc__lattice_emulation__probability_at_theta_0.0,4,probability_at_theta_0.0,unfolding,IdealPoint,lattice_emulation,"{'color_palette': 'colorblind', 'gridlines': 'faint', 'height_px': 750, 'image_format': 'png', 'image_path': 'data/benchmark/images/unfolding_001_icc__lattice_emulation.png', 'legend_position': 'outside', 'line_width': 2.0, 'num_rendered_lines': 1, 'render_engine': 'matplotlib_lattice_emulation', 'style_context': 'classic', 'style_profile_id': 'lattice_emulation', 'theme': 'light', 'tick_density': 'standard', 'width_px': 1125, 'x_axis': {'label': 'Ability (theta)', 'max': 4.0, 'min': -4.0}, 'y_axis': {'label': 'Probability of endorsement', 'max': 1.02, 'min': 0.0}}",matplotlib_lattice_emulation,light
{'probability': 0.4478},deterministic_reference_rubric_v1,"Parsed target JSON, compared fields to stored ground truth, and applied fixed rubric thresholds.",unfolding_001_icc__lattice_emulation__probability_at_theta_0.0__blind__deterministic_judge,5,0.2,True,unfolding_001_icc__lattice_emulation__probability_at_theta_0.0__blind,"{'field_scores': {'probability': 0}, 'reasoning_score': 1}",unfolding_001_icc__lattice_emulation,local_blind_baseline,unfolding_001_icc__lattice_emulation__probability_at_theta_0.0,1,probability_at_theta_0.0,unfolding,IdealPoint,lattice_emulation,"{'color_palette': 'colorblind', 'gridlines': 'faint', 'height_px': 750, 'image_format': 'png', 'image_path': 'data/benchmark/images/unfolding_001_icc__lattice_emulation.png', 'legend_position': 'outside', 'line_width': 2.0, 'num_rendered_lines': 1, 'render_engine': 'matplotlib_lattice_emulation', 'style_context': 'classic', 'style_profile_id': 'lattice_emulation', 'theme': 'light', 'tick_density': 'standard', 'width_px': 1125, 'x_axis': {'label': 'Ability (theta)', 'max': 4.0, 'min': -4.0}, 'y_axis': {'label': 'Probability of endorsement', 'max': 1.02, 'min': 0.0}}",matplotlib_lattice_emulation,light
"{'irt_model': {'expected': 'MixedDichotomousForm', 'observed': 'MixedDichotomousForm'}}",deterministic_reference_rubric_v1,"Parsed target JSON, compared fields to stored ground truth, and applied fixed rubric thresholds.",form_001_tcc__matplotlib_light__model_identification__oracle__deterministic_judge,3,1.0,True,form_001_tcc__matplotlib_light__model_identification__oracle,"{'field_scores': {'irt_model': 1}, 'reasoning_score': 2}",form_001_tcc__matplotlib_light,local_oracle_baseline,form_001_tcc__matplotlib_light__model_identification,3,model_identification,test_characteristic,MixedDichotomousForm,matplotlib_light,"{'color_palette': 'tab10', 'gridlines': 'standard', 'height_px': 750, 'image_format': 'png', 'image_path': 'data/benchmark/images/form_001_tcc__matplotlib_light.png', 'legend_position': 'best', 'line_width': 2.4, 'num_rendered_lines': 1, 'render_engine': 'matplotlib', 'style_context': 'default', 'style_profile_id': 'matplotlib_light', 'theme': 'light', 'tick_density': 'standard', 'width_px': 1125, 'x_axis': {'label': 'Ability (theta)', 'max': 4.0, 'min': -4.0}, 'y_axis': {'label': 'Expected raw score', 'max': 7.947272, 'min': 0.22062799999999994}}",matplotlib,light
"{'irt_model': {'expected': 'MixedDichotomousForm', 'observed': 'MixedDichotomousForm'}}",deterministic_reference_rubric_v1,"Parsed target JSON, compared fields to stored ground truth, and applied fixed rubric thresholds.",form_001_tcc__matplotlib_light__model_identification__noisy__deterministic_judge,3,0.6667,True,form_001_tcc__matplotlib_light__model_identification__noisy,"{'field_scores': {'irt_model': 1}, 'reasoning_score': 1}",form_001_tcc__matplotlib_light,local_noisy_baseline,form_001_tcc__matplotlib_light__model_identification,2,model_identification,test_characteristic,MixedDichotomousForm,matplotlib_light,"{'color_palette': 'tab10', 'gridlines': 'standard', 'height_px': 750, 'image_format': 'png', 'image_path': 'data/benchmark/images/form_001_tcc__matplotlib_light.png', 'legend_position': 'best', 'line_width': 2.4, 'num_rendered_lines': 1, 'render_engine': 'matplotlib', 'style_context': 'default', 'style_profile_id': 'matplotlib_light', 'theme': 'light', 'tick_density': 'standard', 'width_px': 1125, 'x_axis': {'label': 'Ability (theta)', 'max': 4.0, 'min': -4.0}, 'y_axis': {'label': 'Expected raw score', 'max': 7.947272, 'min': 0.22062799999999994}}",matplotlib,light
"{'irt_model': {'expected': 'MixedDichotomousForm', 'observed': '2PL'}}",deterministic_reference_rubric_v1,"Parsed target JSON, compared fields to stored ground truth, and applied fixed rubric thresholds.",form_001_tcc__matplotlib_light__model_identification__blind__deterministic_judge,3,0.3333,True,form_001_tcc__matplotlib_light__model_identification__blind,"{'field_scores': {'irt_model': 0}, 'reasoning_score': 1}",form_001_tcc__matplotlib_light,local_blind_baseline,form_001_tcc__matplotlib_light__model_identification,1,model_identification,test_characteristic,MixedDichotomousForm,matplotlib_light,"{'color_palette': 'tab10', 'gridlines': 'standard', 'height_px': 750, 'image_format': 'png', 'image_path': 'data/benchmark/images/form_001_tcc__matplotlib_light.png', 'legend_position': 'best', 'line_width': 2.4, 'num_rendered_lines': 1, 'render_engine': 'matplotlib', 'style_context': 'default', 'style_profile_id': 'matplotlib_light', 'theme': 'light', 'tick_density': 'standard', 'width_px': 1125, 'x_axis': {'label': 'Ability (theta)', 'max': 4.0, 'min': -4.0}, 'y_axis': {'label': 'Expected raw score', 'max': 7.947272, 'min': 0.22062799999999994}}",matplotlib,light
"{'expected_score_at_theta_0': 0.0, 'num_items': 0}",deterministic_reference_rubric_v1,"Parsed target JSON, compared fields to stored ground truth, and applied fixed rubric thresholds.",form_001_tcc__matplotlib_light__tcc_expected_score__oracle__deterministic_judge,6,1.0,True,form_001_tcc__matplotlib_light__tcc_expected_score__oracle,"{'field_scores': {'expected_score_at_theta_0': 3, 'num_items': 1}, 'reasoning_score': 2}",form_001_tcc__matplotlib_light,local_oracle_baseline,form_001_tcc__matplotlib_light__tcc_expected_score,6,tcc_expected_score,test_characteristic,MixedDichotomousForm,matplotlib_light,"{'color_palette': 'tab10', 'gridlines': 'standard', 'height_px': 750, 'image_format': 'png', 'image_path': 'data/benchmark/images/form_001_tcc__matplotlib_light.png', 'legend_position': 'best', 'line_width': 2.4, 'num_rendered_lines': 1, 'render_engine': 'matplotlib', 'style_context': 'default', 'style_profile_id': 'matplotlib_light', 'theme': 'light', 'tick_density': 'standard', 'width_px': 1125, 'x_axis': {'label': 'Ability (theta)', 'max': 4.0, 'min': -4.0}, 'y_axis': {'label': 'Expected raw score', 'max': 7.947272, 'min': 0.22062799999999994}}",matplotlib,light
"{'expected_score_at_theta_0': 0.1636, 'num_items': 0}",deterministic_reference_rubric_v1,"Parsed target JSON, compared fields to stored ground truth, and applied fixed rubric thresholds.",form_001_tcc__matplotlib_light__tcc_expected_score__noisy__deterministic_judge,6,0.8333,True,form_001_tcc__matplotlib_light__tcc_expected_score__noisy,"{'field_scores': {'expected_score_at_theta_0': 3, 'num_items': 1}, 'reasoning_score': 1}",form_001_tcc__matplotlib_light,local_noisy_baseline,form_001_tcc__matplotlib_light__tcc_expected_score,5,tcc_expected_score,test_characteristic,MixedDichotomousForm,matplotlib_light,"{'color_palette': 'tab10', 'gridlines': 'standard', 'height_px': 750, 'image_format': 'png', 'image_path': 'data/benchmark/images/form_001_tcc__matplotlib_light.png', 'legend_position': 'best', 'line_width': 2.4, 'num_rendered_lines': 1, 'render_engine': 'matplotlib', 'style_context': 'default', 'style_profile_id': 'matplotlib_light', 'theme': 'light', 'tick_density': 'standard', 'width_px': 1125, 'x_axis': {'label': 'Ability (theta)', 'max': 4.0, 'min': -4.0}, 'y_axis': {'label': 'Expected raw score', 'max': 7.947272, 'min': 0.22062799999999994}}",matplotlib,light
"{'expected_score_at_theta_0': 1.8117, 'num_items': -2}",deterministic_reference_rubric_v1,"Parsed target JSON, compared fields to stored ground truth, and applied fixed rubric thresholds.",form_001_tcc__matplotlib_light__tcc_expected_score__blind__deterministic_judge,6,0.1667,True,form_001_tcc__matplotlib_light__tcc_expected_score__blind,"{'field_scores': {'expected_score_at_theta_0': 0, 'num_items': 0}, 'reasoning_score': 1}",form_001_tcc__matplotlib_light,local_blind_baseline,form_001_tcc__matplotlib_light__tcc_expected_score,1,tcc_expected_score,test_characteristic,MixedDichotomousForm,matplotlib_light,"{'color_palette': 'tab10', 'gridlines': 'standard', 'height_px': 750, 'image_format': 'png', 'image_path': 'data/benchmark/images/form_001_tcc__matplotlib_light.png', 'legend_position': 'best', 'line_width': 2.4, 'num_rendered_lines': 1, 'render_engine': 'matplotlib', 'style_context': 'default', 'style_profile_id': 'matplotlib_light', 'theme': 'light', 'tick_density': 'standard', 'width_px': 1125, 'x_axis': {'label': 'Ability (theta)', 'max': 4.0, 'min': -4.0}, 'y_axis': {'label': 'Expected raw score', 'max': 7.947272, 'min': 0.22062799999999994}}",matplotlib,light
"{'irt_model': {'expected': 'MixedDichotomousForm', 'observed': 'MixedDichotomousForm'}}",deterministic_reference_rubric_v1,"Parsed target JSON, compared fields to stored ground truth, and applied fixed rubric thresholds.",form_001_tcc__seaborn_whitegrid__model_identification__oracle__deterministic_judge,3,1.0,True,form_001_tcc__seaborn_whitegrid__model_identification__oracle,"{'field_scores': {'irt_model': 1}, 'reasoning_score': 2}",form_001_tcc__seaborn_whitegrid,local_oracle_baseline,form_001_tcc__seaborn_whitegrid__model_identification,3,model_identification,test_characteristic,MixedDichotomousForm,seaborn_whitegrid,"{'color_palette': 'deep', 'gridlines': 'standard', 'height_px': 750, 'image_format': 'png', 'image_path': 'data/benchmark/images/form_001_tcc__seaborn_whitegrid.png', 'legend_position': 'right', 'line_width': 2.4, 'num_rendered_lines': 1, 'render_engine': 'seaborn', 'style_context': 'whitegrid', 'style_profile_id': 'seaborn_whitegrid', 'theme': 'light', 'tick_density': 'standard', 'width_px': 1125, 'x_axis': {'label': 'Ability (theta)', 'max': 4.0, 'min': -4.0}, 'y_axis': {'label': 'Expected raw score', 'max': 7.947272, 'min': 0.22062799999999994}}",seaborn,light
"{'irt_model': {'expected': 'MixedDichotomousForm', 'observed': 'MixedDichotomousForm'}}",deterministic_reference_rubric_v1,"Parsed target JSON, compared fields to stored ground truth, and applied fixed rubric thresholds.",form_001_tcc__seaborn_whitegrid__model_identification__noisy__deterministic_judge,3,0.6667,True,form_001_tcc__seaborn_whitegrid__model_identification__noisy,"{'field_scores': {'irt_model': 1}, 'reasoning_score': 1}",form_001_tcc__seaborn_whitegrid,local_noisy_baseline,form_001_tcc__seaborn_whitegrid__model_identification,2,model_identification,test_characteristic,MixedDichotomousForm,seaborn_whitegrid,"{'color_palette': 'deep', 'gridlines': 'standard', 'height_px': 750, 'image_format': 'png', 'image_path': 'data/benchmark/images/form_001_tcc__seaborn_whitegrid.png', 'legend_position': 'right', 'line_width': 2.4, 'num_rendered_lines': 1, 'render_engine': 'seaborn', 'style_context': 'whitegrid', 'style_profile_id': 'seaborn_whitegrid', 'theme': 'light', 'tick_density': 'standard', 'width_px': 1125, 'x_axis': {'label': 'Ability (theta)', 'max': 4.0, 'min': -4.0}, 'y_axis': {'label': 'Expected raw score', 'max': 7.947272, 'min': 0.22062799999999994}}",seaborn,light
"{'irt_model': {'expected': 'MixedDichotomousForm', 'observed': '2PL'}}",deterministic_reference_rubric_v1,"Parsed target JSON, compared fields to stored ground truth, and applied fixed rubric thresholds.",form_001_tcc__seaborn_whitegrid__model_identification__blind__deterministic_judge,3,0.3333,True,form_001_tcc__seaborn_whitegrid__model_identification__blind,"{'field_scores': {'irt_model': 0}, 'reasoning_score': 1}",form_001_tcc__seaborn_whitegrid,local_blind_baseline,form_001_tcc__seaborn_whitegrid__model_identification,1,model_identification,test_characteristic,MixedDichotomousForm,seaborn_whitegrid,"{'color_palette': 'deep', 'gridlines': 'standard', 'height_px': 750, 'image_format': 'png', 'image_path': 'data/benchmark/images/form_001_tcc__seaborn_whitegrid.png', 'legend_position': 'right', 'line_width': 2.4, 'num_rendered_lines': 1, 'render_engine': 'seaborn', 'style_context': 'whitegrid', 'style_profile_id': 'seaborn_whitegrid', 'theme': 'light', 'tick_density': 'standard', 'width_px': 1125, 'x_axis': {'label': 'Ability (theta)', 'max': 4.0, 'min': -4.0}, 'y_axis': {'label': 'Expected raw score', 'max': 7.947272, 'min': 0.22062799999999994}}",seaborn,light
"{'expected_score_at_theta_0': 0.0, 'num_items': 0}",deterministic_reference_rubric_v1,"Parsed target JSON, compared fields to stored ground truth, and applied fixed rubric thresholds.",form_001_tcc__seaborn_whitegrid__tcc_expected_score__oracle__deterministic_judge,6,1.0,True,form_001_tcc__seaborn_whitegrid__tcc_expected_score__oracle,"{'field_scores': {'expected_score_at_theta_0': 3, 'num_items': 1}, 'reasoning_score': 2}",form_001_tcc__seaborn_whitegrid,local_oracle_baseline,form_001_tcc__seaborn_whitegrid__tcc_expected_score,6,tcc_expected_score,test_characteristic,MixedDichotomousForm,seaborn_whitegrid,"{'color_palette': 'deep', 'gridlines': 'standard', 'height_px': 750, 'image_format': 'png', 'image_path': 'data/benchmark/images/form_001_tcc__seaborn_whitegrid.png', 'legend_position': 'right', 'line_width': 2.4, 'num_rendered_lines': 1, 'render_engine': 'seaborn', 'style_context': 'whitegrid', 'style_profile_id': 'seaborn_whitegrid', 'theme': 'light', 'tick_density': 'standard', 'width_px': 1125, 'x_axis': {'label': 'Ability (theta)', 'max': 4.0, 'min': -4.0}, 'y_axis': {'label': 'Expected raw score', 'max': 7.947272, 'min': 0.22062799999999994}}",seaborn,light
"{'expected_score_at_theta_0': 0.0686, 'num_items': 0}",deterministic_reference_rubric_v1,"Parsed target JSON, compared fields to stored ground truth, and applied fixed rubric thresholds.",form_001_tcc__seaborn_whitegrid__tcc_expected_score__noisy__deterministic_judge,6,0.8333,True,form_001_tcc__seaborn_whitegrid__tcc_expected_score__noisy,"{'field_scores': {'expected_score_at_theta_0': 3, 'num_items': 1}, 'reasoning_score': 1}",form_001_tcc__seaborn_whitegrid,local_noisy_baseline,form_001_tcc__seaborn_whitegrid__tcc_expected_score,5,tcc_expected_score,test_characteristic,MixedDichotomousForm,seaborn_whitegrid,"{'color_palette': 'deep', 'gridlines': 'standard', 'height_px': 750, 'image_format': 'png', 'image_path': 'data/benchmark/images/form_001_tcc__seaborn_whitegrid.png', 'legend_position': 'right', 'line_width': 2.4, 'num_rendered_lines': 1, 'render_engine': 'seaborn', 'style_context': 'whitegrid', 'style_profile_id': 'seaborn_whitegrid', 'theme': 'light', 'tick_density': 'standard', 'width_px': 1125, 'x_axis': {'label': 'Ability (theta)', 'max': 4.0, 'min': -4.0}, 'y_axis': {'label': 'Expected raw score', 'max': 7.947272, 'min': 0.22062799999999994}}",seaborn,light
"{'expected_score_at_theta_0': 0.9313, 'num_items': -2}",deterministic_reference_rubric_v1,"Parsed target JSON, compared fields to stored ground truth, and applied fixed rubric thresholds.",form_001_tcc__seaborn_whitegrid__tcc_expected_score__blind__deterministic_judge,6,0.3333,True,form_001_tcc__seaborn_whitegrid__tcc_expected_score__blind,"{'field_scores': {'expected_score_at_theta_0': 1, 'num_items': 0}, 'reasoning_score': 1}",form_001_tcc__seaborn_whitegrid,local_blind_baseline,form_001_tcc__seaborn_whitegrid__tcc_expected_score,2,tcc_expected_score,test_characteristic,MixedDichotomousForm,seaborn_whitegrid,"{'color_palette': 'deep', 'gridlines': 'standard', 'height_px': 750, 'image_format': 'png', 'image_path': 'data/benchmark/images/form_001_tcc__seaborn_whitegrid.png', 'legend_position': 'right', 'line_width': 2.4, 'num_rendered_lines': 1, 'render_engine': 'seaborn', 'style_context': 'whitegrid', 'style_profile_id': 'seaborn_whitegrid', 'theme': 'light', 'tick_density': 'standard', 'width_px': 1125, 'x_axis': {'label': 'Ability (theta)', 'max': 4.0, 'min': -4.0}, 'y_axis': {'label': 'Expected raw score', 'max': 7.947272, 'min': 0.22062799999999994}}",seaborn,light
"{'irt_model': {'expected': 'MixedDichotomousForm', 'observed': 'MixedDichotomousForm'}}",deterministic_reference_rubric_v1,"Parsed target JSON, compared fields to stored ground truth, and applied fixed rubric thresholds.",form_001_tcc__ggplot_gray__model_identification__oracle__deterministic_judge,3,1.0,True,form_001_tcc__ggplot_gray__model_identification__oracle,"{'field_scores': {'irt_model': 1}, 'reasoning_score': 2}",form_001_tcc__ggplot_gray,local_oracle_baseline,form_001_tcc__ggplot_gray__model_identification,3,model_identification,test_characteristic,MixedDichotomousForm,ggplot_gray,"{'color_palette': 'muted', 'gridlines': 'heavy', 'height_px': 750, 'image_format': 'png', 'image_path': 'data/benchmark/images/form_001_tcc__ggplot_gray.png', 'legend_position': 'best', 'line_width': 2.2, 'num_rendered_lines': 1, 'render_engine': 'matplotlib_ggplot_style', 'style_context': 'ggplot', 'style_profile_id': 'ggplot_gray', 'theme': 'light', 'tick_density': 'dense', 'width_px': 1125, 'x_axis': {'label': 'Ability (theta)', 'max': 4.0, 'min': -4.0}, 'y_axis': {'label': 'Expected raw score', 'max': 7.947272, 'min': 0.22062799999999994}}",matplotlib_ggplot_style,light
"{'irt_model': {'expected': 'MixedDichotomousForm', 'observed': 'MixedDichotomousForm'}}",deterministic_reference_rubric_v1,"Parsed target JSON, compared fields to stored ground truth, and applied fixed rubric thresholds.",form_001_tcc__ggplot_gray__model_identification__noisy__deterministic_judge,3,0.6667,True,form_001_tcc__ggplot_gray__model_identification__noisy,"{'field_scores': {'irt_model': 1}, 'reasoning_score': 1}",form_001_tcc__ggplot_gray,local_noisy_baseline,form_001_tcc__ggplot_gray__model_identification,2,model_identification,test_characteristic,MixedDichotomousForm,ggplot_gray,"{'color_palette': 'muted', 'gridlines': 'heavy', 'height_px': 750, 'image_format': 'png', 'image_path': 'data/benchmark/images/form_001_tcc__ggplot_gray.png', 'legend_position': 'best', 'line_width': 2.2, 'num_rendered_lines': 1, 'render_engine': 'matplotlib_ggplot_style', 'style_context': 'ggplot', 'style_profile_id': 'ggplot_gray', 'theme': 'light', 'tick_density': 'dense', 'width_px': 1125, 'x_axis': {'label': 'Ability (theta)', 'max': 4.0, 'min': -4.0}, 'y_axis': {'label': 'Expected raw score', 'max': 7.947272, 'min': 0.22062799999999994}}",matplotlib_ggplot_style,light
"{'irt_model': {'expected': 'MixedDichotomousForm', 'observed': '2PL'}}",deterministic_reference_rubric_v1,"Parsed target JSON, compared fields to stored ground truth, and applied fixed rubric thresholds.",form_001_tcc__ggplot_gray__model_identification__blind__deterministic_judge,3,0.3333,True,form_001_tcc__ggplot_gray__model_identification__blind,"{'field_scores': {'irt_model': 0}, 'reasoning_score': 1}",form_001_tcc__ggplot_gray,local_blind_baseline,form_001_tcc__ggplot_gray__model_identification,1,model_identification,test_characteristic,MixedDichotomousForm,ggplot_gray,"{'color_palette': 'muted', 'gridlines': 'heavy', 'height_px': 750, 'image_format': 'png', 'image_path': 'data/benchmark/images/form_001_tcc__ggplot_gray.png', 'legend_position': 'best', 'line_width': 2.2, 'num_rendered_lines': 1, 'render_engine': 'matplotlib_ggplot_style', 'style_context': 'ggplot', 'style_profile_id': 'ggplot_gray', 'theme': 'light', 'tick_density': 'dense', 'width_px': 1125, 'x_axis': {'label': 'Ability (theta)', 'max': 4.0, 'min': -4.0}, 'y_axis': {'label': 'Expected raw score', 'max': 7.947272, 'min': 0.22062799999999994}}",matplotlib_ggplot_style,light
"{'expected_score_at_theta_0': 0.0, 'num_items': 0}",deterministic_reference_rubric_v1,"Parsed target JSON, compared fields to stored ground truth, and applied fixed rubric thresholds.",form_001_tcc__ggplot_gray__tcc_expected_score__oracle__deterministic_judge,6,1.0,True,form_001_tcc__ggplot_gray__tcc_expected_score__oracle,"{'field_scores': {'expected_score_at_theta_0': 3, 'num_items': 1}, 'reasoning_score': 2}",form_001_tcc__ggplot_gray,local_oracle_baseline,form_001_tcc__ggplot_gray__tcc_expected_score,6,tcc_expected_score,test_characteristic,MixedDichotomousForm,ggplot_gray,"{'color_palette': 'muted', 'gridlines': 'heavy', 'height_px': 750, 'image_format': 'png', 'image_path': 'data/benchmark/images/form_001_tcc__ggplot_gray.png', 'legend_position': 'best', 'line_width': 2.2, 'num_rendered_lines': 1, 'render_engine': 'matplotlib_ggplot_style', 'style_context': 'ggplot', 'style_profile_id': 'ggplot_gray', 'theme': 'light', 'tick_density': 'dense', 'width_px': 1125, 'x_axis': {'label': 'Ability (theta)', 'max': 4.0, 'min': -4.0}, 'y_axis': {'label': 'Expected raw score', 'max': 7.947272, 'min': 0.22062799999999994}}",matplotlib_ggplot_style,light
"{'expected_score_at_theta_0': 0.0455, 'num_items': 0}",deterministic_reference_rubric_v1,"Parsed target JSON, compared fields to stored ground truth, and applied fixed rubric thresholds.",form_001_tcc__ggplot_gray__tcc_expected_score__noisy__deterministic_judge,6,0.8333,True,form_001_tcc__ggplot_gray__tcc_expected_score__noisy,"{'field_scores': {'expected_score_at_theta_0': 3, 'num_items': 1}, 'reasoning_score': 1}",form_001_tcc__ggplot_gray,local_noisy_baseline,form_001_tcc__ggplot_gray__tcc_expected_score,5,tcc_expected_score,test_characteristic,MixedDichotomousForm,ggplot_gray,"{'color_palette': 'muted', 'gridlines': 'heavy', 'height_px': 750, 'image_format': 'png', 'image_path': 'data/benchmark/images/form_001_tcc__ggplot_gray.png', 'legend_position': 'best', 'line_width': 2.2, 'num_rendered_lines': 1, 'render_engine': 'matplotlib_ggplot_style', 'style_context': 'ggplot', 'style_profile_id': 'ggplot_gray', 'theme': 'light', 'tick_density': 'dense', 'width_px': 1125, 'x_axis': {'label': 'Ability (theta)', 'max': 4.0, 'min': -4.0}, 'y_axis': {'label': 'Expected raw score', 'max': 7.947272, 'min': 0.22062799999999994}}",matplotlib_ggplot_style,light
"{'expected_score_at_theta_0': 3.3367, 'num_items': -1}",deterministic_reference_rubric_v1,"Parsed target JSON, compared fields to stored ground truth, and applied fixed rubric thresholds.",form_001_tcc__ggplot_gray__tcc_expected_score__blind__deterministic_judge,6,0.1667,True,form_001_tcc__ggplot_gray__tcc_expected_score__blind,"{'field_scores': {'expected_score_at_theta_0': 0, 'num_items': 0}, 'reasoning_score': 1}",form_001_tcc__ggplot_gray,local_blind_baseline,form_001_tcc__ggplot_gray__tcc_expected_score,1,tcc_expected_score,test_characteristic,MixedDichotomousForm,ggplot_gray,"{'color_palette': 'muted', 'gridlines': 'heavy', 'height_px': 750, 'image_format': 'png', 'image_path': 'data/benchmark/images/form_001_tcc__ggplot_gray.png', 'legend_position': 'best', 'line_width': 2.2, 'num_rendered_lines': 1, 'render_engine': 'matplotlib_ggplot_style', 'style_context': 'ggplot', 'style_profile_id': 'ggplot_gray', 'theme': 'light', 'tick_density': 'dense', 'width_px': 1125, 'x_axis': {'label': 'Ability (theta)', 'max': 4.0, 'min': -4.0}, 'y_axis': {'label': 'Expected raw score', 'max': 7.947272, 'min': 0.22062799999999994}}",matplotlib_ggplot_style,light
"{'irt_model': {'expected': 'MixedDichotomousForm', 'observed': 'MixedDichotomousForm'}}",deterministic_reference_rubric_v1,"Parsed target JSON, compared fields to stored ground truth, and applied fixed rubric thresholds.",form_001_tcc__grayscale_no_grid__model_identification__oracle__deterministic_judge,3,1.0,True,form_001_tcc__grayscale_no_grid__model_identification__oracle,"{'field_scores': {'irt_model': 1}, 'reasoning_score': 2}",form_001_tcc__grayscale_no_grid,local_oracle_baseline,form_001_tcc__grayscale_no_grid__model_identification,3,model_identification,test_characteristic,MixedDichotomousForm,grayscale_no_grid,"{'color_palette': 'grayscale', 'gridlines': 'none', 'height_px': 750, 'image_format': 'png', 'image_path': 'data/benchmark/images/form_001_tcc__grayscale_no_grid.png', 'legend_position': 'bottom', 'line_width': 2.6, 'num_rendered_lines': 1, 'render_engine': 'matplotlib', 'style_context': 'default', 'style_profile_id': 'grayscale_no_grid', 'theme': 'light', 'tick_density': 'sparse', 'width_px': 1125, 'x_axis': {'label': 'Ability (theta)', 'max': 4.0, 'min': -4.0}, 'y_axis': {'label': 'Expected raw score', 'max': 7.947272, 'min': 0.22062799999999994}}",matplotlib,light
"{'irt_model': {'expected': 'MixedDichotomousForm', 'observed': 'MixedDichotomousForm'}}",deterministic_reference_rubric_v1,"Parsed target JSON, compared fields to stored ground truth, and applied fixed rubric thresholds.",form_001_tcc__grayscale_no_grid__model_identification__noisy__deterministic_judge,3,0.6667,True,form_001_tcc__grayscale_no_grid__model_identification__noisy,"{'field_scores': {'irt_model': 1}, 'reasoning_score': 1}",form_001_tcc__grayscale_no_grid,local_noisy_baseline,form_001_tcc__grayscale_no_grid__model_identification,2,model_identification,test_characteristic,MixedDichotomousForm,grayscale_no_grid,"{'color_palette': 'grayscale', 'gridlines': 'none', 'height_px': 750, 'image_format': 'png', 'image_path': 'data/benchmark/images/form_001_tcc__grayscale_no_grid.png', 'legend_position': 'bottom', 'line_width': 2.6, 'num_rendered_lines': 1, 'render_engine': 'matplotlib', 'style_context': 'default', 'style_profile_id': 'grayscale_no_grid', 'theme': 'light', 'tick_density': 'sparse', 'width_px': 1125, 'x_axis': {'label': 'Ability (theta)', 'max': 4.0, 'min': -4.0}, 'y_axis': {'label': 'Expected raw score', 'max': 7.947272, 'min': 0.22062799999999994}}",matplotlib,light
"{'irt_model': {'expected': 'MixedDichotomousForm', 'observed': '2PL'}}",deterministic_reference_rubric_v1,"Parsed target JSON, compared fields to stored ground truth, and applied fixed rubric thresholds.",form_001_tcc__grayscale_no_grid__model_identification__blind__deterministic_judge,3,0.3333,True,form_001_tcc__grayscale_no_grid__model_identification__blind,"{'field_scores': {'irt_model': 0}, 'reasoning_score': 1}",form_001_tcc__grayscale_no_grid,local_blind_baseline,form_001_tcc__grayscale_no_grid__model_identification,1,model_identification,test_characteristic,MixedDichotomousForm,grayscale_no_grid,"{'color_palette': 'grayscale', 'gridlines': 'none', 'height_px': 750, 'image_format': 'png', 'image_path': 'data/benchmark/images/form_001_tcc__grayscale_no_grid.png', 'legend_position': 'bottom', 'line_width': 2.6, 'num_rendered_lines': 1, 'render_engine': 'matplotlib', 'style_context': 'default', 'style_profile_id': 'grayscale_no_grid', 'theme': 'light', 'tick_density': 'sparse', 'width_px': 1125, 'x_axis': {'label': 'Ability (theta)', 'max': 4.0, 'min': -4.0}, 'y_axis': {'label': 'Expected raw score', 'max': 7.947272, 'min': 0.22062799999999994}}",matplotlib,light
"{'expected_score_at_theta_0': 0.0, 'num_items': 0}",deterministic_reference_rubric_v1,"Parsed target JSON, compared fields to stored ground truth, and applied fixed rubric thresholds.",form_001_tcc__grayscale_no_grid__tcc_expected_score__oracle__deterministic_judge,6,1.0,True,form_001_tcc__grayscale_no_grid__tcc_expected_score__oracle,"{'field_scores': {'expected_score_at_theta_0': 3, 'num_items': 1}, 'reasoning_score': 2}",form_001_tcc__grayscale_no_grid,local_oracle_baseline,form_001_tcc__grayscale_no_grid__tcc_expected_score,6,tcc_expected_score,test_characteristic,MixedDichotomousForm,grayscale_no_grid,"{'color_palette': 'grayscale', 'gridlines': 'none', 'height_px': 750, 'image_format': 'png', 'image_path': 'data/benchmark/images/form_001_tcc__grayscale_no_grid.png', 'legend_position': 'bottom', 'line_width': 2.6, 'num_rendered_lines': 1, 'render_engine': 'matplotlib', 'style_context': 'default', 'style_profile_id': 'grayscale_no_grid', 'theme': 'light', 'tick_density': 'sparse', 'width_px': 1125, 'x_axis': {'label': 'Ability (theta)', 'max': 4.0, 'min': -4.0}, 'y_axis': {'label': 'Expected raw score', 'max': 7.947272, 'min': 0.22062799999999994}}",matplotlib,light
"{'expected_score_at_theta_0': 0.0376, 'num_items': 0}",deterministic_reference_rubric_v1,"Parsed target JSON, compared fields to stored ground truth, and applied fixed rubric thresholds.",form_001_tcc__grayscale_no_grid__tcc_expected_score__noisy__deterministic_judge,6,0.8333,True,form_001_tcc__grayscale_no_grid__tcc_expected_score__noisy,"{'field_scores': {'expected_score_at_theta_0': 3, 'num_items': 1}, 'reasoning_score': 1}",form_001_tcc__grayscale_no_grid,local_noisy_baseline,form_001_tcc__grayscale_no_grid__tcc_expected_score,5,tcc_expected_score,test_characteristic,MixedDichotomousForm,grayscale_no_grid,"{'color_palette': 'grayscale', 'gridlines': 'none', 'height_px': 750, 'image_format': 'png', 'image_path': 'data/benchmark/images/form_001_tcc__grayscale_no_grid.png', 'legend_position': 'bottom', 'line_width': 2.6, 'num_rendered_lines': 1, 'render_engine': 'matplotlib', 'style_context': 'default', 'style_profile_id': 'grayscale_no_grid', 'theme': 'light', 'tick_density': 'sparse', 'width_px': 1125, 'x_axis': {'label': 'Ability (theta)', 'max': 4.0, 'min': -4.0}, 'y_axis': {'label': 'Expected raw score', 'max': 7.947272, 'min': 0.22062799999999994}}",matplotlib,light
"{'expected_score_at_theta_0': 0.9535, 'num_items': -1}",deterministic_reference_rubric_v1,"Parsed target JSON, compared fields to stored ground truth, and applied fixed rubric thresholds.",form_001_tcc__grayscale_no_grid__tcc_expected_score__blind__deterministic_judge,6,0.3333,True,form_001_tcc__grayscale_no_grid__tcc_expected_score__blind,"{'field_scores': {'expected_score_at_theta_0': 1, 'num_items': 0}, 'reasoning_score': 1}",form_001_tcc__grayscale_no_grid,local_blind_baseline,form_001_tcc__grayscale_no_grid__tcc_expected_score,2,tcc_expected_score,test_characteristic,MixedDichotomousForm,grayscale_no_grid,"{'color_palette': 'grayscale', 'gridlines': 'none', 'height_px': 750, 'image_format': 'png', 'image_path': 'data/benchmark/images/form_001_tcc__grayscale_no_grid.png', 'legend_position': 'bottom', 'line_width': 2.6, 'num_rendered_lines': 1, 'render_engine': 'matplotlib', 'style_context': 'default', 'style_profile_id': 'grayscale_no_grid', 'theme': 'light', 'tick_density': 'sparse', 'width_px': 1125, 'x_axis': {'label': 'Ability (theta)', 'max': 4.0, 'min': -4.0}, 'y_axis': {'label': 'Expected raw score', 'max': 7.947272, 'min': 0.22062799999999994}}",matplotlib,light
"{'irt_model': {'expected': 'MixedDichotomousForm', 'observed': 'MixedDichotomousForm'}}",deterministic_reference_rubric_v1,"Parsed target JSON, compared fields to stored ground truth, and applied fixed rubric thresholds.",form_001_tcc__dark_high_contrast__model_identification__oracle__deterministic_judge,3,1.0,True,form_001_tcc__dark_high_contrast__model_identification__oracle,"{'field_scores': {'irt_model': 1}, 'reasoning_score': 2}",form_001_tcc__dark_high_contrast,local_oracle_baseline,form_001_tcc__dark_high_contrast__model_identification,3,model_identification,test_characteristic,MixedDichotomousForm,dark_high_contrast,"{'color_palette': 'bright', 'gridlines': 'faint', 'height_px': 750, 'image_format': 'png', 'image_path': 'data/benchmark/images/form_001_tcc__dark_high_contrast.png', 'legend_position': 'best', 'line_width': 2.6, 'num_rendered_lines': 1, 'render_engine': 'matplotlib', 'style_context': 'dark_background', 'style_profile_id': 'dark_high_contrast', 'theme': 'dark', 'tick_density': 'standard', 'width_px': 1125, 'x_axis': {'label': 'Ability (theta)', 'max': 4.0, 'min': -4.0}, 'y_axis': {'label': 'Expected raw score', 'max': 7.947272, 'min': 0.22062799999999994}}",matplotlib,dark
"{'irt_model': {'expected': 'MixedDichotomousForm', 'observed': 'MixedDichotomousForm'}}",deterministic_reference_rubric_v1,"Parsed target JSON, compared fields to stored ground truth, and applied fixed rubric thresholds.",form_001_tcc__dark_high_contrast__model_identification__noisy__deterministic_judge,3,0.6667,True,form_001_tcc__dark_high_contrast__model_identification__noisy,"{'field_scores': {'irt_model': 1}, 'reasoning_score': 1}",form_001_tcc__dark_high_contrast,local_noisy_baseline,form_001_tcc__dark_high_contrast__model_identification,2,model_identification,test_characteristic,MixedDichotomousForm,dark_high_contrast,"{'color_palette': 'bright', 'gridlines': 'faint', 'height_px': 750, 'image_format': 'png', 'image_path': 'data/benchmark/images/form_001_tcc__dark_high_contrast.png', 'legend_position': 'best', 'line_width': 2.6, 'num_rendered_lines': 1, 'render_engine': 'matplotlib', 'style_context': 'dark_background', 'style_profile_id': 'dark_high_contrast', 'theme': 'dark', 'tick_density': 'standard', 'width_px': 1125, 'x_axis': {'label': 'Ability (theta)', 'max': 4.0, 'min': -4.0}, 'y_axis': {'label': 'Expected raw score', 'max': 7.947272, 'min': 0.22062799999999994}}",matplotlib,dark
"{'irt_model': {'expected': 'MixedDichotomousForm', 'observed': '2PL'}}",deterministic_reference_rubric_v1,"Parsed target JSON, compared fields to stored ground truth, and applied fixed rubric thresholds.",form_001_tcc__dark_high_contrast__model_identification__blind__deterministic_judge,3,0.3333,True,form_001_tcc__dark_high_contrast__model_identification__blind,"{'field_scores': {'irt_model': 0}, 'reasoning_score': 1}",form_001_tcc__dark_high_contrast,local_blind_baseline,form_001_tcc__dark_high_contrast__model_identification,1,model_identification,test_characteristic,MixedDichotomousForm,dark_high_contrast,"{'color_palette': 'bright', 'gridlines': 'faint', 'height_px': 750, 'image_format': 'png', 'image_path': 'data/benchmark/images/form_001_tcc__dark_high_contrast.png', 'legend_position': 'best', 'line_width': 2.6, 'num_rendered_lines': 1, 'render_engine': 'matplotlib', 'style_context': 'dark_background', 'style_profile_id': 'dark_high_contrast', 'theme': 'dark', 'tick_density': 'standard', 'width_px': 1125, 'x_axis': {'label': 'Ability (theta)', 'max': 4.0, 'min': -4.0}, 'y_axis': {'label': 'Expected raw score', 'max': 7.947272, 'min': 0.22062799999999994}}",matplotlib,dark
"{'expected_score_at_theta_0': 0.0, 'num_items': 0}",deterministic_reference_rubric_v1,"Parsed target JSON, compared fields to stored ground truth, and applied fixed rubric thresholds.",form_001_tcc__dark_high_contrast__tcc_expected_score__oracle__deterministic_judge,6,1.0,True,form_001_tcc__dark_high_contrast__tcc_expected_score__oracle,"{'field_scores': {'expected_score_at_theta_0': 3, 'num_items': 1}, 'reasoning_score': 2}",form_001_tcc__dark_high_contrast,local_oracle_baseline,form_001_tcc__dark_high_contrast__tcc_expected_score,6,tcc_expected_score,test_characteristic,MixedDichotomousForm,dark_high_contrast,"{'color_palette': 'bright', 'gridlines': 'faint', 'height_px': 750, 'image_format': 'png', 'image_path': 'data/benchmark/images/form_001_tcc__dark_high_contrast.png', 'legend_position': 'best', 'line_width': 2.6, 'num_rendered_lines': 1, 'render_engine': 'matplotlib', 'style_context': 'dark_background', 'style_profile_id': 'dark_high_contrast', 'theme': 'dark', 'tick_density': 'standard', 'width_px': 1125, 'x_axis': {'label': 'Ability (theta)', 'max': 4.0, 'min': -4.0}, 'y_axis': {'label': 'Expected raw score', 'max': 7.947272, 'min': 0.22062799999999994}}",matplotlib,dark
"{'expected_score_at_theta_0': 0.0876, 'num_items': 0}",deterministic_reference_rubric_v1,"Parsed target JSON, compared fields to stored ground truth, and applied fixed rubric thresholds.",form_001_tcc__dark_high_contrast__tcc_expected_score__noisy__deterministic_judge,6,0.8333,True,form_001_tcc__dark_high_contrast__tcc_expected_score__noisy,"{'field_scores': {'expected_score_at_theta_0': 3, 'num_items': 1}, 'reasoning_score': 1}",form_001_tcc__dark_high_contrast,local_noisy_baseline,form_001_tcc__dark_high_contrast__tcc_expected_score,5,tcc_expected_score,test_characteristic,MixedDichotomousForm,dark_high_contrast,"{'color_palette': 'bright', 'gridlines': 'faint', 'height_px': 750, 'image_format': 'png', 'image_path': 'data/benchmark/images/form_001_tcc__dark_high_contrast.png', 'legend_position': 'best', 'line_width': 2.6, 'num_rendered_lines': 1, 'render_engine': 'matplotlib', 'style_context': 'dark_background', 'style_profile_id': 'dark_high_contrast', 'theme': 'dark', 'tick_density': 'standard', 'width_px': 1125, 'x_axis': {'label': 'Ability (theta)', 'max': 4.0, 'min': -4.0}, 'y_axis': {'label': 'Expected raw score', 'max': 7.947272, 'min': 0.22062799999999994}}",matplotlib,dark
"{'expected_score_at_theta_0': 0.6051, 'num_items': -2}",deterministic_reference_rubric_v1,"Parsed target JSON, compared fields to stored ground truth, and applied fixed rubric thresholds.",form_001_tcc__dark_high_contrast__tcc_expected_score__blind__deterministic_judge,6,0.3333,True,form_001_tcc__dark_high_contrast__tcc_expected_score__blind,"{'field_scores': {'expected_score_at_theta_0': 1, 'num_items': 0}, 'reasoning_score': 1}",form_001_tcc__dark_high_contrast,local_blind_baseline,form_001_tcc__dark_high_contrast__tcc_expected_score,2,tcc_expected_score,test_characteristic,MixedDichotomousForm,dark_high_contrast,"{'color_palette': 'bright', 'gridlines': 'faint', 'height_px': 750, 'image_format': 'png', 'image_path': 'data/benchmark/images/form_001_tcc__dark_high_contrast.png', 'legend_position': 'best', 'line_width': 2.6, 'num_rendered_lines': 1, 'render_engine': 'matplotlib', 'style_context': 'dark_background', 'style_profile_id': 'dark_high_contrast', 'theme': 'dark', 'tick_density': 'standard', 'width_px': 1125, 'x_axis': {'label': 'Ability (theta)', 'max': 4.0, 'min': -4.0}, 'y_axis': {'label': 'Expected raw score', 'max': 7.947272, 'min': 0.22062799999999994}}",matplotlib,dark
"{'irt_model': {'expected': 'MixedDichotomousForm', 'observed': 'MixedDichotomousForm'}}",deterministic_reference_rubric_v1,"Parsed target JSON, compared fields to stored ground truth, and applied fixed rubric thresholds.",form_001_tcc__lattice_emulation__model_identification__oracle__deterministic_judge,3,1.0,True,form_001_tcc__lattice_emulation__model_identification__oracle,"{'field_scores': {'irt_model': 1}, 'reasoning_score': 2}",form_001_tcc__lattice_emulation,local_oracle_baseline,form_001_tcc__lattice_emulation__model_identification,3,model_identification,test_characteristic,MixedDichotomousForm,lattice_emulation,"{'color_palette': 'colorblind', 'gridlines': 'faint', 'height_px': 750, 'image_format': 'png', 'image_path': 'data/benchmark/images/form_001_tcc__lattice_emulation.png', 'legend_position': 'outside', 'line_width': 2.0, 'num_rendered_lines': 1, 'render_engine': 'matplotlib_lattice_emulation', 'style_context': 'classic', 'style_profile_id': 'lattice_emulation', 'theme': 'light', 'tick_density': 'standard', 'width_px': 1125, 'x_axis': {'label': 'Ability (theta)', 'max': 4.0, 'min': -4.0}, 'y_axis': {'label': 'Expected raw score', 'max': 7.947272, 'min': 0.22062799999999994}}",matplotlib_lattice_emulation,light
"{'irt_model': {'expected': 'MixedDichotomousForm', 'observed': 'MixedDichotomousForm'}}",deterministic_reference_rubric_v1,"Parsed target JSON, compared fields to stored ground truth, and applied fixed rubric thresholds.",form_001_tcc__lattice_emulation__model_identification__noisy__deterministic_judge,3,0.6667,True,form_001_tcc__lattice_emulation__model_identification__noisy,"{'field_scores': {'irt_model': 1}, 'reasoning_score': 1}",form_001_tcc__lattice_emulation,local_noisy_baseline,form_001_tcc__lattice_emulation__model_identification,2,model_identification,test_characteristic,MixedDichotomousForm,lattice_emulation,"{'color_palette': 'colorblind', 'gridlines': 'faint', 'height_px': 750, 'image_format': 'png', 'image_path': 'data/benchmark/images/form_001_tcc__lattice_emulation.png', 'legend_position': 'outside', 'line_width': 2.0, 'num_rendered_lines': 1, 'render_engine': 'matplotlib_lattice_emulation', 'style_context': 'classic', 'style_profile_id': 'lattice_emulation', 'theme': 'light', 'tick_density': 'standard', 'width_px': 1125, 'x_axis': {'label': 'Ability (theta)', 'max': 4.0, 'min': -4.0}, 'y_axis': {'label': 'Expected raw score', 'max': 7.947272, 'min': 0.22062799999999994}}",matplotlib_lattice_emulation,light
"{'irt_model': {'expected': 'MixedDichotomousForm', 'observed': '2PL'}}",deterministic_reference_rubric_v1,"Parsed target JSON, compared fields to stored ground truth, and applied fixed rubric thresholds.",form_001_tcc__lattice_emulation__model_identification__blind__deterministic_judge,3,0.3333,True,form_001_tcc__lattice_emulation__model_identification__blind,"{'field_scores': {'irt_model': 0}, 'reasoning_score': 1}",form_001_tcc__lattice_emulation,local_blind_baseline,form_001_tcc__lattice_emulation__model_identification,1,model_identification,test_characteristic,MixedDichotomousForm,lattice_emulation,"{'color_palette': 'colorblind', 'gridlines': 'faint', 'height_px': 750, 'image_format': 'png', 'image_path': 'data/benchmark/images/form_001_tcc__lattice_emulation.png', 'legend_position': 'outside', 'line_width': 2.0, 'num_rendered_lines': 1, 'render_engine': 'matplotlib_lattice_emulation', 'style_context': 'classic', 'style_profile_id': 'lattice_emulation', 'theme': 'light', 'tick_density': 'standard', 'width_px': 1125, 'x_axis': {'label': 'Ability (theta)', 'max': 4.0, 'min': -4.0}, 'y_axis': {'label': 'Expected raw score', 'max': 7.947272, 'min': 0.22062799999999994}}",matplotlib_lattice_emulation,light
"{'expected_score_at_theta_0': 0.0, 'num_items': 0}",deterministic_reference_rubric_v1,"Parsed target JSON, compared fields to stored ground truth, and applied fixed rubric thresholds.",form_001_tcc__lattice_emulation__tcc_expected_score__oracle__deterministic_judge,6,1.0,True,form_001_tcc__lattice_emulation__tcc_expected_score__oracle,"{'field_scores': {'expected_score_at_theta_0': 3, 'num_items': 1}, 'reasoning_score': 2}",form_001_tcc__lattice_emulation,local_oracle_baseline,form_001_tcc__lattice_emulation__tcc_expected_score,6,tcc_expected_score,test_characteristic,MixedDichotomousForm,lattice_emulation,"{'color_palette': 'colorblind', 'gridlines': 'faint', 'height_px': 750, 'image_format': 'png', 'image_path': 'data/benchmark/images/form_001_tcc__lattice_emulation.png', 'legend_position': 'outside', 'line_width': 2.0, 'num_rendered_lines': 1, 'render_engine': 'matplotlib_lattice_emulation', 'style_context': 'classic', 'style_profile_id': 'lattice_emulation', 'theme': 'light', 'tick_density': 'standard', 'width_px': 1125, 'x_axis': {'label': 'Ability (theta)', 'max': 4.0, 'min': -4.0}, 'y_axis': {'label': 'Expected raw score', 'max': 7.947272, 'min': 0.22062799999999994}}",matplotlib_lattice_emulation,light
"{'expected_score_at_theta_0': 0.1828, 'num_items': 0}",deterministic_reference_rubric_v1,"Parsed target JSON, compared fields to stored ground truth, and applied fixed rubric thresholds.",form_001_tcc__lattice_emulation__tcc_expected_score__noisy__deterministic_judge,6,0.8333,True,form_001_tcc__lattice_emulation__tcc_expected_score__noisy,"{'field_scores': {'expected_score_at_theta_0': 3, 'num_items': 1}, 'reasoning_score': 1}",form_001_tcc__lattice_emulation,local_noisy_baseline,form_001_tcc__lattice_emulation__tcc_expected_score,5,tcc_expected_score,test_characteristic,MixedDichotomousForm,lattice_emulation,"{'color_palette': 'colorblind', 'gridlines': 'faint', 'height_px': 750, 'image_format': 'png', 'image_path': 'data/benchmark/images/form_001_tcc__lattice_emulation.png', 'legend_position': 'outside', 'line_width': 2.0, 'num_rendered_lines': 1, 'render_engine': 'matplotlib_lattice_emulation', 'style_context': 'classic', 'style_profile_id': 'lattice_emulation', 'theme': 'light', 'tick_density': 'standard', 'width_px': 1125, 'x_axis': {'label': 'Ability (theta)', 'max': 4.0, 'min': -4.0}, 'y_axis': {'label': 'Expected raw score', 'max': 7.947272, 'min': 0.22062799999999994}}",matplotlib_lattice_emulation,light
"{'expected_score_at_theta_0': 0.2389, 'num_items': -2}",deterministic_reference_rubric_v1,"Parsed target JSON, compared fields to stored ground truth, and applied fixed rubric thresholds.",form_001_tcc__lattice_emulation__tcc_expected_score__blind__deterministic_judge,6,0.6667,True,form_001_tcc__lattice_emulation__tcc_expected_score__blind,"{'field_scores': {'expected_score_at_theta_0': 3, 'num_items': 0}, 'reasoning_score': 1}",form_001_tcc__lattice_emulation,local_blind_baseline,form_001_tcc__lattice_emulation__tcc_expected_score,4,tcc_expected_score,test_characteristic,MixedDichotomousForm,lattice_emulation,"{'color_palette': 'colorblind', 'gridlines': 'faint', 'height_px': 750, 'image_format': 'png', 'image_path': 'data/benchmark/images/form_001_tcc__lattice_emulation.png', 'legend_position': 'outside', 'line_width': 2.0, 'num_rendered_lines': 1, 'render_engine': 'matplotlib_lattice_emulation', 'style_context': 'classic', 'style_profile_id': 'lattice_emulation', 'theme': 'light', 'tick_density': 'standard', 'width_px': 1125, 'x_axis': {'label': 'Ability (theta)', 'max': 4.0, 'min': -4.0}, 'y_axis': {'label': 'Expected raw score', 'max': 7.947272, 'min': 0.22062799999999994}}",matplotlib_lattice_emulation,light
"{'irt_model': {'expected': 'MixedDichotomousForm', 'observed': 'MixedDichotomousForm'}}",deterministic_reference_rubric_v1,"Parsed target JSON, compared fields to stored ground truth, and applied fixed rubric thresholds.",form_001_tif__matplotlib_light__model_identification__oracle__deterministic_judge,3,1.0,True,form_001_tif__matplotlib_light__model_identification__oracle,"{'field_scores': {'irt_model': 1}, 'reasoning_score': 2}",form_001_tif__matplotlib_light,local_oracle_baseline,form_001_tif__matplotlib_light__model_identification,3,model_identification,test_information,MixedDichotomousForm,matplotlib_light,"{'color_palette': 'tab10', 'gridlines': 'standard', 'height_px': 750, 'image_format': 'png', 'image_path': 'data/benchmark/images/form_001_tif__matplotlib_light.png', 'legend_position': 'best', 'line_width': 2.4, 'num_rendered_lines': 1, 'render_engine': 'matplotlib', 'style_context': 'default', 'style_profile_id': 'matplotlib_light', 'theme': 'light', 'tick_density': 'standard', 'width_px': 1125, 'x_axis': {'label': 'Ability (theta)', 'max': 4.0, 'min': -4.0}, 'y_axis': {'label': 'Information', 'max': 4.170164, 'min': 0.0}}",matplotlib,light
"{'irt_model': {'expected': 'MixedDichotomousForm', 'observed': 'MixedDichotomousForm'}}",deterministic_reference_rubric_v1,"Parsed target JSON, compared fields to stored ground truth, and applied fixed rubric thresholds.",form_001_tif__matplotlib_light__model_identification__noisy__deterministic_judge,3,0.6667,True,form_001_tif__matplotlib_light__model_identification__noisy,"{'field_scores': {'irt_model': 1}, 'reasoning_score': 1}",form_001_tif__matplotlib_light,local_noisy_baseline,form_001_tif__matplotlib_light__model_identification,2,model_identification,test_information,MixedDichotomousForm,matplotlib_light,"{'color_palette': 'tab10', 'gridlines': 'standard', 'height_px': 750, 'image_format': 'png', 'image_path': 'data/benchmark/images/form_001_tif__matplotlib_light.png', 'legend_position': 'best', 'line_width': 2.4, 'num_rendered_lines': 1, 'render_engine': 'matplotlib', 'style_context': 'default', 'style_profile_id': 'matplotlib_light', 'theme': 'light', 'tick_density': 'standard', 'width_px': 1125, 'x_axis': {'label': 'Ability (theta)', 'max': 4.0, 'min': -4.0}, 'y_axis': {'label': 'Information', 'max': 4.170164, 'min': 0.0}}",matplotlib,light
"{'irt_model': {'expected': 'MixedDichotomousForm', 'observed': '2PL'}}",deterministic_reference_rubric_v1,"Parsed target JSON, compared fields to stored ground truth, and applied fixed rubric thresholds.",form_001_tif__matplotlib_light__model_identification__blind__deterministic_judge,3,0.3333,True,form_001_tif__matplotlib_light__model_identification__blind,"{'field_scores': {'irt_model': 0}, 'reasoning_score': 1}",form_001_tif__matplotlib_light,local_blind_baseline,form_001_tif__matplotlib_light__model_identification,1,model_identification,test_information,MixedDichotomousForm,matplotlib_light,"{'color_palette': 'tab10', 'gridlines': 'standard', 'height_px': 750, 'image_format': 'png', 'image_path': 'data/benchmark/images/form_001_tif__matplotlib_light.png', 'legend_position': 'best', 'line_width': 2.4, 'num_rendered_lines': 1, 'render_engine': 'matplotlib', 'style_context': 'default', 'style_profile_id': 'matplotlib_light', 'theme': 'light', 'tick_density': 'standard', 'width_px': 1125, 'x_axis': {'label': 'Ability (theta)', 'max': 4.0, 'min': -4.0}, 'y_axis': {'label': 'Information', 'max': 4.170164, 'min': 0.0}}",matplotlib,light
"{'peak_information': 0.0, 'peak_theta': 0.0}",deterministic_reference_rubric_v1,"Parsed target JSON, compared fields to stored ground truth, and applied fixed rubric thresholds.",form_001_tif__matplotlib_light__information_peak__oracle__deterministic_judge,8,1.0,True,form_001_tif__matplotlib_light__information_peak__oracle,"{'field_scores': {'peak_information': 3, 'peak_theta': 3}, 'reasoning_score': 2}",form_001_tif__matplotlib_light,local_oracle_baseline,form_001_tif__matplotlib_light__information_peak,8,information_peak,test_information,MixedDichotomousForm,matplotlib_light,"{'color_palette': 'tab10', 'gridlines': 'standard', 'height_px': 750, 'image_format': 'png', 'image_path': 'data/benchmark/images/form_001_tif__matplotlib_light.png', 'legend_position': 'best', 'line_width': 2.4, 'num_rendered_lines': 1, 'render_engine': 'matplotlib', 'style_context': 'default', 'style_profile_id': 'matplotlib_light', 'theme': 'light', 'tick_density': 'standard', 'width_px': 1125, 'x_axis': {'label': 'Ability (theta)', 'max': 4.0, 'min': -4.0}, 'y_axis': {'label': 'Information', 'max': 4.170164, 'min': 0.0}}",matplotlib,light
"{'peak_information': 0.2182, 'peak_theta': 0.0107}",deterministic_reference_rubric_v1,"Parsed target JSON, compared fields to stored ground truth, and applied fixed rubric thresholds.",form_001_tif__matplotlib_light__information_peak__noisy__deterministic_judge,8,0.875,True,form_001_tif__matplotlib_light__information_peak__noisy,"{'field_scores': {'peak_information': 3, 'peak_theta': 3}, 'reasoning_score': 1}",form_001_tif__matplotlib_light,local_noisy_baseline,form_001_tif__matplotlib_light__information_peak,7,information_peak,test_information,MixedDichotomousForm,matplotlib_light,"{'color_palette': 'tab10', 'gridlines': 'standard', 'height_px': 750, 'image_format': 'png', 'image_path': 'data/benchmark/images/form_001_tif__matplotlib_light.png', 'legend_position': 'best', 'line_width': 2.4, 'num_rendered_lines': 1, 'render_engine': 'matplotlib', 'style_context': 'default', 'style_profile_id': 'matplotlib_light', 'theme': 'light', 'tick_density': 'standard', 'width_px': 1125, 'x_axis': {'label': 'Ability (theta)', 'max': 4.0, 'min': -4.0}, 'y_axis': {'label': 'Information', 'max': 4.170164, 'min': 0.0}}",matplotlib,light
"{'peak_information': 1.1536, 'peak_theta': 0.3573}",deterministic_reference_rubric_v1,"Parsed target JSON, compared fields to stored ground truth, and applied fixed rubric thresholds.",form_001_tif__matplotlib_light__information_peak__blind__deterministic_judge,8,0.5,True,form_001_tif__matplotlib_light__information_peak__blind,"{'field_scores': {'peak_information': 1, 'peak_theta': 2}, 'reasoning_score': 1}",form_001_tif__matplotlib_light,local_blind_baseline,form_001_tif__matplotlib_light__information_peak,4,information_peak,test_information,MixedDichotomousForm,matplotlib_light,"{'color_palette': 'tab10', 'gridlines': 'standard', 'height_px': 750, 'image_format': 'png', 'image_path': 'data/benchmark/images/form_001_tif__matplotlib_light.png', 'legend_position': 'best', 'line_width': 2.4, 'num_rendered_lines': 1, 'render_engine': 'matplotlib', 'style_context': 'default', 'style_profile_id': 'matplotlib_light', 'theme': 'light', 'tick_density': 'standard', 'width_px': 1125, 'x_axis': {'label': 'Ability (theta)', 'max': 4.0, 'min': -4.0}, 'y_axis': {'label': 'Information', 'max': 4.170164, 'min': 0.0}}",matplotlib,light
"{'irt_model': {'expected': 'MixedDichotomousForm', 'observed': 'MixedDichotomousForm'}}",deterministic_reference_rubric_v1,"Parsed target JSON, compared fields to stored ground truth, and applied fixed rubric thresholds.",form_001_tif__seaborn_whitegrid__model_identification__oracle__deterministic_judge,3,1.0,True,form_001_tif__seaborn_whitegrid__model_identification__oracle,"{'field_scores': {'irt_model': 1}, 'reasoning_score': 2}",form_001_tif__seaborn_whitegrid,local_oracle_baseline,form_001_tif__seaborn_whitegrid__model_identification,3,model_identification,test_information,MixedDichotomousForm,seaborn_whitegrid,"{'color_palette': 'deep', 'gridlines': 'standard', 'height_px': 750, 'image_format': 'png', 'image_path': 'data/benchmark/images/form_001_tif__seaborn_whitegrid.png', 'legend_position': 'right', 'line_width': 2.4, 'num_rendered_lines': 1, 'render_engine': 'seaborn', 'style_context': 'whitegrid', 'style_profile_id': 'seaborn_whitegrid', 'theme': 'light', 'tick_density': 'standard', 'width_px': 1125, 'x_axis': {'label': 'Ability (theta)', 'max': 4.0, 'min': -4.0}, 'y_axis': {'label': 'Information', 'max': 4.170164, 'min': 0.0}}",seaborn,light
"{'irt_model': {'expected': 'MixedDichotomousForm', 'observed': 'MixedDichotomousForm'}}",deterministic_reference_rubric_v1,"Parsed target JSON, compared fields to stored ground truth, and applied fixed rubric thresholds.",form_001_tif__seaborn_whitegrid__model_identification__noisy__deterministic_judge,3,0.6667,True,form_001_tif__seaborn_whitegrid__model_identification__noisy,"{'field_scores': {'irt_model': 1}, 'reasoning_score': 1}",form_001_tif__seaborn_whitegrid,local_noisy_baseline,form_001_tif__seaborn_whitegrid__model_identification,2,model_identification,test_information,MixedDichotomousForm,seaborn_whitegrid,"{'color_palette': 'deep', 'gridlines': 'standard', 'height_px': 750, 'image_format': 'png', 'image_path': 'data/benchmark/images/form_001_tif__seaborn_whitegrid.png', 'legend_position': 'right', 'line_width': 2.4, 'num_rendered_lines': 1, 'render_engine': 'seaborn', 'style_context': 'whitegrid', 'style_profile_id': 'seaborn_whitegrid', 'theme': 'light', 'tick_density': 'standard', 'width_px': 1125, 'x_axis': {'label': 'Ability (theta)', 'max': 4.0, 'min': -4.0}, 'y_axis': {'label': 'Information', 'max': 4.170164, 'min': 0.0}}",seaborn,light
"{'irt_model': {'expected': 'MixedDichotomousForm', 'observed': '2PL'}}",deterministic_reference_rubric_v1,"Parsed target JSON, compared fields to stored ground truth, and applied fixed rubric thresholds.",form_001_tif__seaborn_whitegrid__model_identification__blind__deterministic_judge,3,0.3333,True,form_001_tif__seaborn_whitegrid__model_identification__blind,"{'field_scores': {'irt_model': 0}, 'reasoning_score': 1}",form_001_tif__seaborn_whitegrid,local_blind_baseline,form_001_tif__seaborn_whitegrid__model_identification,1,model_identification,test_information,MixedDichotomousForm,seaborn_whitegrid,"{'color_palette': 'deep', 'gridlines': 'standard', 'height_px': 750, 'image_format': 'png', 'image_path': 'data/benchmark/images/form_001_tif__seaborn_whitegrid.png', 'legend_position': 'right', 'line_width': 2.4, 'num_rendered_lines': 1, 'render_engine': 'seaborn', 'style_context': 'whitegrid', 'style_profile_id': 'seaborn_whitegrid', 'theme': 'light', 'tick_density': 'standard', 'width_px': 1125, 'x_axis': {'label': 'Ability (theta)', 'max': 4.0, 'min': -4.0}, 'y_axis': {'label': 'Information', 'max': 4.170164, 'min': 0.0}}",seaborn,light
"{'peak_information': 0.0, 'peak_theta': 0.0}",deterministic_reference_rubric_v1,"Parsed target JSON, compared fields to stored ground truth, and applied fixed rubric thresholds.",form_001_tif__seaborn_whitegrid__information_peak__oracle__deterministic_judge,8,1.0,True,form_001_tif__seaborn_whitegrid__information_peak__oracle,"{'field_scores': {'peak_information': 3, 'peak_theta': 3}, 'reasoning_score': 2}",form_001_tif__seaborn_whitegrid,local_oracle_baseline,form_001_tif__seaborn_whitegrid__information_peak,8,information_peak,test_information,MixedDichotomousForm,seaborn_whitegrid,"{'color_palette': 'deep', 'gridlines': 'standard', 'height_px': 750, 'image_format': 'png', 'image_path': 'data/benchmark/images/form_001_tif__seaborn_whitegrid.png', 'legend_position': 'right', 'line_width': 2.4, 'num_rendered_lines': 1, 'render_engine': 'seaborn', 'style_context': 'whitegrid', 'style_profile_id': 'seaborn_whitegrid', 'theme': 'light', 'tick_density': 'standard', 'width_px': 1125, 'x_axis': {'label': 'Ability (theta)', 'max': 4.0, 'min': -4.0}, 'y_axis': {'label': 'Information', 'max': 4.170164, 'min': 0.0}}",seaborn,light
"{'peak_information': 0.2826, 'peak_theta': 0.1789}",deterministic_reference_rubric_v1,"Parsed target JSON, compared fields to stored ground truth, and applied fixed rubric thresholds.",form_001_tif__seaborn_whitegrid__information_peak__noisy__deterministic_judge,8,0.875,True,form_001_tif__seaborn_whitegrid__information_peak__noisy,"{'field_scores': {'peak_information': 3, 'peak_theta': 3}, 'reasoning_score': 1}",form_001_tif__seaborn_whitegrid,local_noisy_baseline,form_001_tif__seaborn_whitegrid__information_peak,7,information_peak,test_information,MixedDichotomousForm,seaborn_whitegrid,"{'color_palette': 'deep', 'gridlines': 'standard', 'height_px': 750, 'image_format': 'png', 'image_path': 'data/benchmark/images/form_001_tif__seaborn_whitegrid.png', 'legend_position': 'right', 'line_width': 2.4, 'num_rendered_lines': 1, 'render_engine': 'seaborn', 'style_context': 'whitegrid', 'style_profile_id': 'seaborn_whitegrid', 'theme': 'light', 'tick_density': 'standard', 'width_px': 1125, 'x_axis': {'label': 'Ability (theta)', 'max': 4.0, 'min': -4.0}, 'y_axis': {'label': 'Information', 'max': 4.170164, 'min': 0.0}}",seaborn,light
"{'peak_information': 1.5555, 'peak_theta': 0.2745}",deterministic_reference_rubric_v1,"Parsed target JSON, compared fields to stored ground truth, and applied fixed rubric thresholds.",form_001_tif__seaborn_whitegrid__information_peak__blind__deterministic_judge,8,0.375,True,form_001_tif__seaborn_whitegrid__information_peak__blind,"{'field_scores': {'peak_information': 0, 'peak_theta': 2}, 'reasoning_score': 1}",form_001_tif__seaborn_whitegrid,local_blind_baseline,form_001_tif__seaborn_whitegrid__information_peak,3,information_peak,test_information,MixedDichotomousForm,seaborn_whitegrid,"{'color_palette': 'deep', 'gridlines': 'standard', 'height_px': 750, 'image_format': 'png', 'image_path': 'data/benchmark/images/form_001_tif__seaborn_whitegrid.png', 'legend_position': 'right', 'line_width': 2.4, 'num_rendered_lines': 1, 'render_engine': 'seaborn', 'style_context': 'whitegrid', 'style_profile_id': 'seaborn_whitegrid', 'theme': 'light', 'tick_density': 'standard', 'width_px': 1125, 'x_axis': {'label': 'Ability (theta)', 'max': 4.0, 'min': -4.0}, 'y_axis': {'label': 'Information', 'max': 4.170164, 'min': 0.0}}",seaborn,light
"{'irt_model': {'expected': 'MixedDichotomousForm', 'observed': 'MixedDichotomousForm'}}",deterministic_reference_rubric_v1,"Parsed target JSON, compared fields to stored ground truth, and applied fixed rubric thresholds.",form_001_tif__ggplot_gray__model_identification__oracle__deterministic_judge,3,1.0,True,form_001_tif__ggplot_gray__model_identification__oracle,"{'field_scores': {'irt_model': 1}, 'reasoning_score': 2}",form_001_tif__ggplot_gray,local_oracle_baseline,form_001_tif__ggplot_gray__model_identification,3,model_identification,test_information,MixedDichotomousForm,ggplot_gray,"{'color_palette': 'muted', 'gridlines': 'heavy', 'height_px': 750, 'image_format': 'png', 'image_path': 'data/benchmark/images/form_001_tif__ggplot_gray.png', 'legend_position': 'best', 'line_width': 2.2, 'num_rendered_lines': 1, 'render_engine': 'matplotlib_ggplot_style', 'style_context': 'ggplot', 'style_profile_id': 'ggplot_gray', 'theme': 'light', 'tick_density': 'dense', 'width_px': 1125, 'x_axis': {'label': 'Ability (theta)', 'max': 4.0, 'min': -4.0}, 'y_axis': {'label': 'Information', 'max': 4.170164, 'min': 0.0}}",matplotlib_ggplot_style,light
"{'irt_model': {'expected': 'MixedDichotomousForm', 'observed': 'MixedDichotomousForm'}}",deterministic_reference_rubric_v1,"Parsed target JSON, compared fields to stored ground truth, and applied fixed rubric thresholds.",form_001_tif__ggplot_gray__model_identification__noisy__deterministic_judge,3,0.6667,True,form_001_tif__ggplot_gray__model_identification__noisy,"{'field_scores': {'irt_model': 1}, 'reasoning_score': 1}",form_001_tif__ggplot_gray,local_noisy_baseline,form_001_tif__ggplot_gray__model_identification,2,model_identification,test_information,MixedDichotomousForm,ggplot_gray,"{'color_palette': 'muted', 'gridlines': 'heavy', 'height_px': 750, 'image_format': 'png', 'image_path': 'data/benchmark/images/form_001_tif__ggplot_gray.png', 'legend_position': 'best', 'line_width': 2.2, 'num_rendered_lines': 1, 'render_engine': 'matplotlib_ggplot_style', 'style_context': 'ggplot', 'style_profile_id': 'ggplot_gray', 'theme': 'light', 'tick_density': 'dense', 'width_px': 1125, 'x_axis': {'label': 'Ability (theta)', 'max': 4.0, 'min': -4.0}, 'y_axis': {'label': 'Information', 'max': 4.170164, 'min': 0.0}}",matplotlib_ggplot_style,light
"{'irt_model': {'expected': 'MixedDichotomousForm', 'observed': '2PL'}}",deterministic_reference_rubric_v1,"Parsed target JSON, compared fields to stored ground truth, and applied fixed rubric thresholds.",form_001_tif__ggplot_gray__model_identification__blind__deterministic_judge,3,0.3333,True,form_001_tif__ggplot_gray__model_identification__blind,"{'field_scores': {'irt_model': 0}, 'reasoning_score': 1}",form_001_tif__ggplot_gray,local_blind_baseline,form_001_tif__ggplot_gray__model_identification,1,model_identification,test_information,MixedDichotomousForm,ggplot_gray,"{'color_palette': 'muted', 'gridlines': 'heavy', 'height_px': 750, 'image_format': 'png', 'image_path': 'data/benchmark/images/form_001_tif__ggplot_gray.png', 'legend_position': 'best', 'line_width': 2.2, 'num_rendered_lines': 1, 'render_engine': 'matplotlib_ggplot_style', 'style_context': 'ggplot', 'style_profile_id': 'ggplot_gray', 'theme': 'light', 'tick_density': 'dense', 'width_px': 1125, 'x_axis': {'label': 'Ability (theta)', 'max': 4.0, 'min': -4.0}, 'y_axis': {'label': 'Information', 'max': 4.170164, 'min': 0.0}}",matplotlib_ggplot_style,light
"{'peak_information': 0.0, 'peak_theta': 0.0}",deterministic_reference_rubric_v1,"Parsed target JSON, compared fields to stored ground truth, and applied fixed rubric thresholds.",form_001_tif__ggplot_gray__information_peak__oracle__deterministic_judge,8,1.0,True,form_001_tif__ggplot_gray__information_peak__oracle,"{'field_scores': {'peak_information': 3, 'peak_theta': 3}, 'reasoning_score': 2}",form_001_tif__ggplot_gray,local_oracle_baseline,form_001_tif__ggplot_gray__information_peak,8,information_peak,test_information,MixedDichotomousForm,ggplot_gray,"{'color_palette': 'muted', 'gridlines': 'heavy', 'height_px': 750, 'image_format': 'png', 'image_path': 'data/benchmark/images/form_001_tif__ggplot_gray.png', 'legend_position': 'best', 'line_width': 2.2, 'num_rendered_lines': 1, 'render_engine': 'matplotlib_ggplot_style', 'style_context': 'ggplot', 'style_profile_id': 'ggplot_gray', 'theme': 'light', 'tick_density': 'dense', 'width_px': 1125, 'x_axis': {'label': 'Ability (theta)', 'max': 4.0, 'min': -4.0}, 'y_axis': {'label': 'Information', 'max': 4.170164, 'min': 0.0}}",matplotlib_ggplot_style,light
"{'peak_information': 0.8506, 'peak_theta': 0.2399}",deterministic_reference_rubric_v1,"Parsed target JSON, compared fields to stored ground truth, and applied fixed rubric thresholds.",form_001_tif__ggplot_gray__information_peak__noisy__deterministic_judge,8,0.5,True,form_001_tif__ggplot_gray__information_peak__noisy,"{'field_scores': {'peak_information': 1, 'peak_theta': 2}, 'reasoning_score': 1}",form_001_tif__ggplot_gray,local_noisy_baseline,form_001_tif__ggplot_gray__information_peak,4,information_peak,test_information,MixedDichotomousForm,ggplot_gray,"{'color_palette': 'muted', 'gridlines': 'heavy', 'height_px': 750, 'image_format': 'png', 'image_path': 'data/benchmark/images/form_001_tif__ggplot_gray.png', 'legend_position': 'best', 'line_width': 2.2, 'num_rendered_lines': 1, 'render_engine': 'matplotlib_ggplot_style', 'style_context': 'ggplot', 'style_profile_id': 'ggplot_gray', 'theme': 'light', 'tick_density': 'dense', 'width_px': 1125, 'x_axis': {'label': 'Ability (theta)', 'max': 4.0, 'min': -4.0}, 'y_axis': {'label': 'Information', 'max': 4.170164, 'min': 0.0}}",matplotlib_ggplot_style,light
"{'peak_information': 1.4565, 'peak_theta': 0.3636}",deterministic_reference_rubric_v1,"Parsed target JSON, compared fields to stored ground truth, and applied fixed rubric thresholds.",form_001_tif__ggplot_gray__information_peak__blind__deterministic_judge,8,0.5,True,form_001_tif__ggplot_gray__information_peak__blind,"{'field_scores': {'peak_information': 1, 'peak_theta': 2}, 'reasoning_score': 1}",form_001_tif__ggplot_gray,local_blind_baseline,form_001_tif__ggplot_gray__information_peak,4,information_peak,test_information,MixedDichotomousForm,ggplot_gray,"{'color_palette': 'muted', 'gridlines': 'heavy', 'height_px': 750, 'image_format': 'png', 'image_path': 'data/benchmark/images/form_001_tif__ggplot_gray.png', 'legend_position': 'best', 'line_width': 2.2, 'num_rendered_lines': 1, 'render_engine': 'matplotlib_ggplot_style', 'style_context': 'ggplot', 'style_profile_id': 'ggplot_gray', 'theme': 'light', 'tick_density': 'dense', 'width_px': 1125, 'x_axis': {'label': 'Ability (theta)', 'max': 4.0, 'min': -4.0}, 'y_axis': {'label': 'Information', 'max': 4.170164, 'min': 0.0}}",matplotlib_ggplot_style,light
"{'irt_model': {'expected': 'MixedDichotomousForm', 'observed': 'MixedDichotomousForm'}}",deterministic_reference_rubric_v1,"Parsed target JSON, compared fields to stored ground truth, and applied fixed rubric thresholds.",form_001_tif__grayscale_no_grid__model_identification__oracle__deterministic_judge,3,1.0,True,form_001_tif__grayscale_no_grid__model_identification__oracle,"{'field_scores': {'irt_model': 1}, 'reasoning_score': 2}",form_001_tif__grayscale_no_grid,local_oracle_baseline,form_001_tif__grayscale_no_grid__model_identification,3,model_identification,test_information,MixedDichotomousForm,grayscale_no_grid,"{'color_palette': 'grayscale', 'gridlines': 'none', 'height_px': 750, 'image_format': 'png', 'image_path': 'data/benchmark/images/form_001_tif__grayscale_no_grid.png', 'legend_position': 'bottom', 'line_width': 2.6, 'num_rendered_lines': 1, 'render_engine': 'matplotlib', 'style_context': 'default', 'style_profile_id': 'grayscale_no_grid', 'theme': 'light', 'tick_density': 'sparse', 'width_px': 1125, 'x_axis': {'label': 'Ability (theta)', 'max': 4.0, 'min': -4.0}, 'y_axis': {'label': 'Information', 'max': 4.170164, 'min': 0.0}}",matplotlib,light
"{'irt_model': {'expected': 'MixedDichotomousForm', 'observed': 'MixedDichotomousForm'}}",deterministic_reference_rubric_v1,"Parsed target JSON, compared fields to stored ground truth, and applied fixed rubric thresholds.",form_001_tif__grayscale_no_grid__model_identification__noisy__deterministic_judge,3,0.6667,True,form_001_tif__grayscale_no_grid__model_identification__noisy,"{'field_scores': {'irt_model': 1}, 'reasoning_score': 1}",form_001_tif__grayscale_no_grid,local_noisy_baseline,form_001_tif__grayscale_no_grid__model_identification,2,model_identification,test_information,MixedDichotomousForm,grayscale_no_grid,"{'color_palette': 'grayscale', 'gridlines': 'none', 'height_px': 750, 'image_format': 'png', 'image_path': 'data/benchmark/images/form_001_tif__grayscale_no_grid.png', 'legend_position': 'bottom', 'line_width': 2.6, 'num_rendered_lines': 1, 'render_engine': 'matplotlib', 'style_context': 'default', 'style_profile_id': 'grayscale_no_grid', 'theme': 'light', 'tick_density': 'sparse', 'width_px': 1125, 'x_axis': {'label': 'Ability (theta)', 'max': 4.0, 'min': -4.0}, 'y_axis': {'label': 'Information', 'max': 4.170164, 'min': 0.0}}",matplotlib,light
"{'irt_model': {'expected': 'MixedDichotomousForm', 'observed': '2PL'}}",deterministic_reference_rubric_v1,"Parsed target JSON, compared fields to stored ground truth, and applied fixed rubric thresholds.",form_001_tif__grayscale_no_grid__model_identification__blind__deterministic_judge,3,0.3333,True,form_001_tif__grayscale_no_grid__model_identification__blind,"{'field_scores': {'irt_model': 0}, 'reasoning_score': 1}",form_001_tif__grayscale_no_grid,local_blind_baseline,form_001_tif__grayscale_no_grid__model_identification,1,model_identification,test_information,MixedDichotomousForm,grayscale_no_grid,"{'color_palette': 'grayscale', 'gridlines': 'none', 'height_px': 750, 'image_format': 'png', 'image_path': 'data/benchmark/images/form_001_tif__grayscale_no_grid.png', 'legend_position': 'bottom', 'line_width': 2.6, 'num_rendered_lines': 1, 'render_engine': 'matplotlib', 'style_context': 'default', 'style_profile_id': 'grayscale_no_grid', 'theme': 'light', 'tick_density': 'sparse', 'width_px': 1125, 'x_axis': {'label': 'Ability (theta)', 'max': 4.0, 'min': -4.0}, 'y_axis': {'label': 'Information', 'max': 4.170164, 'min': 0.0}}",matplotlib,light
"{'peak_information': 0.0, 'peak_theta': 0.0}",deterministic_reference_rubric_v1,"Parsed target JSON, compared fields to stored ground truth, and applied fixed rubric thresholds.",form_001_tif__grayscale_no_grid__information_peak__oracle__deterministic_judge,8,1.0,True,form_001_tif__grayscale_no_grid__information_peak__oracle,"{'field_scores': {'peak_information': 3, 'peak_theta': 3}, 'reasoning_score': 2}",form_001_tif__grayscale_no_grid,local_oracle_baseline,form_001_tif__grayscale_no_grid__information_peak,8,information_peak,test_information,MixedDichotomousForm,grayscale_no_grid,"{'color_palette': 'grayscale', 'gridlines': 'none', 'height_px': 750, 'image_format': 'png', 'image_path': 'data/benchmark/images/form_001_tif__grayscale_no_grid.png', 'legend_position': 'bottom', 'line_width': 2.6, 'num_rendered_lines': 1, 'render_engine': 'matplotlib', 'style_context': 'default', 'style_profile_id': 'grayscale_no_grid', 'theme': 'light', 'tick_density': 'sparse', 'width_px': 1125, 'x_axis': {'label': 'Ability (theta)', 'max': 4.0, 'min': -4.0}, 'y_axis': {'label': 'Information', 'max': 4.170164, 'min': 0.0}}",matplotlib,light
"{'peak_information': 0.5045, 'peak_theta': 0.1711}",deterministic_reference_rubric_v1,"Parsed target JSON, compared fields to stored ground truth, and applied fixed rubric thresholds.",form_001_tif__grayscale_no_grid__information_peak__noisy__deterministic_judge,8,0.75,True,form_001_tif__grayscale_no_grid__information_peak__noisy,"{'field_scores': {'peak_information': 2, 'peak_theta': 3}, 'reasoning_score': 1}",form_001_tif__grayscale_no_grid,local_noisy_baseline,form_001_tif__grayscale_no_grid__information_peak,6,information_peak,test_information,MixedDichotomousForm,grayscale_no_grid,"{'color_palette': 'grayscale', 'gridlines': 'none', 'height_px': 750, 'image_format': 'png', 'image_path': 'data/benchmark/images/form_001_tif__grayscale_no_grid.png', 'legend_position': 'bottom', 'line_width': 2.6, 'num_rendered_lines': 1, 'render_engine': 'matplotlib', 'style_context': 'default', 'style_profile_id': 'grayscale_no_grid', 'theme': 'light', 'tick_density': 'sparse', 'width_px': 1125, 'x_axis': {'label': 'Ability (theta)', 'max': 4.0, 'min': -4.0}, 'y_axis': {'label': 'Information', 'max': 4.170164, 'min': 0.0}}",matplotlib,light
"{'peak_information': 4.1045, 'peak_theta': 0.2799}",deterministic_reference_rubric_v1,"Parsed target JSON, compared fields to stored ground truth, and applied fixed rubric thresholds.",form_001_tif__grayscale_no_grid__information_peak__blind__deterministic_judge,8,0.375,True,form_001_tif__grayscale_no_grid__information_peak__blind,"{'field_scores': {'peak_information': 0, 'peak_theta': 2}, 'reasoning_score': 1}",form_001_tif__grayscale_no_grid,local_blind_baseline,form_001_tif__grayscale_no_grid__information_peak,3,information_peak,test_information,MixedDichotomousForm,grayscale_no_grid,"{'color_palette': 'grayscale', 'gridlines': 'none', 'height_px': 750, 'image_format': 'png', 'image_path': 'data/benchmark/images/form_001_tif__grayscale_no_grid.png', 'legend_position': 'bottom', 'line_width': 2.6, 'num_rendered_lines': 1, 'render_engine': 'matplotlib', 'style_context': 'default', 'style_profile_id': 'grayscale_no_grid', 'theme': 'light', 'tick_density': 'sparse', 'width_px': 1125, 'x_axis': {'label': 'Ability (theta)', 'max': 4.0, 'min': -4.0}, 'y_axis': {'label': 'Information', 'max': 4.170164, 'min': 0.0}}",matplotlib,light
"{'irt_model': {'expected': 'MixedDichotomousForm', 'observed': 'MixedDichotomousForm'}}",deterministic_reference_rubric_v1,"Parsed target JSON, compared fields to stored ground truth, and applied fixed rubric thresholds.",form_001_tif__dark_high_contrast__model_identification__oracle__deterministic_judge,3,1.0,True,form_001_tif__dark_high_contrast__model_identification__oracle,"{'field_scores': {'irt_model': 1}, 'reasoning_score': 2}",form_001_tif__dark_high_contrast,local_oracle_baseline,form_001_tif__dark_high_contrast__model_identification,3,model_identification,test_information,MixedDichotomousForm,dark_high_contrast,"{'color_palette': 'bright', 'gridlines': 'faint', 'height_px': 750, 'image_format': 'png', 'image_path': 'data/benchmark/images/form_001_tif__dark_high_contrast.png', 'legend_position': 'best', 'line_width': 2.6, 'num_rendered_lines': 1, 'render_engine': 'matplotlib', 'style_context': 'dark_background', 'style_profile_id': 'dark_high_contrast', 'theme': 'dark', 'tick_density': 'standard', 'width_px': 1125, 'x_axis': {'label': 'Ability (theta)', 'max': 4.0, 'min': -4.0}, 'y_axis': {'label': 'Information', 'max': 4.170164, 'min': 0.0}}",matplotlib,dark
"{'irt_model': {'expected': 'MixedDichotomousForm', 'observed': 'MixedDichotomousForm'}}",deterministic_reference_rubric_v1,"Parsed target JSON, compared fields to stored ground truth, and applied fixed rubric thresholds.",form_001_tif__dark_high_contrast__model_identification__noisy__deterministic_judge,3,0.6667,True,form_001_tif__dark_high_contrast__model_identification__noisy,"{'field_scores': {'irt_model': 1}, 'reasoning_score': 1}",form_001_tif__dark_high_contrast,local_noisy_baseline,form_001_tif__dark_high_contrast__model_identification,2,model_identification,test_information,MixedDichotomousForm,dark_high_contrast,"{'color_palette': 'bright', 'gridlines': 'faint', 'height_px': 750, 'image_format': 'png', 'image_path': 'data/benchmark/images/form_001_tif__dark_high_contrast.png', 'legend_position': 'best', 'line_width': 2.6, 'num_rendered_lines': 1, 'render_engine': 'matplotlib', 'style_context': 'dark_background', 'style_profile_id': 'dark_high_contrast', 'theme': 'dark', 'tick_density': 'standard', 'width_px': 1125, 'x_axis': {'label': 'Ability (theta)', 'max': 4.0, 'min': -4.0}, 'y_axis': {'label': 'Information', 'max': 4.170164, 'min': 0.0}}",matplotlib,dark
"{'irt_model': {'expected': 'MixedDichotomousForm', 'observed': '2PL'}}",deterministic_reference_rubric_v1,"Parsed target JSON, compared fields to stored ground truth, and applied fixed rubric thresholds.",form_001_tif__dark_high_contrast__model_identification__blind__deterministic_judge,3,0.3333,True,form_001_tif__dark_high_contrast__model_identification__blind,"{'field_scores': {'irt_model': 0}, 'reasoning_score': 1}",form_001_tif__dark_high_contrast,local_blind_baseline,form_001_tif__dark_high_contrast__model_identification,1,model_identification,test_information,MixedDichotomousForm,dark_high_contrast,"{'color_palette': 'bright', 'gridlines': 'faint', 'height_px': 750, 'image_format': 'png', 'image_path': 'data/benchmark/images/form_001_tif__dark_high_contrast.png', 'legend_position': 'best', 'line_width': 2.6, 'num_rendered_lines': 1, 'render_engine': 'matplotlib', 'style_context': 'dark_background', 'style_profile_id': 'dark_high_contrast', 'theme': 'dark', 'tick_density': 'standard', 'width_px': 1125, 'x_axis': {'label': 'Ability (theta)', 'max': 4.0, 'min': -4.0}, 'y_axis': {'label': 'Information', 'max': 4.170164, 'min': 0.0}}",matplotlib,dark
"{'peak_information': 0.0, 'peak_theta': 0.0}",deterministic_reference_rubric_v1,"Parsed target JSON, compared fields to stored ground truth, and applied fixed rubric thresholds.",form_001_tif__dark_high_contrast__information_peak__oracle__deterministic_judge,8,1.0,True,form_001_tif__dark_high_contrast__information_peak__oracle,"{'field_scores': {'peak_information': 3, 'peak_theta': 3}, 'reasoning_score': 2}",form_001_tif__dark_high_contrast,local_oracle_baseline,form_001_tif__dark_high_contrast__information_peak,8,information_peak,test_information,MixedDichotomousForm,dark_high_contrast,"{'color_palette': 'bright', 'gridlines': 'faint', 'height_px': 750, 'image_format': 'png', 'image_path': 'data/benchmark/images/form_001_tif__dark_high_contrast.png', 'legend_position': 'best', 'line_width': 2.6, 'num_rendered_lines': 1, 'render_engine': 'matplotlib', 'style_context': 'dark_background', 'style_profile_id': 'dark_high_contrast', 'theme': 'dark', 'tick_density': 'standard', 'width_px': 1125, 'x_axis': {'label': 'Ability (theta)', 'max': 4.0, 'min': -4.0}, 'y_axis': {'label': 'Information', 'max': 4.170164, 'min': 0.0}}",matplotlib,dark
"{'peak_information': 0.131, 'peak_theta': 0.1295}",deterministic_reference_rubric_v1,"Parsed target JSON, compared fields to stored ground truth, and applied fixed rubric thresholds.",form_001_tif__dark_high_contrast__information_peak__noisy__deterministic_judge,8,0.875,True,form_001_tif__dark_high_contrast__information_peak__noisy,"{'field_scores': {'peak_information': 3, 'peak_theta': 3}, 'reasoning_score': 1}",form_001_tif__dark_high_contrast,local_noisy_baseline,form_001_tif__dark_high_contrast__information_peak,7,information_peak,test_information,MixedDichotomousForm,dark_high_contrast,"{'color_palette': 'bright', 'gridlines': 'faint', 'height_px': 750, 'image_format': 'png', 'image_path': 'data/benchmark/images/form_001_tif__dark_high_contrast.png', 'legend_position': 'best', 'line_width': 2.6, 'num_rendered_lines': 1, 'render_engine': 'matplotlib', 'style_context': 'dark_background', 'style_profile_id': 'dark_high_contrast', 'theme': 'dark', 'tick_density': 'standard', 'width_px': 1125, 'x_axis': {'label': 'Ability (theta)', 'max': 4.0, 'min': -4.0}, 'y_axis': {'label': 'Information', 'max': 4.170164, 'min': 0.0}}",matplotlib,dark
"{'peak_information': 1.6001, 'peak_theta': 0.2544}",deterministic_reference_rubric_v1,"Parsed target JSON, compared fields to stored ground truth, and applied fixed rubric thresholds.",form_001_tif__dark_high_contrast__information_peak__blind__deterministic_judge,8,0.375,True,form_001_tif__dark_high_contrast__information_peak__blind,"{'field_scores': {'peak_information': 0, 'peak_theta': 2}, 'reasoning_score': 1}",form_001_tif__dark_high_contrast,local_blind_baseline,form_001_tif__dark_high_contrast__information_peak,3,information_peak,test_information,MixedDichotomousForm,dark_high_contrast,"{'color_palette': 'bright', 'gridlines': 'faint', 'height_px': 750, 'image_format': 'png', 'image_path': 'data/benchmark/images/form_001_tif__dark_high_contrast.png', 'legend_position': 'best', 'line_width': 2.6, 'num_rendered_lines': 1, 'render_engine': 'matplotlib', 'style_context': 'dark_background', 'style_profile_id': 'dark_high_contrast', 'theme': 'dark', 'tick_density': 'standard', 'width_px': 1125, 'x_axis': {'label': 'Ability (theta)', 'max': 4.0, 'min': -4.0}, 'y_axis': {'label': 'Information', 'max': 4.170164, 'min': 0.0}}",matplotlib,dark
"{'irt_model': {'expected': 'MixedDichotomousForm', 'observed': 'MixedDichotomousForm'}}",deterministic_reference_rubric_v1,"Parsed target JSON, compared fields to stored ground truth, and applied fixed rubric thresholds.",form_001_tif__lattice_emulation__model_identification__oracle__deterministic_judge,3,1.0,True,form_001_tif__lattice_emulation__model_identification__oracle,"{'field_scores': {'irt_model': 1}, 'reasoning_score': 2}",form_001_tif__lattice_emulation,local_oracle_baseline,form_001_tif__lattice_emulation__model_identification,3,model_identification,test_information,MixedDichotomousForm,lattice_emulation,"{'color_palette': 'colorblind', 'gridlines': 'faint', 'height_px': 750, 'image_format': 'png', 'image_path': 'data/benchmark/images/form_001_tif__lattice_emulation.png', 'legend_position': 'outside', 'line_width': 2.0, 'num_rendered_lines': 1, 'render_engine': 'matplotlib_lattice_emulation', 'style_context': 'classic', 'style_profile_id': 'lattice_emulation', 'theme': 'light', 'tick_density': 'standard', 'width_px': 1125, 'x_axis': {'label': 'Ability (theta)', 'max': 4.0, 'min': -4.0}, 'y_axis': {'label': 'Information', 'max': 4.170164, 'min': 0.0}}",matplotlib_lattice_emulation,light
"{'irt_model': {'expected': 'MixedDichotomousForm', 'observed': 'MixedDichotomousForm'}}",deterministic_reference_rubric_v1,"Parsed target JSON, compared fields to stored ground truth, and applied fixed rubric thresholds.",form_001_tif__lattice_emulation__model_identification__noisy__deterministic_judge,3,0.6667,True,form_001_tif__lattice_emulation__model_identification__noisy,"{'field_scores': {'irt_model': 1}, 'reasoning_score': 1}",form_001_tif__lattice_emulation,local_noisy_baseline,form_001_tif__lattice_emulation__model_identification,2,model_identification,test_information,MixedDichotomousForm,lattice_emulation,"{'color_palette': 'colorblind', 'gridlines': 'faint', 'height_px': 750, 'image_format': 'png', 'image_path': 'data/benchmark/images/form_001_tif__lattice_emulation.png', 'legend_position': 'outside', 'line_width': 2.0, 'num_rendered_lines': 1, 'render_engine': 'matplotlib_lattice_emulation', 'style_context': 'classic', 'style_profile_id': 'lattice_emulation', 'theme': 'light', 'tick_density': 'standard', 'width_px': 1125, 'x_axis': {'label': 'Ability (theta)', 'max': 4.0, 'min': -4.0}, 'y_axis': {'label': 'Information', 'max': 4.170164, 'min': 0.0}}",matplotlib_lattice_emulation,light
"{'irt_model': {'expected': 'MixedDichotomousForm', 'observed': '2PL'}}",deterministic_reference_rubric_v1,"Parsed target JSON, compared fields to stored ground truth, and applied fixed rubric thresholds.",form_001_tif__lattice_emulation__model_identification__blind__deterministic_judge,3,0.3333,True,form_001_tif__lattice_emulation__model_identification__blind,"{'field_scores': {'irt_model': 0}, 'reasoning_score': 1}",form_001_tif__lattice_emulation,local_blind_baseline,form_001_tif__lattice_emulation__model_identification,1,model_identification,test_information,MixedDichotomousForm,lattice_emulation,"{'color_palette': 'colorblind', 'gridlines': 'faint', 'height_px': 750, 'image_format': 'png', 'image_path': 'data/benchmark/images/form_001_tif__lattice_emulation.png', 'legend_position': 'outside', 'line_width': 2.0, 'num_rendered_lines': 1, 'render_engine': 'matplotlib_lattice_emulation', 'style_context': 'classic', 'style_profile_id': 'lattice_emulation', 'theme': 'light', 'tick_density': 'standard', 'width_px': 1125, 'x_axis': {'label': 'Ability (theta)', 'max': 4.0, 'min': -4.0}, 'y_axis': {'label': 'Information', 'max': 4.170164, 'min': 0.0}}",matplotlib_lattice_emulation,light
"{'peak_information': 0.0, 'peak_theta': 0.0}",deterministic_reference_rubric_v1,"Parsed target JSON, compared fields to stored ground truth, and applied fixed rubric thresholds.",form_001_tif__lattice_emulation__information_peak__oracle__deterministic_judge,8,1.0,True,form_001_tif__lattice_emulation__information_peak__oracle,"{'field_scores': {'peak_information': 3, 'peak_theta': 3}, 'reasoning_score': 2}",form_001_tif__lattice_emulation,local_oracle_baseline,form_001_tif__lattice_emulation__information_peak,8,information_peak,test_information,MixedDichotomousForm,lattice_emulation,"{'color_palette': 'colorblind', 'gridlines': 'faint', 'height_px': 750, 'image_format': 'png', 'image_path': 'data/benchmark/images/form_001_tif__lattice_emulation.png', 'legend_position': 'outside', 'line_width': 2.0, 'num_rendered_lines': 1, 'render_engine': 'matplotlib_lattice_emulation', 'style_context': 'classic', 'style_profile_id': 'lattice_emulation', 'theme': 'light', 'tick_density': 'standard', 'width_px': 1125, 'x_axis': {'label': 'Ability (theta)', 'max': 4.0, 'min': -4.0}, 'y_axis': {'label': 'Information', 'max': 4.170164, 'min': 0.0}}",matplotlib_lattice_emulation,light
"{'peak_information': 0.6612, 'peak_theta': 0.0542}",deterministic_reference_rubric_v1,"Parsed target JSON, compared fields to stored ground truth, and applied fixed rubric thresholds.",form_001_tif__lattice_emulation__information_peak__noisy__deterministic_judge,8,0.75,True,form_001_tif__lattice_emulation__information_peak__noisy,"{'field_scores': {'peak_information': 2, 'peak_theta': 3}, 'reasoning_score': 1}",form_001_tif__lattice_emulation,local_noisy_baseline,form_001_tif__lattice_emulation__information_peak,6,information_peak,test_information,MixedDichotomousForm,lattice_emulation,"{'color_palette': 'colorblind', 'gridlines': 'faint', 'height_px': 750, 'image_format': 'png', 'image_path': 'data/benchmark/images/form_001_tif__lattice_emulation.png', 'legend_position': 'outside', 'line_width': 2.0, 'num_rendered_lines': 1, 'render_engine': 'matplotlib_lattice_emulation', 'style_context': 'classic', 'style_profile_id': 'lattice_emulation', 'theme': 'light', 'tick_density': 'standard', 'width_px': 1125, 'x_axis': {'label': 'Ability (theta)', 'max': 4.0, 'min': -4.0}, 'y_axis': {'label': 'Information', 'max': 4.170164, 'min': 0.0}}",matplotlib_lattice_emulation,light
"{'peak_information': 0.7288, 'peak_theta': 0.561}",deterministic_reference_rubric_v1,"Parsed target JSON, compared fields to stored ground truth, and applied fixed rubric thresholds.",form_001_tif__lattice_emulation__information_peak__blind__deterministic_judge,8,0.5,True,form_001_tif__lattice_emulation__information_peak__blind,"{'field_scores': {'peak_information': 2, 'peak_theta': 1}, 'reasoning_score': 1}",form_001_tif__lattice_emulation,local_blind_baseline,form_001_tif__lattice_emulation__information_peak,4,information_peak,test_information,MixedDichotomousForm,lattice_emulation,"{'color_palette': 'colorblind', 'gridlines': 'faint', 'height_px': 750, 'image_format': 'png', 'image_path': 'data/benchmark/images/form_001_tif__lattice_emulation.png', 'legend_position': 'outside', 'line_width': 2.0, 'num_rendered_lines': 1, 'render_engine': 'matplotlib_lattice_emulation', 'style_context': 'classic', 'style_profile_id': 'lattice_emulation', 'theme': 'light', 'tick_density': 'standard', 'width_px': 1125, 'x_axis': {'label': 'Ability (theta)', 'max': 4.0, 'min': -4.0}, 'y_axis': {'label': 'Information', 'max': 4.170164, 'min': 0.0}}",matplotlib_lattice_emulation,light
